episodeId,amountMinor,failureCategory,paymentMethod,subscriptionStatus,failureCount,consecutiveFailureCount,subscriptionAgeDays,previousRecoveryRate,previousFailedPayments,previousNudges,nativeRetryPossible,downtimeActive,diagnosisConfidence,candidateAction,downtimeSeverity,caseAgeHours,recoveredWithin7Days
episode_00001,149900,CUSTOMER_AUTH_FAILURE,upi,pending,3,2,284,0.0,2,1,True,False,HIGH,STOP_AND_ESCALATE,none,23.173,0
episode_00002,29900,PAYMENT_METHOD_INVALID,upi,pending,3,1,93,0.0,1,0,True,False,HIGH,REQUEST_CARD_UPDATE,none,31.58,1
episode_00003,69900,MANDATE_OR_AUTH_INVALID,upi,pending,1,1,110,0.75,4,0,True,False,MEDIUM,WAIT_NATIVE_RETRY,none,11.001,0
episode_00004,29900,CUSTOMER_AUTH_FAILURE,upi,pending,2,1,149,0.25,4,0,True,False,HIGH,STOP_AND_ESCALATE,none,36.109,0
episode_00005,29900,UNKNOWN,emandate,pending,3,2,132,0.0,2,0,True,False,HIGH,SEND_NUDGE,none,49.11,0
episode_00006,69900,PAYMENT_METHOD_INVALID,netbanking,pending,2,1,81,0.0,3,0,True,False,HIGH,STOP_AND_ESCALATE,none,29.974,0
episode_00007,149900,TEMPORARY_FUNDS,emandate,pending,2,1,141,0.666667,3,2,True,False,HIGH,WAIT_NATIVE_RETRY,none,30.344,0
episode_00008,149900,UNKNOWN,card,pending,1,3,75,0.333333,3,3,True,False,LOW,WAIT_NATIVE_RETRY,none,34.464,1
episode_00009,29900,CUSTOMER_AUTH_FAILURE,card,pending,3,1,90,1.0,3,1,True,False,MEDIUM,WAIT_NATIVE_RETRY,none,28.422,0
episode_00010,149900,PAYMENT_METHOD_INVALID,upi,halted,2,1,147,0.666667,3,0,False,False,HIGH,WAIT_NATIVE_RETRY,none,8.982,0
episode_00011,29900,TEMPORARY_FUNDS,card,pending,1,1,102,0.0,1,1,True,False,HIGH,SEND_NUDGE,none,27.576,0
episode_00012,149900,TEMPORARY_FUNDS,card,pending,2,6,127,1.0,1,0,True,False,HIGH,STOP_AND_ESCALATE,none,0.668,1
episode_00013,149900,BANK_OR_NETWORK,netbanking,pending,2,3,275,0.0,2,1,True,False,HIGH,REQUEST_CARD_UPDATE,none,8.144,1
episode_00014,29900,TEMPORARY_FUNDS,netbanking,pending,1,4,90,0.0,0,0,True,False,HIGH,WAIT_NATIVE_RETRY,none,33.802,1
episode_00015,29900,PAYMENT_METHOD_INVALID,netbanking,pending,2,1,142,0.2,5,0,True,False,LOW,SEND_NUDGE,none,23.768,0
episode_00016,29900,UNKNOWN,card,halted,2,2,215,0.5,4,1,False,False,MEDIUM,STOP_AND_ESCALATE,none,27.603,1
episode_00017,149900,TEMPORARY_FUNDS,upi,halted,1,1,275,0.0,2,1,False,False,HIGH,STOP_AND_ESCALATE,none,14.203,1
episode_00018,29900,CUSTOMER_AUTH_FAILURE,upi,pending,1,1,271,0.0,1,1,True,False,HIGH,REQUEST_CARD_UPDATE,none,38.159,1
episode_00019,69900,TEMPORARY_FUNDS,upi,pending,3,2,510,1.0,2,0,True,False,HIGH,SEND_NUDGE,none,11.923,1
episode_00020,69900,BANK_OR_NETWORK,upi,pending,2,2,59,0.0,2,0,True,False,HIGH,REQUEST_CARD_UPDATE,none,28.446,0
episode_00021,29900,PAYMENT_METHOD_INVALID,upi,halted,1,3,286,0.333333,3,0,False,False,HIGH,STOP_AND_ESCALATE,none,122.119,0
episode_00022,69900,CUSTOMER_AUTH_FAILURE,emandate,pending,2,1,112,1.0,2,1,True,False,HIGH,SEND_NUDGE,none,19.273,0
episode_00023,69900,TEMPORARY_FUNDS,emandate,pending,1,1,255,0.0,2,2,True,False,HIGH,REQUEST_CARD_UPDATE,none,100.251,1
episode_00024,29900,PAYMENT_METHOD_INVALID,card,halted,3,2,191,0.0,2,1,False,False,LOW,REQUEST_CARD_UPDATE,none,64.018,0
episode_00025,29900,CUSTOMER_AUTH_FAILURE,upi,halted,2,1,51,0.0,2,0,False,False,LOW,SEND_NUDGE,none,3.532,0
episode_00026,149900,TEMPORARY_FUNDS,upi,pending,2,1,393,0.333333,3,0,True,False,HIGH,REQUEST_CARD_UPDATE,none,38.06,1
episode_00027,29900,CUSTOMER_AUTH_FAILURE,upi,pending,3,1,142,0.0,3,3,True,False,MEDIUM,REQUEST_CARD_UPDATE,none,30.148,0
episode_00028,29900,TEMPORARY_FUNDS,card,pending,2,1,32,0.0,0,0,True,False,HIGH,STOP_AND_ESCALATE,none,3.942,1
episode_00029,69900,PAYMENT_METHOD_INVALID,emandate,pending,2,5,109,0.0,2,0,True,False,MEDIUM,STOP_AND_ESCALATE,none,33.856,0
episode_00030,29900,UNKNOWN,card,pending,2,1,66,0.0,0,0,True,False,LOW,WAIT_NATIVE_RETRY,none,40.544,0
episode_00031,29900,TEMPORARY_FUNDS,card,pending,1,2,396,0.0,1,2,True,False,HIGH,SEND_NUDGE,none,37.415,0
episode_00032,29900,TEMPORARY_FUNDS,card,halted,2,2,25,0.0,0,2,False,False,HIGH,WAIT_NATIVE_RETRY,none,19.098,0
episode_00033,29900,UNKNOWN,card,pending,1,1,51,0.25,4,1,True,True,MEDIUM,STOP_AND_ESCALATE,medium,26.664,0
episode_00034,69900,TEMPORARY_FUNDS,upi,pending,1,1,53,1.0,1,1,True,False,MEDIUM,WAIT_NATIVE_RETRY,none,54.597,0
episode_00035,69900,BANK_OR_NETWORK,upi,pending,2,2,188,0.666667,3,3,True,True,HIGH,WAIT_NATIVE_RETRY,high,33.961,1
episode_00036,29900,CUSTOMER_AUTH_FAILURE,card,halted,2,2,461,0.333333,3,0,False,False,HIGH,REQUEST_CARD_UPDATE,none,49.645,0
episode_00037,29900,UNKNOWN,card,pending,3,1,48,0.0,1,0,True,False,MEDIUM,WAIT_NATIVE_RETRY,none,9.96,1
episode_00038,29900,PAYMENT_METHOD_INVALID,card,pending,1,2,31,1.0,1,0,True,False,HIGH,WAIT_NATIVE_RETRY,none,20.171,0
episode_00039,29900,CUSTOMER_AUTH_FAILURE,emandate,pending,1,1,232,1.0,2,1,True,False,MEDIUM,STOP_AND_ESCALATE,none,10.481,0
episode_00040,149900,TEMPORARY_FUNDS,card,pending,2,1,294,0.8,5,2,True,False,HIGH,REQUEST_CARD_UPDATE,none,62.162,1
episode_00041,69900,TEMPORARY_FUNDS,emandate,halted,1,2,146,0.333333,3,3,False,False,HIGH,WAIT_NATIVE_RETRY,none,52.112,0
episode_00042,69900,CUSTOMER_AUTH_FAILURE,emandate,pending,1,2,126,0.0,3,0,True,False,LOW,SEND_NUDGE,none,66.685,1
episode_00043,69900,CUSTOMER_AUTH_FAILURE,card,pending,2,3,67,0.333333,3,0,True,False,HIGH,WAIT_NATIVE_RETRY,none,34.524,1
episode_00044,149900,PAYMENT_METHOD_INVALID,upi,pending,4,2,170,1.0,3,0,True,False,LOW,STOP_AND_ESCALATE,none,10.567,1
episode_00045,149900,CUSTOMER_AUTH_FAILURE,emandate,pending,1,1,63,0.5,2,2,True,False,HIGH,REQUEST_CARD_UPDATE,none,8.794,1
episode_00046,149900,TEMPORARY_FUNDS,card,pending,2,2,180,0.5,4,3,True,False,HIGH,WAIT_NATIVE_RETRY,none,38.715,1
episode_00047,29900,PAYMENT_METHOD_INVALID,emandate,pending,3,1,401,0.0,0,0,True,False,MEDIUM,WAIT_NATIVE_RETRY,none,28.16,0
episode_00048,69900,PAYMENT_METHOD_INVALID,emandate,pending,1,3,131,0.0,0,2,True,True,HIGH,REQUEST_CARD_UPDATE,low,22.965,1
episode_00049,149900,CUSTOMER_AUTH_FAILURE,card,pending,2,2,171,0.0,3,3,True,False,MEDIUM,WAIT_NATIVE_RETRY,none,8.057,0
episode_00050,149900,CUSTOMER_AUTH_FAILURE,upi,pending,2,2,280,0.666667,3,0,True,False,HIGH,WAIT_NATIVE_RETRY,none,20.09,1
episode_00051,29900,UNKNOWN,card,pending,1,1,94,1.0,2,0,True,False,HIGH,SEND_NUDGE,none,33.431,1
episode_00052,29900,UNKNOWN,upi,halted,1,4,268,0.0,0,0,False,False,MEDIUM,STOP_AND_ESCALATE,none,40.572,0
episode_00053,69900,UNKNOWN,card,pending,2,4,37,0.0,3,1,True,False,LOW,REQUEST_CARD_UPDATE,none,13.534,0
episode_00054,149900,BANK_OR_NETWORK,upi,pending,2,2,206,0.0,1,0,True,False,HIGH,REQUEST_CARD_UPDATE,none,35.148,0
episode_00055,29900,MANDATE_OR_AUTH_INVALID,emandate,pending,2,4,70,0.0,1,0,True,False,HIGH,REQUEST_CARD_UPDATE,none,46.479,1
episode_00056,69900,PAYMENT_METHOD_INVALID,card,pending,2,2,37,1.0,2,0,True,True,HIGH,WAIT_NATIVE_RETRY,low,46.104,1
episode_00057,69900,UNKNOWN,unknown,pending,2,2,146,0.5,2,2,True,True,LOW,WAIT_NATIVE_RETRY,low,93.911,1
episode_00058,149900,UNKNOWN,upi,pending,5,2,180,0.5,2,3,True,False,LOW,SEND_NUDGE,none,20.067,0
episode_00059,69900,BANK_OR_NETWORK,netbanking,pending,2,1,239,0.0,0,2,True,False,LOW,WAIT_NATIVE_RETRY,none,19.949,1
episode_00060,29900,TEMPORARY_FUNDS,card,pending,3,2,383,0.666667,3,1,True,False,HIGH,WAIT_NATIVE_RETRY,none,43.397,0
episode_00061,29900,TEMPORARY_FUNDS,unknown,pending,3,1,225,0.666667,3,1,True,False,HIGH,REQUEST_CARD_UPDATE,none,114.952,0
episode_00062,69900,CUSTOMER_AUTH_FAILURE,upi,pending,2,1,42,0.0,4,0,True,False,HIGH,SEND_NUDGE,none,28.977,0
episode_00063,69900,TEMPORARY_FUNDS,emandate,pending,3,2,367,1.0,1,0,True,True,HIGH,WAIT_NATIVE_RETRY,high,98.272,1
episode_00064,69900,BANK_OR_NETWORK,netbanking,pending,4,1,17,1.0,1,0,True,False,HIGH,SEND_NUDGE,none,8.279,1
episode_00065,29900,MANDATE_OR_AUTH_INVALID,card,halted,1,2,46,0.5,4,0,False,False,HIGH,REQUEST_CARD_UPDATE,none,23.347,0
episode_00066,69900,CUSTOMER_AUTH_FAILURE,card,halted,2,1,310,0.0,1,0,False,False,HIGH,SEND_NUDGE,none,40.302,1
episode_00067,29900,CUSTOMER_AUTH_FAILURE,card,pending,2,3,355,0.0,1,0,True,False,HIGH,WAIT_NATIVE_RETRY,none,30.889,0
episode_00068,29900,BANK_OR_NETWORK,upi,pending,2,4,206,0.0,1,0,True,True,HIGH,REQUEST_CARD_UPDATE,low,33.064,0
episode_00069,69900,BANK_OR_NETWORK,netbanking,halted,1,3,37,0.5,4,3,False,False,MEDIUM,STOP_AND_ESCALATE,none,120.105,0
episode_00070,149900,PAYMENT_METHOD_INVALID,card,halted,2,3,133,0.0,0,1,False,False,MEDIUM,STOP_AND_ESCALATE,none,20.743,0
episode_00071,149900,PAYMENT_METHOD_INVALID,card,pending,3,2,46,0.0,0,2,True,False,HIGH,SEND_NUDGE,none,17.493,0
episode_00072,69900,TEMPORARY_FUNDS,card,halted,4,1,48,0.25,4,0,False,False,HIGH,STOP_AND_ESCALATE,none,59.39,1
episode_00073,29900,PAYMENT_METHOD_INVALID,emandate,pending,2,2,197,0.6,5,0,True,False,MEDIUM,STOP_AND_ESCALATE,none,14.521,0
episode_00074,29900,PAYMENT_METHOD_INVALID,card,pending,3,3,50,0.0,2,1,True,False,LOW,SEND_NUDGE,none,31.264,1
episode_00075,69900,TEMPORARY_FUNDS,emandate,pending,2,2,101,1.0,3,1,True,True,HIGH,REQUEST_CARD_UPDATE,medium,28.465,0
episode_00076,69900,PAYMENT_METHOD_INVALID,emandate,pending,2,2,250,1.0,3,3,True,False,LOW,STOP_AND_ESCALATE,none,46.27,0
episode_00077,29900,PAYMENT_METHOD_INVALID,upi,pending,2,1,95,0.333333,3,0,True,False,HIGH,WAIT_NATIVE_RETRY,none,14.007,1
episode_00078,29900,TEMPORARY_FUNDS,card,pending,3,3,475,0.0,2,0,True,False,HIGH,SEND_NUDGE,none,17.642,1
episode_00079,29900,CUSTOMER_AUTH_FAILURE,card,pending,3,2,241,1.0,3,0,True,False,MEDIUM,STOP_AND_ESCALATE,none,37.076,0
episode_00080,69900,TEMPORARY_FUNDS,card,halted,3,1,31,0.666667,3,2,False,False,MEDIUM,WAIT_NATIVE_RETRY,none,79.085,1
episode_00081,29900,TEMPORARY_FUNDS,card,pending,4,3,178,0.0,4,0,True,False,HIGH,REQUEST_CARD_UPDATE,none,38.449,0
episode_00082,69900,BANK_OR_NETWORK,card,pending,2,2,127,1.0,2,0,True,False,HIGH,WAIT_NATIVE_RETRY,none,35.866,1
episode_00083,69900,PAYMENT_METHOD_INVALID,emandate,pending,2,3,177,0.6,5,0,True,True,HIGH,STOP_AND_ESCALATE,medium,12.652,0
episode_00084,29900,MANDATE_OR_AUTH_INVALID,upi,pending,1,2,291,0.0,2,1,True,False,HIGH,SEND_NUDGE,none,10.115,0
episode_00085,29900,UNKNOWN,card,pending,2,4,454,0.0,0,0,True,False,LOW,WAIT_NATIVE_RETRY,none,53.502,1
episode_00086,29900,BANK_OR_NETWORK,card,pending,1,1,154,0.0,0,0,True,False,HIGH,WAIT_NATIVE_RETRY,none,35.768,1
episode_00087,149900,UNKNOWN,card,halted,2,3,89,0.5,2,1,False,False,LOW,REQUEST_CARD_UPDATE,none,9.519,0
episode_00088,29900,BANK_OR_NETWORK,card,pending,2,2,577,1.0,1,0,True,False,MEDIUM,WAIT_NATIVE_RETRY,none,117.19,0
episode_00089,69900,MANDATE_OR_AUTH_INVALID,card,pending,3,2,259,0.0,1,2,True,False,MEDIUM,WAIT_NATIVE_RETRY,none,34.333,0
episode_00090,69900,BANK_OR_NETWORK,netbanking,pending,3,1,97,0.0,0,0,True,False,HIGH,WAIT_NATIVE_RETRY,none,34.398,1
episode_00091,69900,TEMPORARY_FUNDS,card,pending,1,1,162,0.0,3,0,True,False,HIGH,REQUEST_CARD_UPDATE,none,21.982,0
episode_00092,29900,CUSTOMER_AUTH_FAILURE,upi,pending,4,3,62,0.0,5,1,True,False,HIGH,STOP_AND_ESCALATE,none,32.918,0
episode_00093,69900,BANK_OR_NETWORK,card,pending,1,1,36,0.0,1,0,True,False,MEDIUM,STOP_AND_ESCALATE,none,24.6,0
episode_00094,29900,BANK_OR_NETWORK,emandate,pending,3,1,243,0.0,3,0,True,False,LOW,WAIT_NATIVE_RETRY,none,92.557,1
episode_00095,29900,PAYMENT_METHOD_INVALID,card,pending,2,2,684,0.0,1,0,True,True,HIGH,WAIT_NATIVE_RETRY,high,35.298,0
episode_00096,29900,PAYMENT_METHOD_INVALID,upi,halted,2,1,160,1.0,2,0,False,False,MEDIUM,REQUEST_CARD_UPDATE,none,30.269,0
episode_00097,69900,TEMPORARY_FUNDS,unknown,pending,1,2,399,0.0,0,0,True,True,HIGH,REQUEST_CARD_UPDATE,high,22.739,0
episode_00098,29900,PAYMENT_METHOD_INVALID,upi,pending,2,1,117,0.25,4,2,True,False,HIGH,WAIT_NATIVE_RETRY,none,23.976,1
episode_00099,69900,CUSTOMER_AUTH_FAILURE,unknown,pending,1,1,197,0.4,5,1,True,False,HIGH,SEND_NUDGE,none,14.7,0
episode_00100,29900,CUSTOMER_AUTH_FAILURE,upi,pending,3,1,241,1.0,4,1,True,False,HIGH,SEND_NUDGE,none,17.995,1
episode_00101,29900,BANK_OR_NETWORK,upi,halted,3,3,70,0.0,1,1,False,False,HIGH,WAIT_NATIVE_RETRY,none,17.62,1
episode_00102,69900,BANK_OR_NETWORK,card,pending,1,2,160,0.0,5,0,True,False,LOW,STOP_AND_ESCALATE,none,11.146,0
episode_00103,69900,CUSTOMER_AUTH_FAILURE,emandate,pending,2,2,278,0.0,0,0,True,False,HIGH,SEND_NUDGE,none,48.46,1
episode_00104,69900,BANK_OR_NETWORK,upi,pending,2,1,98,1.0,3,1,True,False,LOW,WAIT_NATIVE_RETRY,none,15.567,1
episode_00105,69900,PAYMENT_METHOD_INVALID,card,pending,1,2,188,1.0,2,1,True,True,HIGH,WAIT_NATIVE_RETRY,high,4.479,0
episode_00106,149900,UNKNOWN,card,pending,2,2,390,0.666667,3,2,True,False,LOW,STOP_AND_ESCALATE,none,82.678,0
episode_00107,69900,BANK_OR_NETWORK,card,pending,1,2,299,0.0,1,1,True,False,MEDIUM,WAIT_NATIVE_RETRY,none,28.245,1
episode_00108,29900,CUSTOMER_AUTH_FAILURE,card,halted,1,2,136,1.0,4,1,False,False,HIGH,REQUEST_CARD_UPDATE,none,15.316,1
episode_00109,29900,PAYMENT_METHOD_INVALID,upi,pending,1,3,159,0.0,3,2,True,False,HIGH,REQUEST_CARD_UPDATE,none,19.854,0
episode_00110,29900,CUSTOMER_AUTH_FAILURE,card,pending,2,3,71,1.0,3,1,True,False,HIGH,SEND_NUDGE,none,19.528,0
episode_00111,69900,TEMPORARY_FUNDS,upi,pending,2,2,134,0.0,1,1,True,False,HIGH,WAIT_NATIVE_RETRY,none,3.639,1
episode_00112,69900,CUSTOMER_AUTH_FAILURE,emandate,halted,3,3,61,0.0,0,2,False,False,HIGH,REQUEST_CARD_UPDATE,none,36.123,0
episode_00113,29900,MANDATE_OR_AUTH_INVALID,upi,halted,2,1,312,0.0,0,1,False,False,HIGH,WAIT_NATIVE_RETRY,none,30.513,0
episode_00114,149900,UNKNOWN,card,pending,1,2,28,0.0,1,1,True,False,MEDIUM,WAIT_NATIVE_RETRY,none,22.929,1
episode_00115,149900,TEMPORARY_FUNDS,upi,pending,2,3,275,0.0,2,2,True,False,MEDIUM,REQUEST_CARD_UPDATE,none,22.989,0
episode_00116,29900,TEMPORARY_FUNDS,card,halted,2,4,250,0.5,2,0,False,False,HIGH,WAIT_NATIVE_RETRY,none,21.135,0
episode_00117,69900,PAYMENT_METHOD_INVALID,card,halted,1,1,95,0.0,0,0,False,False,HIGH,WAIT_NATIVE_RETRY,none,16.366,0
episode_00118,69900,BANK_OR_NETWORK,unknown,pending,1,2,68,1.0,1,0,True,False,LOW,WAIT_NATIVE_RETRY,none,62.009,1
episode_00119,29900,UNKNOWN,upi,pending,2,1,122,0.0,3,1,True,False,LOW,REQUEST_CARD_UPDATE,none,165.025,0
episode_00120,29900,TEMPORARY_FUNDS,card,pending,2,4,225,0.0,3,2,True,False,HIGH,SEND_NUDGE,none,36.699,0
episode_00121,29900,UNKNOWN,card,halted,2,3,230,1.0,1,1,False,False,LOW,REQUEST_CARD_UPDATE,none,34.982,1
episode_00122,29900,TEMPORARY_FUNDS,upi,pending,3,2,47,0.0,0,0,True,False,LOW,WAIT_NATIVE_RETRY,none,56.773,1
episode_00123,29900,CUSTOMER_AUTH_FAILURE,upi,pending,2,1,126,0.5,2,0,True,False,HIGH,SEND_NUDGE,none,28.959,0
episode_00124,29900,PAYMENT_METHOD_INVALID,upi,pending,3,1,83,0.0,1,2,True,True,HIGH,STOP_AND_ESCALATE,low,22.361,0
episode_00125,69900,PAYMENT_METHOD_INVALID,card,pending,1,2,122,1.0,1,1,True,False,MEDIUM,STOP_AND_ESCALATE,none,21.028,0
episode_00126,69900,PAYMENT_METHOD_INVALID,netbanking,pending,5,1,85,0.0,1,0,True,False,HIGH,STOP_AND_ESCALATE,none,6.481,0
episode_00127,69900,CUSTOMER_AUTH_FAILURE,card,pending,2,1,221,0.5,2,0,True,False,HIGH,WAIT_NATIVE_RETRY,none,10.822,1
episode_00128,29900,CUSTOMER_AUTH_FAILURE,card,halted,1,2,280,0.0,2,1,False,False,MEDIUM,STOP_AND_ESCALATE,none,11.776,0
episode_00129,29900,BANK_OR_NETWORK,upi,pending,3,1,479,1.0,1,3,True,False,MEDIUM,REQUEST_CARD_UPDATE,none,41.502,0
episode_00130,149900,MANDATE_OR_AUTH_INVALID,card,pending,2,1,345,0.0,0,2,True,False,HIGH,WAIT_NATIVE_RETRY,none,14.37,0
episode_00131,149900,CUSTOMER_AUTH_FAILURE,card,pending,1,1,105,1.0,2,0,True,False,MEDIUM,REQUEST_CARD_UPDATE,none,96.952,0
episode_00132,69900,BANK_OR_NETWORK,card,pending,2,1,715,0.0,1,0,True,False,HIGH,WAIT_NATIVE_RETRY,none,40.2,1
episode_00133,69900,BANK_OR_NETWORK,card,halted,2,2,89,0.333333,3,0,False,False,HIGH,REQUEST_CARD_UPDATE,none,13.564,0
episode_00134,69900,TEMPORARY_FUNDS,upi,pending,2,2,198,0.5,2,0,True,False,MEDIUM,REQUEST_CARD_UPDATE,none,44.917,1
episode_00135,149900,BANK_OR_NETWORK,upi,pending,1,1,112,0.0,4,0,True,False,LOW,STOP_AND_ESCALATE,none,40.175,0
episode_00136,29900,TEMPORARY_FUNDS,card,pending,2,3,181,0.0,0,0,True,False,HIGH,STOP_AND_ESCALATE,none,19.121,0
episode_00137,69900,BANK_OR_NETWORK,upi,pending,2,1,23,0.666667,3,0,True,False,HIGH,SEND_NUDGE,none,18.61,0
episode_00138,149900,CUSTOMER_AUTH_FAILURE,card,pending,2,2,176,1.0,2,0,True,False,LOW,WAIT_NATIVE_RETRY,none,38.437,1
episode_00139,29900,PAYMENT_METHOD_INVALID,card,halted,3,2,236,1.0,1,1,False,False,HIGH,WAIT_NATIVE_RETRY,none,25.651,0
episode_00140,29900,TEMPORARY_FUNDS,upi,pending,2,3,133,0.0,0,0,True,False,HIGH,WAIT_NATIVE_RETRY,none,27.841,0
episode_00141,29900,PAYMENT_METHOD_INVALID,card,pending,3,3,38,0.5,2,1,True,False,HIGH,WAIT_NATIVE_RETRY,none,42.509,1
episode_00142,149900,UNKNOWN,card,pending,2,1,75,0.666667,3,2,True,False,LOW,STOP_AND_ESCALATE,none,48.775,0
episode_00143,69900,MANDATE_OR_AUTH_INVALID,card,pending,3,1,145,0.5,4,1,True,False,HIGH,REQUEST_CARD_UPDATE,none,35.602,1
episode_00144,69900,CUSTOMER_AUTH_FAILURE,card,halted,1,1,114,0.0,4,0,False,False,HIGH,SEND_NUDGE,none,44.918,0
episode_00145,69900,TEMPORARY_FUNDS,unknown,pending,1,3,38,0.0,1,0,True,False,MEDIUM,SEND_NUDGE,none,42.077,1
episode_00146,69900,CUSTOMER_AUTH_FAILURE,card,pending,3,2,133,0.75,4,0,True,False,MEDIUM,STOP_AND_ESCALATE,none,8.023,0
episode_00147,69900,CUSTOMER_AUTH_FAILURE,card,pending,2,1,36,0.0,3,0,True,False,MEDIUM,SEND_NUDGE,none,5.046,0
episode_00148,69900,CUSTOMER_AUTH_FAILURE,netbanking,pending,3,1,314,1.0,1,0,True,False,HIGH,WAIT_NATIVE_RETRY,none,55.957,0
episode_00149,29900,PAYMENT_METHOD_INVALID,card,pending,2,1,379,0.0,0,0,True,False,HIGH,SEND_NUDGE,none,49.631,0
episode_00150,29900,TEMPORARY_FUNDS,upi,pending,2,1,82,1.0,1,2,True,False,HIGH,REQUEST_CARD_UPDATE,none,37.424,0
episode_00151,69900,TEMPORARY_FUNDS,card,pending,3,1,100,1.0,1,0,True,True,MEDIUM,WAIT_NATIVE_RETRY,medium,61.826,1
episode_00152,149900,BANK_OR_NETWORK,card,pending,4,5,387,0.428571,7,3,True,False,HIGH,REQUEST_CARD_UPDATE,none,32.4,0
episode_00153,69900,TEMPORARY_FUNDS,card,halted,3,1,222,0.0,1,0,False,False,LOW,SEND_NUDGE,none,97.021,1
episode_00154,149900,MANDATE_OR_AUTH_INVALID,card,pending,3,4,76,0.0,5,0,True,False,HIGH,WAIT_NATIVE_RETRY,none,22.695,0
episode_00155,69900,CUSTOMER_AUTH_FAILURE,upi,pending,4,2,244,1.0,1,0,True,False,HIGH,REQUEST_CARD_UPDATE,none,149.679,1
episode_00156,69900,PAYMENT_METHOD_INVALID,card,pending,2,1,96,0.5,2,1,True,False,MEDIUM,REQUEST_CARD_UPDATE,none,22.299,1
episode_00157,69900,TEMPORARY_FUNDS,card,pending,2,2,72,1.0,1,1,True,False,HIGH,REQUEST_CARD_UPDATE,none,35.45,1
episode_00158,69900,TEMPORARY_FUNDS,unknown,pending,1,4,124,0.5,2,0,True,False,HIGH,STOP_AND_ESCALATE,none,0.564,0
episode_00159,149900,TEMPORARY_FUNDS,card,pending,3,1,123,1.0,1,0,True,False,MEDIUM,SEND_NUDGE,none,8.684,1
episode_00160,29900,UNKNOWN,card,pending,3,1,237,1.0,3,1,True,False,MEDIUM,STOP_AND_ESCALATE,none,3.006,1
episode_00161,29900,BANK_OR_NETWORK,card,pending,1,2,60,0.0,3,3,True,False,HIGH,SEND_NUDGE,none,70.466,0
episode_00162,69900,TEMPORARY_FUNDS,unknown,pending,4,1,39,0.0,2,0,True,False,HIGH,SEND_NUDGE,none,9.513,1
episode_00163,149900,MANDATE_OR_AUTH_INVALID,card,pending,2,1,285,0.0,1,1,True,False,HIGH,WAIT_NATIVE_RETRY,none,9.42,1
episode_00164,149900,UNKNOWN,card,pending,2,2,151,0.25,4,0,True,False,LOW,REQUEST_CARD_UPDATE,none,13.058,0
episode_00165,69900,BANK_OR_NETWORK,card,halted,3,1,130,0.333333,3,0,False,True,HIGH,SEND_NUDGE,medium,6.4,0
episode_00166,69900,BANK_OR_NETWORK,emandate,pending,1,1,286,0.0,2,1,True,True,MEDIUM,STOP_AND_ESCALATE,medium,38.02,0
episode_00167,149900,UNKNOWN,card,pending,5,2,237,0.75,4,1,True,False,LOW,REQUEST_CARD_UPDATE,none,26.018,0
episode_00168,69900,PAYMENT_METHOD_INVALID,card,pending,2,2,256,0.0,4,0,True,True,LOW,WAIT_NATIVE_RETRY,medium,14.934,0
episode_00169,29900,MANDATE_OR_AUTH_INVALID,emandate,pending,4,3,81,0.5,2,2,True,False,MEDIUM,WAIT_NATIVE_RETRY,none,27.766,0
episode_00170,29900,TEMPORARY_FUNDS,upi,pending,3,1,95,1.0,3,1,True,False,HIGH,SEND_NUDGE,none,53.856,1
episode_00171,29900,CUSTOMER_AUTH_FAILURE,upi,pending,1,2,379,1.0,2,0,True,False,HIGH,SEND_NUDGE,none,18.942,1
episode_00172,149900,PAYMENT_METHOD_INVALID,card,pending,1,2,229,1.0,2,2,True,False,HIGH,REQUEST_CARD_UPDATE,none,9.775,1
episode_00173,29900,MANDATE_OR_AUTH_INVALID,upi,halted,1,2,119,0.8,5,3,False,True,HIGH,WAIT_NATIVE_RETRY,low,10.012,0
episode_00174,29900,BANK_OR_NETWORK,netbanking,pending,3,1,145,0.0,3,2,True,False,MEDIUM,STOP_AND_ESCALATE,none,18.84,0
episode_00175,29900,PAYMENT_METHOD_INVALID,card,pending,2,1,186,1.0,1,1,True,False,HIGH,WAIT_NATIVE_RETRY,none,8.726,0
episode_00176,29900,UNKNOWN,card,pending,2,2,327,0.666667,3,0,True,False,LOW,REQUEST_CARD_UPDATE,none,17.297,0
episode_00177,29900,TEMPORARY_FUNDS,card,pending,4,1,447,0.0,1,0,True,False,MEDIUM,SEND_NUDGE,none,17.892,1
episode_00178,149900,TEMPORARY_FUNDS,card,pending,2,1,201,0.0,1,0,True,False,HIGH,REQUEST_CARD_UPDATE,none,35.329,0
episode_00179,29900,PAYMENT_METHOD_INVALID,card,pending,3,2,410,1.0,1,0,True,False,HIGH,WAIT_NATIVE_RETRY,none,17.407,0
episode_00180,29900,TEMPORARY_FUNDS,card,pending,2,2,120,1.0,2,3,True,False,HIGH,WAIT_NATIVE_RETRY,none,19.133,0
episode_00181,69900,TEMPORARY_FUNDS,upi,halted,2,2,220,0.5,2,0,False,False,HIGH,SEND_NUDGE,none,42.085,1
episode_00182,29900,BANK_OR_NETWORK,upi,pending,2,3,389,0.5,4,0,True,False,HIGH,REQUEST_CARD_UPDATE,none,11.653,0
episode_00183,29900,CUSTOMER_AUTH_FAILURE,upi,halted,2,1,278,0.75,4,3,False,False,HIGH,SEND_NUDGE,none,34.348,0
episode_00184,29900,CUSTOMER_AUTH_FAILURE,upi,pending,1,3,210,0.0,0,3,True,False,HIGH,WAIT_NATIVE_RETRY,none,15.733,1
episode_00185,29900,CUSTOMER_AUTH_FAILURE,card,pending,1,4,208,0.0,2,0,True,False,LOW,REQUEST_CARD_UPDATE,none,27.709,0
episode_00186,69900,CUSTOMER_AUTH_FAILURE,upi,pending,2,1,270,0.5,2,2,True,False,HIGH,REQUEST_CARD_UPDATE,none,11.03,0
episode_00187,29900,TEMPORARY_FUNDS,card,pending,1,1,312,0.5,2,0,True,False,MEDIUM,WAIT_NATIVE_RETRY,none,71.514,1
episode_00188,29900,TEMPORARY_FUNDS,card,pending,3,1,26,0.0,0,1,True,False,HIGH,WAIT_NATIVE_RETRY,none,20.316,0
episode_00189,29900,TEMPORARY_FUNDS,netbanking,pending,1,1,87,0.0,1,0,True,False,MEDIUM,WAIT_NATIVE_RETRY,none,43.018,0
episode_00190,149900,TEMPORARY_FUNDS,card,pending,2,2,219,0.333333,3,0,True,False,HIGH,SEND_NUDGE,none,22.669,1
episode_00191,69900,BANK_OR_NETWORK,card,pending,2,1,64,0.5,2,0,True,False,MEDIUM,WAIT_NATIVE_RETRY,none,97.93,1
episode_00192,29900,UNKNOWN,card,pending,1,1,29,0.0,3,0,True,False,MEDIUM,SEND_NUDGE,none,7.936,1
episode_00193,29900,PAYMENT_METHOD_INVALID,upi,pending,2,3,149,1.0,1,0,True,False,HIGH,SEND_NUDGE,none,4.473,0
episode_00194,29900,BANK_OR_NETWORK,card,halted,1,2,170,0.2,5,0,False,False,HIGH,SEND_NUDGE,none,7.144,0
episode_00195,69900,PAYMENT_METHOD_INVALID,upi,pending,1,3,121,0.333333,3,0,True,False,MEDIUM,STOP_AND_ESCALATE,none,58.721,0
episode_00196,69900,CUSTOMER_AUTH_FAILURE,card,pending,1,1,123,1.0,1,1,True,False,HIGH,REQUEST_CARD_UPDATE,none,18.807,1
episode_00197,29900,UNKNOWN,card,pending,1,1,189,1.0,1,0,True,False,LOW,REQUEST_CARD_UPDATE,none,30.239,1
episode_00198,69900,CUSTOMER_AUTH_FAILURE,card,pending,2,1,247,0.0,1,1,True,False,HIGH,WAIT_NATIVE_RETRY,none,24.873,0
episode_00199,69900,PAYMENT_METHOD_INVALID,card,pending,2,3,112,0.0,2,0,True,False,HIGH,WAIT_NATIVE_RETRY,none,26.089,0
episode_00200,69900,TEMPORARY_FUNDS,card,pending,2,3,263,0.333333,3,1,True,False,MEDIUM,REQUEST_CARD_UPDATE,none,2.917,0
episode_00201,29900,UNKNOWN,card,pending,2,1,87,0.0,2,0,True,False,MEDIUM,STOP_AND_ESCALATE,none,3.607,0
episode_00202,29900,TEMPORARY_FUNDS,card,halted,3,2,112,1.0,3,0,False,False,HIGH,WAIT_NATIVE_RETRY,none,16.271,0
episode_00203,69900,TEMPORARY_FUNDS,upi,pending,4,2,550,0.75,4,0,True,False,HIGH,WAIT_NATIVE_RETRY,none,24.386,1
episode_00204,29900,PAYMENT_METHOD_INVALID,unknown,pending,1,2,403,0.0,2,0,True,False,HIGH,WAIT_NATIVE_RETRY,none,39.902,0
episode_00205,29900,PAYMENT_METHOD_INVALID,card,pending,1,3,379,0.0,0,0,True,False,HIGH,SEND_NUDGE,none,12.128,1
episode_00206,29900,TEMPORARY_FUNDS,emandate,pending,3,1,138,1.0,1,0,True,False,LOW,SEND_NUDGE,none,15.057,0
episode_00207,149900,MANDATE_OR_AUTH_INVALID,card,pending,4,3,267,0.0,1,1,True,False,HIGH,SEND_NUDGE,none,13.939,0
episode_00208,149900,BANK_OR_NETWORK,upi,pending,2,2,65,0.0,3,0,True,False,MEDIUM,WAIT_NATIVE_RETRY,none,48.769,1
episode_00209,69900,TEMPORARY_FUNDS,card,pending,1,3,80,0.0,0,1,True,False,HIGH,REQUEST_CARD_UPDATE,none,51.41,1
episode_00210,29900,MANDATE_OR_AUTH_INVALID,upi,pending,1,2,126,0.0,1,1,True,False,HIGH,REQUEST_CARD_UPDATE,none,62.923,1
episode_00211,149900,UNKNOWN,card,pending,1,2,530,1.0,3,0,True,True,LOW,SEND_NUDGE,low,21.265,1
episode_00212,69900,PAYMENT_METHOD_INVALID,card,pending,1,1,286,0.0,0,2,True,False,HIGH,SEND_NUDGE,none,21.602,0
episode_00213,29900,TEMPORARY_FUNDS,card,pending,3,1,72,0.0,1,2,True,False,HIGH,SEND_NUDGE,none,19.961,0
episode_00214,149900,PAYMENT_METHOD_INVALID,emandate,pending,2,2,77,0.0,2,3,True,False,HIGH,STOP_AND_ESCALATE,none,25.256,0
episode_00215,29900,MANDATE_OR_AUTH_INVALID,card,pending,1,2,93,0.5,2,0,True,False,MEDIUM,STOP_AND_ESCALATE,none,35.722,0
episode_00216,69900,BANK_OR_NETWORK,emandate,pending,1,1,189,0.0,2,2,True,True,HIGH,SEND_NUDGE,high,5.575,0
episode_00217,69900,BANK_OR_NETWORK,upi,pending,2,4,125,0.0,3,1,True,True,HIGH,SEND_NUDGE,high,21.531,0
episode_00218,29900,UNKNOWN,upi,halted,1,2,52,0.5,4,0,False,False,MEDIUM,REQUEST_CARD_UPDATE,none,39.527,0
episode_00219,29900,UNKNOWN,card,pending,1,2,39,0.0,3,0,True,False,LOW,WAIT_NATIVE_RETRY,none,35.563,1
episode_00220,29900,CUSTOMER_AUTH_FAILURE,card,pending,2,2,242,0.0,0,3,True,False,MEDIUM,STOP_AND_ESCALATE,none,61.825,0
episode_00221,149900,CUSTOMER_AUTH_FAILURE,upi,pending,2,2,94,0.0,1,0,True,False,HIGH,REQUEST_CARD_UPDATE,none,12.33,0
episode_00222,69900,TEMPORARY_FUNDS,card,pending,2,2,56,0.0,1,1,True,False,HIGH,WAIT_NATIVE_RETRY,none,33.397,0
episode_00223,69900,TEMPORARY_FUNDS,card,pending,2,1,468,0.5,2,0,True,False,HIGH,WAIT_NATIVE_RETRY,none,28.087,1
episode_00224,29900,MANDATE_OR_AUTH_INVALID,unknown,pending,1,1,129,1.0,1,0,True,False,HIGH,SEND_NUDGE,none,12.144,1
episode_00225,29900,BANK_OR_NETWORK,netbanking,pending,3,2,374,0.5,4,1,True,False,HIGH,WAIT_NATIVE_RETRY,none,7.825,1
episode_00226,149900,CUSTOMER_AUTH_FAILURE,card,halted,2,1,149,0.0,1,0,False,False,HIGH,STOP_AND_ESCALATE,none,45.655,1
episode_00227,69900,CUSTOMER_AUTH_FAILURE,card,halted,3,2,70,0.333333,3,1,False,False,HIGH,SEND_NUDGE,none,52.119,0
episode_00228,69900,PAYMENT_METHOD_INVALID,upi,pending,1,2,104,0.0,0,0,True,False,HIGH,STOP_AND_ESCALATE,none,93.699,0
episode_00229,29900,BANK_OR_NETWORK,card,pending,1,1,87,0.0,1,1,True,False,HIGH,SEND_NUDGE,none,30.309,1
episode_00230,29900,BANK_OR_NETWORK,card,pending,3,2,185,0.5,2,0,True,False,HIGH,REQUEST_CARD_UPDATE,none,25.464,0
episode_00231,29900,MANDATE_OR_AUTH_INVALID,card,pending,2,1,233,0.666667,3,1,True,False,MEDIUM,SEND_NUDGE,none,38.692,1
episode_00232,69900,CUSTOMER_AUTH_FAILURE,card,pending,3,3,109,0.0,1,0,True,False,HIGH,STOP_AND_ESCALATE,none,74.549,0
episode_00233,149900,CUSTOMER_AUTH_FAILURE,netbanking,pending,2,2,198,0.0,0,1,True,False,MEDIUM,WAIT_NATIVE_RETRY,none,83.026,0
episode_00234,69900,UNKNOWN,upi,pending,1,2,248,0.0,5,0,True,False,MEDIUM,STOP_AND_ESCALATE,none,43.987,0
episode_00235,149900,BANK_OR_NETWORK,unknown,pending,3,4,267,0.666667,3,1,True,True,HIGH,WAIT_NATIVE_RETRY,high,26.561,1
episode_00236,69900,CUSTOMER_AUTH_FAILURE,card,pending,3,2,104,0.0,3,0,True,False,MEDIUM,STOP_AND_ESCALATE,none,3.771,0
episode_00237,149900,TEMPORARY_FUNDS,card,pending,2,1,68,0.5,2,1,True,False,HIGH,STOP_AND_ESCALATE,none,12.559,0
episode_00238,29900,MANDATE_OR_AUTH_INVALID,upi,halted,1,3,332,0.0,1,1,False,False,HIGH,WAIT_NATIVE_RETRY,none,27.335,0
episode_00239,69900,TEMPORARY_FUNDS,card,pending,1,1,199,1.0,2,3,True,False,HIGH,SEND_NUDGE,none,11.895,0
episode_00240,69900,TEMPORARY_FUNDS,upi,halted,1,1,325,1.0,1,0,False,False,HIGH,WAIT_NATIVE_RETRY,none,66.508,0
episode_00241,149900,MANDATE_OR_AUTH_INVALID,card,pending,2,1,595,0.0,1,0,True,False,HIGH,REQUEST_CARD_UPDATE,none,6.179,0
episode_00242,29900,TEMPORARY_FUNDS,upi,halted,2,1,284,0.0,0,0,False,False,HIGH,REQUEST_CARD_UPDATE,none,37.158,1
episode_00243,69900,BANK_OR_NETWORK,card,pending,1,4,154,0.0,1,0,True,False,MEDIUM,SEND_NUDGE,none,38.299,0
episode_00244,149900,CUSTOMER_AUTH_FAILURE,card,pending,1,4,156,0.0,0,1,True,False,MEDIUM,REQUEST_CARD_UPDATE,none,9.633,0
episode_00245,69900,TEMPORARY_FUNDS,netbanking,pending,3,4,516,0.833333,6,0,True,False,HIGH,SEND_NUDGE,none,26.964,1
episode_00246,29900,TEMPORARY_FUNDS,card,pending,2,2,183,0.0,1,0,True,False,HIGH,REQUEST_CARD_UPDATE,none,27.691,0
episode_00247,149900,TEMPORARY_FUNDS,upi,pending,2,1,60,0.0,3,0,True,False,HIGH,WAIT_NATIVE_RETRY,none,5.468,1
episode_00248,69900,TEMPORARY_FUNDS,card,pending,3,3,499,1.0,1,0,True,False,HIGH,WAIT_NATIVE_RETRY,none,75.607,1
episode_00249,29900,BANK_OR_NETWORK,card,pending,2,1,140,0.0,1,0,True,False,HIGH,WAIT_NATIVE_RETRY,none,52.039,1
episode_00250,69900,BANK_OR_NETWORK,emandate,pending,2,1,211,0.0,1,0,True,False,HIGH,WAIT_NATIVE_RETRY,none,11.644,1
episode_00251,149900,BANK_OR_NETWORK,upi,pending,2,1,126,0.25,4,1,True,False,MEDIUM,WAIT_NATIVE_RETRY,none,46.592,1
episode_00252,69900,PAYMENT_METHOD_INVALID,unknown,pending,2,2,104,1.0,1,0,True,False,HIGH,WAIT_NATIVE_RETRY,none,11.607,0
episode_00253,69900,BANK_OR_NETWORK,card,pending,2,2,536,1.0,1,2,True,True,HIGH,REQUEST_CARD_UPDATE,low,9.238,0
episode_00254,69900,CUSTOMER_AUTH_FAILURE,card,halted,2,1,459,1.0,2,2,False,False,MEDIUM,WAIT_NATIVE_RETRY,none,66.29,1
episode_00255,29900,TEMPORARY_FUNDS,card,pending,2,3,135,0.0,3,0,True,False,HIGH,STOP_AND_ESCALATE,none,45.916,1
episode_00256,69900,BANK_OR_NETWORK,upi,halted,1,2,136,0.25,4,0,False,True,MEDIUM,WAIT_NATIVE_RETRY,high,54.337,0
episode_00257,69900,PAYMENT_METHOD_INVALID,card,pending,1,1,85,0.0,3,0,True,False,MEDIUM,SEND_NUDGE,none,49.459,0
episode_00258,149900,CUSTOMER_AUTH_FAILURE,emandate,halted,2,2,86,0.333333,3,0,False,False,HIGH,REQUEST_CARD_UPDATE,none,22.409,1
episode_00259,149900,BANK_OR_NETWORK,card,pending,3,3,161,0.0,1,0,True,False,LOW,WAIT_NATIVE_RETRY,none,23.743,1
episode_00260,29900,TEMPORARY_FUNDS,upi,pending,2,2,188,0.0,2,0,True,False,LOW,SEND_NUDGE,none,31.478,1
episode_00261,29900,MANDATE_OR_AUTH_INVALID,card,pending,2,3,145,0.0,2,2,True,False,HIGH,SEND_NUDGE,none,40.685,0
episode_00262,69900,TEMPORARY_FUNDS,card,pending,2,3,63,0.5,4,0,True,False,MEDIUM,STOP_AND_ESCALATE,none,3.608,0
episode_00263,69900,UNKNOWN,card,pending,1,1,151,0.0,0,2,True,True,LOW,STOP_AND_ESCALATE,high,28.702,0
episode_00264,149900,UNKNOWN,card,pending,4,2,69,1.0,2,1,True,False,MEDIUM,WAIT_NATIVE_RETRY,none,26.595,1
episode_00265,29900,CUSTOMER_AUTH_FAILURE,card,pending,2,1,451,0.0,1,0,True,False,HIGH,WAIT_NATIVE_RETRY,none,104.846,1
episode_00266,149900,CUSTOMER_AUTH_FAILURE,card,halted,2,1,150,0.5,2,0,False,False,MEDIUM,WAIT_NATIVE_RETRY,none,21.256,0
episode_00267,69900,UNKNOWN,upi,pending,6,2,154,0.5,4,2,True,False,LOW,WAIT_NATIVE_RETRY,none,73.851,1
episode_00268,69900,UNKNOWN,card,pending,2,1,178,0.0,1,0,True,False,LOW,WAIT_NATIVE_RETRY,none,79.889,0
episode_00269,29900,MANDATE_OR_AUTH_INVALID,upi,pending,2,3,176,0.5,2,1,True,False,MEDIUM,SEND_NUDGE,none,30.132,0
episode_00270,29900,BANK_OR_NETWORK,netbanking,pending,1,3,102,0.0,0,0,True,True,HIGH,STOP_AND_ESCALATE,high,18.266,1
episode_00271,69900,TEMPORARY_FUNDS,card,halted,3,2,143,0.333333,3,2,False,False,HIGH,SEND_NUDGE,none,36.504,0
episode_00272,149900,PAYMENT_METHOD_INVALID,card,pending,1,1,12,0.0,0,1,True,False,HIGH,REQUEST_CARD_UPDATE,none,5.727,1
episode_00273,69900,PAYMENT_METHOD_INVALID,emandate,pending,2,1,144,0.5,2,0,True,False,HIGH,SEND_NUDGE,none,17.702,1
episode_00274,29900,PAYMENT_METHOD_INVALID,card,halted,1,1,29,0.333333,3,0,False,False,HIGH,REQUEST_CARD_UPDATE,none,30.093,0
episode_00275,149900,UNKNOWN,card,pending,1,1,345,0.0,0,1,True,False,MEDIUM,REQUEST_CARD_UPDATE,none,9.959,1
episode_00276,69900,BANK_OR_NETWORK,card,pending,3,4,635,1.0,4,1,True,False,MEDIUM,SEND_NUDGE,none,21.303,1
episode_00277,29900,TEMPORARY_FUNDS,card,pending,1,2,170,0.333333,3,0,True,False,LOW,REQUEST_CARD_UPDATE,none,12.034,0
episode_00278,69900,PAYMENT_METHOD_INVALID,upi,pending,2,1,88,0.0,0,0,True,False,HIGH,REQUEST_CARD_UPDATE,none,11.106,0
episode_00279,69900,UNKNOWN,card,pending,1,1,274,0.0,2,0,True,False,MEDIUM,WAIT_NATIVE_RETRY,none,37.172,1
episode_00280,29900,PAYMENT_METHOD_INVALID,card,pending,1,1,271,0.0,1,0,True,False,MEDIUM,SEND_NUDGE,none,12.758,1
episode_00281,69900,BANK_OR_NETWORK,netbanking,pending,2,2,238,0.666667,3,1,True,True,MEDIUM,STOP_AND_ESCALATE,medium,6.394,1
episode_00282,29900,CUSTOMER_AUTH_FAILURE,card,pending,2,2,414,0.666667,3,1,True,False,MEDIUM,REQUEST_CARD_UPDATE,none,19.414,0
episode_00283,149900,BANK_OR_NETWORK,card,pending,3,1,61,0.666667,3,2,True,False,HIGH,WAIT_NATIVE_RETRY,none,46.179,1
episode_00284,29900,PAYMENT_METHOD_INVALID,emandate,pending,1,5,202,0.0,1,1,True,False,HIGH,WAIT_NATIVE_RETRY,none,27.375,0
episode_00285,149900,BANK_OR_NETWORK,card,halted,1,2,379,0.5,4,1,False,False,HIGH,STOP_AND_ESCALATE,none,25.121,0
episode_00286,29900,PAYMENT_METHOD_INVALID,card,halted,1,1,157,0.666667,3,1,False,True,MEDIUM,STOP_AND_ESCALATE,medium,15.58,0
episode_00287,29900,UNKNOWN,emandate,halted,1,2,133,0.0,2,0,False,False,HIGH,SEND_NUDGE,none,54.54,1
episode_00288,149900,BANK_OR_NETWORK,emandate,pending,3,3,243,1.0,2,0,True,True,HIGH,REQUEST_CARD_UPDATE,high,21.565,0
episode_00289,69900,PAYMENT_METHOD_INVALID,upi,pending,2,3,88,1.0,1,2,True,True,HIGH,REQUEST_CARD_UPDATE,low,15.963,1
episode_00290,69900,UNKNOWN,card,halted,2,1,454,0.5,2,0,False,False,LOW,REQUEST_CARD_UPDATE,none,72.061,1
episode_00291,69900,BANK_OR_NETWORK,card,pending,4,2,201,1.0,5,0,True,True,HIGH,REQUEST_CARD_UPDATE,medium,9.553,0
episode_00292,29900,UNKNOWN,card,halted,3,2,222,0.0,1,0,False,False,LOW,REQUEST_CARD_UPDATE,none,15.356,0
episode_00293,149900,TEMPORARY_FUNDS,card,halted,3,1,16,0.333333,3,0,False,False,HIGH,REQUEST_CARD_UPDATE,none,45.603,0
episode_00294,69900,TEMPORARY_FUNDS,emandate,halted,2,3,211,0.0,1,1,False,False,HIGH,SEND_NUDGE,none,61.429,1
episode_00295,29900,TEMPORARY_FUNDS,upi,pending,3,2,350,0.0,2,1,True,True,HIGH,REQUEST_CARD_UPDATE,medium,6.73,0
episode_00296,69900,TEMPORARY_FUNDS,unknown,pending,2,3,203,0.333333,3,0,True,False,HIGH,SEND_NUDGE,none,12.909,1
episode_00297,29900,BANK_OR_NETWORK,card,pending,1,1,112,0.0,1,0,True,False,LOW,SEND_NUDGE,none,17.848,0
episode_00298,29900,UNKNOWN,upi,pending,2,1,149,0.75,4,0,True,True,LOW,REQUEST_CARD_UPDATE,medium,24.125,0
episode_00299,149900,BANK_OR_NETWORK,upi,pending,3,1,276,0.25,4,0,True,False,HIGH,SEND_NUDGE,none,16.54,0
episode_00300,149900,MANDATE_OR_AUTH_INVALID,card,pending,3,2,235,0.0,1,0,True,False,HIGH,STOP_AND_ESCALATE,none,39.992,0
episode_00301,69900,CUSTOMER_AUTH_FAILURE,emandate,pending,1,2,127,0.0,0,0,True,False,HIGH,SEND_NUDGE,none,8.721,0
episode_00302,149900,TEMPORARY_FUNDS,emandate,pending,2,1,212,0.0,4,0,True,False,HIGH,SEND_NUDGE,none,91.37,1
episode_00303,29900,PAYMENT_METHOD_INVALID,card,halted,1,3,314,0.666667,3,0,False,False,HIGH,SEND_NUDGE,none,11.774,1
episode_00304,149900,UNKNOWN,emandate,pending,1,3,160,0.0,3,0,True,False,LOW,REQUEST_CARD_UPDATE,none,22.868,0
episode_00305,29900,CUSTOMER_AUTH_FAILURE,card,halted,1,1,67,0.5,4,0,False,False,HIGH,REQUEST_CARD_UPDATE,none,22.341,0
episode_00306,149900,TEMPORARY_FUNDS,card,pending,4,2,349,0.0,1,2,True,False,MEDIUM,WAIT_NATIVE_RETRY,none,68.09,0
episode_00307,149900,BANK_OR_NETWORK,upi,pending,2,1,148,0.25,4,2,True,False,HIGH,WAIT_NATIVE_RETRY,none,6.618,0
episode_00308,149900,TEMPORARY_FUNDS,upi,halted,2,2,49,0.5,2,1,False,False,MEDIUM,STOP_AND_ESCALATE,none,31.353,0
episode_00309,69900,UNKNOWN,card,pending,1,1,337,0.666667,3,2,True,False,HIGH,STOP_AND_ESCALATE,none,24.085,1
episode_00310,149900,PAYMENT_METHOD_INVALID,upi,pending,2,2,100,0.0,0,0,True,False,HIGH,SEND_NUDGE,none,56.515,1
episode_00311,69900,TEMPORARY_FUNDS,emandate,pending,2,2,347,0.0,0,2,True,False,HIGH,SEND_NUDGE,none,15.761,0
episode_00312,149900,PAYMENT_METHOD_INVALID,upi,halted,3,2,294,0.0,2,0,False,False,HIGH,SEND_NUDGE,none,31.75,0
episode_00313,69900,PAYMENT_METHOD_INVALID,card,pending,2,2,220,0.0,1,0,True,False,HIGH,WAIT_NATIVE_RETRY,none,41.6,1
episode_00314,29900,BANK_OR_NETWORK,upi,pending,2,1,195,0.0,1,1,True,False,HIGH,WAIT_NATIVE_RETRY,none,44.325,1
episode_00315,149900,MANDATE_OR_AUTH_INVALID,card,halted,1,1,245,0.5,4,2,False,False,HIGH,WAIT_NATIVE_RETRY,none,24.233,0
episode_00316,149900,BANK_OR_NETWORK,card,halted,3,2,157,0.0,1,1,False,True,MEDIUM,SEND_NUDGE,low,49.652,0
episode_00317,69900,BANK_OR_NETWORK,emandate,pending,3,1,200,0.333333,3,0,True,False,HIGH,SEND_NUDGE,none,22.484,1
episode_00318,149900,PAYMENT_METHOD_INVALID,upi,pending,1,2,377,0.5,2,1,True,False,MEDIUM,SEND_NUDGE,none,25.973,0
episode_00319,29900,PAYMENT_METHOD_INVALID,emandate,pending,1,1,184,0.5,2,1,True,False,HIGH,WAIT_NATIVE_RETRY,none,7.15,0
episode_00320,29900,PAYMENT_METHOD_INVALID,card,pending,2,5,110,0.0,0,1,True,True,HIGH,SEND_NUDGE,medium,61.357,0
episode_00321,29900,PAYMENT_METHOD_INVALID,upi,halted,2,2,101,0.0,0,2,False,False,MEDIUM,STOP_AND_ESCALATE,none,8.356,0
episode_00322,29900,PAYMENT_METHOD_INVALID,emandate,pending,3,1,113,0.5,2,1,True,False,HIGH,SEND_NUDGE,none,2.199,1
episode_00323,29900,BANK_OR_NETWORK,card,pending,5,3,154,0.0,1,2,True,False,HIGH,WAIT_NATIVE_RETRY,none,63.284,1
episode_00324,149900,MANDATE_OR_AUTH_INVALID,emandate,pending,4,5,337,0.0,1,1,True,False,MEDIUM,SEND_NUDGE,none,11.259,0
episode_00325,69900,TEMPORARY_FUNDS,upi,pending,4,4,160,0.0,1,1,True,True,MEDIUM,SEND_NUDGE,medium,43.961,1
episode_00326,69900,BANK_OR_NETWORK,card,pending,1,2,209,0.0,4,0,True,False,LOW,WAIT_NATIVE_RETRY,none,18.805,1
episode_00327,149900,CUSTOMER_AUTH_FAILURE,card,halted,1,1,157,0.25,4,0,False,False,HIGH,WAIT_NATIVE_RETRY,none,46.644,0
episode_00328,29900,TEMPORARY_FUNDS,card,pending,1,1,532,0.75,4,2,True,False,HIGH,SEND_NUDGE,none,13.291,1
episode_00329,149900,TEMPORARY_FUNDS,upi,pending,1,3,121,0.5,2,0,True,False,HIGH,REQUEST_CARD_UPDATE,none,85.207,1
episode_00330,29900,BANK_OR_NETWORK,card,pending,1,1,43,0.4,5,0,True,False,HIGH,STOP_AND_ESCALATE,none,4.184,0
episode_00331,29900,PAYMENT_METHOD_INVALID,upi,halted,3,1,456,1.0,3,1,False,False,HIGH,WAIT_NATIVE_RETRY,none,31.341,0
episode_00332,149900,PAYMENT_METHOD_INVALID,upi,pending,2,3,349,0.5,2,0,True,False,HIGH,STOP_AND_ESCALATE,none,28.62,0
episode_00333,69900,BANK_OR_NETWORK,card,pending,2,2,290,0.0,3,0,True,False,MEDIUM,WAIT_NATIVE_RETRY,none,40.047,1
episode_00334,149900,TEMPORARY_FUNDS,card,halted,2,1,284,0.0,2,0,False,False,HIGH,WAIT_NATIVE_RETRY,none,14.875,0
episode_00335,149900,TEMPORARY_FUNDS,card,pending,2,2,559,0.5,2,0,True,False,HIGH,SEND_NUDGE,none,10.168,1
episode_00336,29900,BANK_OR_NETWORK,netbanking,pending,2,3,170,0.0,0,0,True,True,MEDIUM,WAIT_NATIVE_RETRY,low,87.221,1
episode_00337,29900,TEMPORARY_FUNDS,upi,pending,3,1,189,1.0,1,0,True,False,LOW,STOP_AND_ESCALATE,none,5.173,0
episode_00338,69900,MANDATE_OR_AUTH_INVALID,card,pending,3,2,154,0.0,2,0,True,False,HIGH,STOP_AND_ESCALATE,none,22.728,0
episode_00339,149900,PAYMENT_METHOD_INVALID,card,halted,2,1,115,0.0,1,0,False,False,HIGH,REQUEST_CARD_UPDATE,none,38.453,0
episode_00340,69900,BANK_OR_NETWORK,upi,pending,2,2,324,0.5,2,1,True,False,LOW,REQUEST_CARD_UPDATE,none,27.536,0
episode_00341,29900,MANDATE_OR_AUTH_INVALID,emandate,halted,3,1,227,0.5,2,1,False,False,LOW,SEND_NUDGE,none,51.485,0
episode_00342,149900,UNKNOWN,upi,pending,3,3,182,0.0,0,0,True,True,LOW,STOP_AND_ESCALATE,low,18.404,0
episode_00343,149900,MANDATE_OR_AUTH_INVALID,card,halted,1,4,87,0.0,0,1,False,False,MEDIUM,REQUEST_CARD_UPDATE,none,25.415,0
episode_00344,29900,PAYMENT_METHOD_INVALID,card,pending,4,2,277,0.333333,3,0,True,False,LOW,SEND_NUDGE,none,22.433,0
episode_00345,69900,TEMPORARY_FUNDS,card,halted,3,2,50,1.0,1,1,False,False,LOW,WAIT_NATIVE_RETRY,none,37.602,1
episode_00346,29900,BANK_OR_NETWORK,card,halted,3,1,433,0.0,1,0,False,False,HIGH,WAIT_NATIVE_RETRY,none,59.445,1
episode_00347,29900,PAYMENT_METHOD_INVALID,emandate,pending,1,1,80,0.2,5,0,True,False,MEDIUM,REQUEST_CARD_UPDATE,none,26.123,0
episode_00348,29900,BANK_OR_NETWORK,emandate,halted,2,1,83,0.0,1,0,False,False,HIGH,STOP_AND_ESCALATE,none,37.433,0
episode_00349,69900,CUSTOMER_AUTH_FAILURE,card,pending,1,1,261,0.5,2,0,True,False,HIGH,REQUEST_CARD_UPDATE,none,47.622,0
episode_00350,149900,CUSTOMER_AUTH_FAILURE,card,halted,2,2,343,1.0,1,0,False,False,HIGH,WAIT_NATIVE_RETRY,none,33.735,0
episode_00351,29900,BANK_OR_NETWORK,card,pending,1,2,224,0.0,2,0,True,True,LOW,STOP_AND_ESCALATE,low,35.735,0
episode_00352,149900,PAYMENT_METHOD_INVALID,card,halted,1,3,195,0.0,0,0,False,False,HIGH,REQUEST_CARD_UPDATE,none,100.724,1
episode_00353,69900,MANDATE_OR_AUTH_INVALID,card,pending,1,1,92,0.0,0,0,True,False,HIGH,WAIT_NATIVE_RETRY,none,44.378,0
episode_00354,69900,TEMPORARY_FUNDS,card,pending,1,1,119,1.0,2,0,True,False,MEDIUM,SEND_NUDGE,none,2.461,1
episode_00355,29900,UNKNOWN,upi,halted,2,2,100,0.0,1,1,False,False,LOW,SEND_NUDGE,none,49.796,1
episode_00356,29900,PAYMENT_METHOD_INVALID,card,pending,2,1,307,1.0,3,1,True,False,HIGH,WAIT_NATIVE_RETRY,none,11.295,0
episode_00357,69900,CUSTOMER_AUTH_FAILURE,upi,pending,2,3,89,0.333333,3,1,True,False,HIGH,REQUEST_CARD_UPDATE,none,28.144,0
episode_00358,69900,BANK_OR_NETWORK,netbanking,pending,2,5,123,0.0,2,1,True,False,MEDIUM,STOP_AND_ESCALATE,none,56.128,0
episode_00359,69900,UNKNOWN,card,pending,1,1,248,0.0,1,1,True,False,LOW,REQUEST_CARD_UPDATE,none,15.609,0
episode_00360,149900,TEMPORARY_FUNDS,upi,pending,1,2,195,0.0,2,1,True,False,HIGH,STOP_AND_ESCALATE,none,24.394,0
episode_00361,29900,BANK_OR_NETWORK,card,halted,3,3,598,0.0,1,0,False,False,HIGH,SEND_NUDGE,none,41.526,0
episode_00362,69900,UNKNOWN,card,halted,2,2,104,0.5,2,0,False,False,LOW,WAIT_NATIVE_RETRY,none,13.333,0
episode_00363,29900,CUSTOMER_AUTH_FAILURE,card,halted,2,1,193,1.0,2,1,False,False,MEDIUM,WAIT_NATIVE_RETRY,none,74.009,0
episode_00364,69900,BANK_OR_NETWORK,upi,pending,2,2,121,0.666667,3,2,True,False,HIGH,STOP_AND_ESCALATE,none,14.102,0
episode_00365,29900,TEMPORARY_FUNDS,netbanking,halted,1,1,6,0.75,4,2,False,True,MEDIUM,SEND_NUDGE,high,19.487,1
episode_00366,29900,PAYMENT_METHOD_INVALID,upi,pending,2,1,273,0.0,0,0,True,False,LOW,STOP_AND_ESCALATE,none,13.202,0
episode_00367,69900,MANDATE_OR_AUTH_INVALID,card,pending,3,1,32,0.166667,6,0,True,False,HIGH,SEND_NUDGE,none,4.292,0
episode_00368,149900,UNKNOWN,emandate,pending,5,4,105,0.0,0,1,True,False,LOW,REQUEST_CARD_UPDATE,none,18.072,0
episode_00369,29900,BANK_OR_NETWORK,card,pending,1,1,191,0.5,2,0,True,False,HIGH,REQUEST_CARD_UPDATE,none,24.872,0
episode_00370,69900,PAYMENT_METHOD_INVALID,emandate,pending,3,2,233,0.333333,3,0,True,False,HIGH,REQUEST_CARD_UPDATE,none,16.939,0
episode_00371,69900,MANDATE_OR_AUTH_INVALID,card,pending,2,1,91,0.25,4,0,True,True,MEDIUM,WAIT_NATIVE_RETRY,high,56.696,0
episode_00372,149900,TEMPORARY_FUNDS,upi,pending,2,1,32,0.666667,3,0,True,False,HIGH,WAIT_NATIVE_RETRY,none,7.126,1
episode_00373,69900,UNKNOWN,upi,halted,3,1,218,0.666667,3,0,False,False,MEDIUM,SEND_NUDGE,none,65.438,0
episode_00374,29900,TEMPORARY_FUNDS,card,halted,1,1,59,0.5,2,3,False,False,MEDIUM,WAIT_NATIVE_RETRY,none,0.732,0
episode_00375,69900,CUSTOMER_AUTH_FAILURE,emandate,pending,2,2,162,0.2,5,1,True,False,HIGH,SEND_NUDGE,none,86.515,1
episode_00376,149900,BANK_OR_NETWORK,card,pending,3,3,145,0.0,3,1,True,False,HIGH,WAIT_NATIVE_RETRY,none,56.574,1
episode_00377,29900,UNKNOWN,emandate,halted,2,1,128,0.0,2,2,False,True,LOW,WAIT_NATIVE_RETRY,high,3.95,0
episode_00378,29900,TEMPORARY_FUNDS,emandate,pending,1,2,145,0.5,4,0,True,False,HIGH,SEND_NUDGE,none,52.42,1
episode_00379,29900,PAYMENT_METHOD_INVALID,upi,pending,2,3,117,0.0,4,0,True,False,MEDIUM,REQUEST_CARD_UPDATE,none,53.488,0
episode_00380,69900,PAYMENT_METHOD_INVALID,netbanking,pending,1,3,127,1.0,2,0,True,False,HIGH,SEND_NUDGE,none,59.592,1
episode_00381,69900,PAYMENT_METHOD_INVALID,emandate,halted,4,2,103,0.5,2,0,False,False,HIGH,REQUEST_CARD_UPDATE,none,20.438,1
episode_00382,69900,TEMPORARY_FUNDS,card,halted,2,2,547,1.0,4,0,False,False,MEDIUM,SEND_NUDGE,none,18.444,1
episode_00383,149900,TEMPORARY_FUNDS,upi,pending,2,1,241,0.5,4,3,True,False,MEDIUM,WAIT_NATIVE_RETRY,none,21.648,0
episode_00384,69900,TEMPORARY_FUNDS,upi,pending,2,2,20,0.0,2,1,True,False,HIGH,REQUEST_CARD_UPDATE,none,22.358,1
episode_00385,69900,BANK_OR_NETWORK,upi,halted,1,2,91,1.0,2,1,False,False,HIGH,REQUEST_CARD_UPDATE,none,34.776,1
episode_00386,69900,TEMPORARY_FUNDS,card,halted,1,2,260,0.5,2,3,False,False,HIGH,STOP_AND_ESCALATE,none,2.997,0
episode_00387,69900,UNKNOWN,card,halted,1,1,61,0.666667,3,0,False,False,LOW,REQUEST_CARD_UPDATE,none,23.172,1
episode_00388,69900,CUSTOMER_AUTH_FAILURE,card,pending,2,1,19,0.5,2,0,True,True,MEDIUM,REQUEST_CARD_UPDATE,high,46.09,1
episode_00389,69900,TEMPORARY_FUNDS,card,pending,2,1,229,0.0,0,0,True,False,HIGH,REQUEST_CARD_UPDATE,none,32.581,1
episode_00390,69900,PAYMENT_METHOD_INVALID,netbanking,pending,4,1,66,0.2,5,1,True,False,LOW,WAIT_NATIVE_RETRY,none,10.032,0
episode_00391,29900,PAYMENT_METHOD_INVALID,card,halted,3,4,84,0.666667,3,0,False,False,HIGH,REQUEST_CARD_UPDATE,none,24.286,1
episode_00392,69900,CUSTOMER_AUTH_FAILURE,card,halted,2,1,173,0.166667,6,2,False,False,HIGH,WAIT_NATIVE_RETRY,none,6.08,0
episode_00393,29900,TEMPORARY_FUNDS,card,pending,5,1,57,1.0,2,0,True,False,HIGH,WAIT_NATIVE_RETRY,none,4.069,1
episode_00394,29900,CUSTOMER_AUTH_FAILURE,unknown,halted,1,1,431,0.5,2,0,False,False,MEDIUM,REQUEST_CARD_UPDATE,none,28.664,1
episode_00395,69900,CUSTOMER_AUTH_FAILURE,upi,halted,1,1,145,0.5,4,1,False,False,HIGH,SEND_NUDGE,none,14.947,1
episode_00396,29900,CUSTOMER_AUTH_FAILURE,card,pending,2,2,356,0.333333,3,0,True,False,LOW,WAIT_NATIVE_RETRY,none,7.824,1
episode_00397,29900,TEMPORARY_FUNDS,card,pending,1,2,369,0.0,0,2,True,False,MEDIUM,WAIT_NATIVE_RETRY,none,40.958,1
episode_00398,29900,BANK_OR_NETWORK,card,pending,1,1,149,0.0,0,2,True,False,HIGH,SEND_NUDGE,none,25.487,1
episode_00399,149900,PAYMENT_METHOD_INVALID,netbanking,pending,2,1,186,0.0,2,1,True,False,MEDIUM,SEND_NUDGE,none,27.606,0
episode_00400,69900,CUSTOMER_AUTH_FAILURE,card,pending,2,1,159,0.0,1,0,True,False,LOW,WAIT_NATIVE_RETRY,none,39.011,1
episode_00401,69900,TEMPORARY_FUNDS,emandate,pending,1,3,174,0.666667,3,0,True,False,MEDIUM,REQUEST_CARD_UPDATE,none,12.859,0
episode_00402,29900,TEMPORARY_FUNDS,card,pending,1,2,340,0.5,4,1,True,False,HIGH,WAIT_NATIVE_RETRY,none,15.541,1
episode_00403,69900,MANDATE_OR_AUTH_INVALID,card,pending,2,1,203,0.0,0,1,True,False,LOW,WAIT_NATIVE_RETRY,none,49.336,0
episode_00404,69900,TEMPORARY_FUNDS,card,halted,2,2,168,0.5,2,0,False,False,HIGH,SEND_NUDGE,none,148.334,1
episode_00405,149900,CUSTOMER_AUTH_FAILURE,upi,pending,5,1,225,0.666667,3,0,True,True,HIGH,SEND_NUDGE,medium,7.739,1
episode_00406,69900,PAYMENT_METHOD_INVALID,card,pending,1,1,94,0.0,2,1,True,False,MEDIUM,WAIT_NATIVE_RETRY,none,54.853,0
episode_00407,69900,BANK_OR_NETWORK,card,halted,5,2,34,0.0,1,0,False,False,HIGH,REQUEST_CARD_UPDATE,none,40.594,0
episode_00408,69900,TEMPORARY_FUNDS,netbanking,pending,3,1,118,0.666667,3,0,True,True,MEDIUM,WAIT_NATIVE_RETRY,high,40.0,1
episode_00409,69900,CUSTOMER_AUTH_FAILURE,upi,pending,1,1,176,0.0,1,1,True,False,HIGH,STOP_AND_ESCALATE,none,29.042,1
episode_00410,149900,CUSTOMER_AUTH_FAILURE,card,halted,3,2,390,1.0,3,0,False,False,HIGH,WAIT_NATIVE_RETRY,none,14.985,1
episode_00411,29900,TEMPORARY_FUNDS,card,pending,1,2,131,0.0,1,2,True,False,HIGH,WAIT_NATIVE_RETRY,none,37.004,1
episode_00412,69900,UNKNOWN,card,pending,2,5,153,0.0,1,2,True,False,MEDIUM,WAIT_NATIVE_RETRY,none,12.4,1
episode_00413,29900,BANK_OR_NETWORK,netbanking,pending,1,1,29,0.0,2,2,True,False,HIGH,REQUEST_CARD_UPDATE,none,24.542,0
episode_00414,69900,CUSTOMER_AUTH_FAILURE,upi,pending,3,1,290,0.0,3,1,True,True,MEDIUM,REQUEST_CARD_UPDATE,high,3.189,0
episode_00415,29900,TEMPORARY_FUNDS,card,pending,1,1,32,0.666667,3,0,True,False,HIGH,WAIT_NATIVE_RETRY,none,46.205,0
episode_00416,29900,UNKNOWN,card,pending,2,2,86,0.0,3,1,True,False,LOW,WAIT_NATIVE_RETRY,none,28.495,0
episode_00417,69900,TEMPORARY_FUNDS,emandate,halted,2,3,82,0.25,4,0,False,False,HIGH,REQUEST_CARD_UPDATE,none,44.45,1
episode_00418,149900,PAYMENT_METHOD_INVALID,card,pending,3,2,150,0.0,1,0,True,False,HIGH,STOP_AND_ESCALATE,none,31.183,0
episode_00419,69900,TEMPORARY_FUNDS,upi,pending,2,1,88,0.25,4,1,True,False,HIGH,REQUEST_CARD_UPDATE,none,112.054,1
episode_00420,149900,CUSTOMER_AUTH_FAILURE,card,halted,1,1,59,1.0,1,1,False,False,HIGH,WAIT_NATIVE_RETRY,none,29.095,1
episode_00421,69900,PAYMENT_METHOD_INVALID,upi,pending,2,1,145,0.333333,3,2,True,False,HIGH,SEND_NUDGE,none,3.727,0
episode_00422,29900,MANDATE_OR_AUTH_INVALID,card,pending,2,1,107,1.0,2,1,True,False,HIGH,WAIT_NATIVE_RETRY,none,17.135,1
episode_00423,149900,TEMPORARY_FUNDS,upi,pending,2,2,82,0.0,2,0,True,False,MEDIUM,REQUEST_CARD_UPDATE,none,7.658,1
episode_00424,29900,PAYMENT_METHOD_INVALID,card,pending,4,1,307,1.0,4,0,True,False,MEDIUM,STOP_AND_ESCALATE,none,39.718,0
episode_00425,149900,BANK_OR_NETWORK,emandate,pending,2,3,271,0.0,1,1,True,False,MEDIUM,REQUEST_CARD_UPDATE,none,5.896,0
episode_00426,149900,MANDATE_OR_AUTH_INVALID,upi,pending,1,2,77,0.0,2,1,True,False,HIGH,SEND_NUDGE,none,65.431,0
episode_00427,149900,CUSTOMER_AUTH_FAILURE,upi,pending,2,3,44,0.333333,3,1,True,False,LOW,SEND_NUDGE,none,59.376,0
episode_00428,69900,BANK_OR_NETWORK,card,pending,3,2,175,0.5,2,1,True,False,HIGH,SEND_NUDGE,none,6.335,1
episode_00429,29900,PAYMENT_METHOD_INVALID,card,halted,1,4,115,0.0,1,0,False,False,HIGH,STOP_AND_ESCALATE,none,11.814,0
episode_00430,69900,TEMPORARY_FUNDS,netbanking,halted,2,2,102,1.0,1,1,False,False,HIGH,WAIT_NATIVE_RETRY,none,4.357,1
episode_00431,149900,TEMPORARY_FUNDS,card,halted,1,2,364,0.0,3,0,False,False,HIGH,REQUEST_CARD_UPDATE,none,29.424,0
episode_00432,29900,TEMPORARY_FUNDS,upi,pending,3,2,92,1.0,3,2,True,False,MEDIUM,STOP_AND_ESCALATE,none,10.523,1
episode_00433,149900,MANDATE_OR_AUTH_INVALID,emandate,pending,2,2,189,0.666667,3,1,True,False,MEDIUM,REQUEST_CARD_UPDATE,none,56.192,0
episode_00434,149900,TEMPORARY_FUNDS,unknown,pending,4,2,70,0.0,2,0,True,False,HIGH,SEND_NUDGE,none,18.419,1
episode_00435,69900,UNKNOWN,card,halted,3,1,95,0.0,0,1,False,False,MEDIUM,REQUEST_CARD_UPDATE,none,58.104,0
episode_00436,69900,UNKNOWN,card,halted,1,1,249,0.0,2,0,False,False,LOW,SEND_NUDGE,none,59.148,0
episode_00437,29900,PAYMENT_METHOD_INVALID,upi,pending,1,1,65,0.25,4,0,True,False,HIGH,REQUEST_CARD_UPDATE,none,40.16,1
episode_00438,69900,BANK_OR_NETWORK,card,pending,3,1,88,0.0,2,1,True,False,MEDIUM,SEND_NUDGE,none,65.133,1
episode_00439,29900,TEMPORARY_FUNDS,emandate,pending,1,3,196,0.5,2,0,True,False,HIGH,REQUEST_CARD_UPDATE,none,8.612,1
episode_00440,69900,CUSTOMER_AUTH_FAILURE,unknown,pending,2,2,321,0.0,3,0,True,True,HIGH,SEND_NUDGE,high,8.011,1
episode_00441,69900,MANDATE_OR_AUTH_INVALID,upi,halted,2,2,379,1.0,1,0,False,False,HIGH,SEND_NUDGE,none,1.244,1
episode_00442,29900,TEMPORARY_FUNDS,upi,halted,3,1,215,0.428571,7,0,False,False,HIGH,WAIT_NATIVE_RETRY,none,18.94,0
episode_00443,149900,UNKNOWN,netbanking,pending,2,2,104,0.571429,7,1,True,False,LOW,WAIT_NATIVE_RETRY,none,30.53,0
episode_00444,29900,BANK_OR_NETWORK,card,pending,2,1,609,0.25,4,1,True,False,HIGH,STOP_AND_ESCALATE,none,6.883,1
episode_00445,29900,PAYMENT_METHOD_INVALID,netbanking,halted,4,3,232,0.0,1,1,False,False,HIGH,STOP_AND_ESCALATE,none,17.157,0
episode_00446,69900,CUSTOMER_AUTH_FAILURE,emandate,pending,3,1,482,0.75,4,2,True,False,HIGH,SEND_NUDGE,none,28.003,0
episode_00447,29900,MANDATE_OR_AUTH_INVALID,card,pending,2,1,102,0.5,2,3,True,False,HIGH,STOP_AND_ESCALATE,none,11.062,0
episode_00448,69900,TEMPORARY_FUNDS,emandate,pending,3,2,247,1.0,2,0,True,False,MEDIUM,WAIT_NATIVE_RETRY,none,21.609,1
episode_00449,69900,CUSTOMER_AUTH_FAILURE,upi,pending,2,1,203,0.5,2,2,True,False,HIGH,REQUEST_CARD_UPDATE,none,45.425,0
episode_00450,69900,TEMPORARY_FUNDS,card,halted,2,2,132,0.0,1,0,False,False,HIGH,WAIT_NATIVE_RETRY,none,18.933,0
episode_00451,29900,TEMPORARY_FUNDS,netbanking,pending,3,4,459,0.0,1,3,True,False,HIGH,SEND_NUDGE,none,62.954,1
episode_00452,149900,PAYMENT_METHOD_INVALID,card,pending,3,1,379,0.0,0,0,True,False,MEDIUM,REQUEST_CARD_UPDATE,none,28.28,1
episode_00453,29900,TEMPORARY_FUNDS,upi,pending,1,1,304,0.0,0,1,True,False,MEDIUM,WAIT_NATIVE_RETRY,none,49.464,1
episode_00454,29900,TEMPORARY_FUNDS,upi,pending,2,2,432,0.0,0,0,True,False,HIGH,REQUEST_CARD_UPDATE,none,14.503,0
episode_00455,149900,UNKNOWN,card,pending,1,2,193,0.0,4,1,True,False,MEDIUM,WAIT_NATIVE_RETRY,none,37.858,0
episode_00456,29900,BANK_OR_NETWORK,card,pending,2,1,100,0.666667,3,0,True,True,HIGH,SEND_NUDGE,medium,61.069,0
episode_00457,149900,TEMPORARY_FUNDS,upi,halted,4,5,142,0.666667,3,0,False,False,HIGH,SEND_NUDGE,none,6.109,1
episode_00458,29900,TEMPORARY_FUNDS,card,pending,2,5,125,0.0,1,0,True,False,HIGH,SEND_NUDGE,none,30.595,0
episode_00459,29900,TEMPORARY_FUNDS,card,pending,2,3,482,1.0,2,0,True,False,MEDIUM,SEND_NUDGE,none,26.792,1
episode_00460,69900,MANDATE_OR_AUTH_INVALID,card,pending,2,2,88,1.0,2,0,True,False,MEDIUM,WAIT_NATIVE_RETRY,none,37.964,0
episode_00461,29900,CUSTOMER_AUTH_FAILURE,upi,pending,2,1,110,1.0,4,1,True,False,HIGH,STOP_AND_ESCALATE,none,4.599,1
episode_00462,29900,UNKNOWN,card,pending,3,1,190,0.0,0,0,True,False,LOW,STOP_AND_ESCALATE,none,34.185,0
episode_00463,69900,TEMPORARY_FUNDS,upi,pending,3,1,59,0.5,2,0,True,False,MEDIUM,WAIT_NATIVE_RETRY,none,15.432,1
episode_00464,29900,BANK_OR_NETWORK,card,halted,1,4,462,0.0,2,1,False,True,HIGH,SEND_NUDGE,high,7.107,1
episode_00465,69900,TEMPORARY_FUNDS,card,pending,1,3,126,0.0,0,0,True,False,HIGH,STOP_AND_ESCALATE,none,20.383,0
episode_00466,29900,MANDATE_OR_AUTH_INVALID,card,pending,2,3,191,0.333333,3,1,True,False,HIGH,WAIT_NATIVE_RETRY,none,48.869,0
episode_00467,69900,TEMPORARY_FUNDS,card,pending,1,2,69,0.0,2,0,True,False,MEDIUM,SEND_NUDGE,none,71.433,0
episode_00468,149900,PAYMENT_METHOD_INVALID,unknown,halted,2,2,61,0.5,2,1,False,False,HIGH,SEND_NUDGE,none,30.432,0
episode_00469,29900,MANDATE_OR_AUTH_INVALID,card,halted,3,2,135,0.0,2,0,False,False,HIGH,REQUEST_CARD_UPDATE,none,32.946,0
episode_00470,69900,TEMPORARY_FUNDS,upi,pending,2,1,22,0.333333,3,1,True,False,MEDIUM,SEND_NUDGE,none,5.523,1
episode_00471,29900,PAYMENT_METHOD_INVALID,emandate,pending,2,2,337,0.5,4,0,True,False,MEDIUM,WAIT_NATIVE_RETRY,none,6.246,0
episode_00472,149900,BANK_OR_NETWORK,card,pending,2,2,59,0.2,5,2,True,False,HIGH,WAIT_NATIVE_RETRY,none,77.919,1
episode_00473,69900,CUSTOMER_AUTH_FAILURE,card,pending,2,1,144,1.0,1,0,True,False,MEDIUM,REQUEST_CARD_UPDATE,none,10.251,1
episode_00474,69900,MANDATE_OR_AUTH_INVALID,upi,halted,1,2,38,0.0,4,2,False,False,LOW,STOP_AND_ESCALATE,none,7.55,0
episode_00475,29900,PAYMENT_METHOD_INVALID,upi,pending,3,2,202,0.5,2,0,True,False,HIGH,WAIT_NATIVE_RETRY,none,30.342,0
episode_00476,29900,PAYMENT_METHOD_INVALID,card,pending,2,1,206,0.0,0,0,True,False,HIGH,STOP_AND_ESCALATE,none,45.695,0
episode_00477,29900,CUSTOMER_AUTH_FAILURE,emandate,pending,1,2,115,0.0,0,1,True,False,MEDIUM,SEND_NUDGE,none,64.386,1
episode_00478,69900,CUSTOMER_AUTH_FAILURE,upi,pending,2,1,87,0.4,5,0,True,False,MEDIUM,REQUEST_CARD_UPDATE,none,38.21,0
episode_00479,29900,TEMPORARY_FUNDS,upi,pending,2,3,181,0.0,0,2,True,False,MEDIUM,REQUEST_CARD_UPDATE,none,37.475,0
episode_00480,29900,CUSTOMER_AUTH_FAILURE,upi,pending,3,4,312,1.0,1,1,True,False,HIGH,WAIT_NATIVE_RETRY,none,7.827,1
episode_00481,29900,TEMPORARY_FUNDS,card,pending,2,2,322,0.5,2,1,True,False,MEDIUM,WAIT_NATIVE_RETRY,none,27.882,1
episode_00482,149900,UNKNOWN,emandate,pending,2,4,506,1.0,2,1,True,False,LOW,REQUEST_CARD_UPDATE,none,26.991,0
episode_00483,69900,BANK_OR_NETWORK,upi,pending,2,1,114,1.0,4,0,True,False,HIGH,SEND_NUDGE,none,21.61,1
episode_00484,29900,TEMPORARY_FUNDS,card,halted,2,2,234,0.333333,3,2,False,False,HIGH,WAIT_NATIVE_RETRY,none,13.444,0
episode_00485,149900,BANK_OR_NETWORK,upi,halted,2,2,167,1.0,1,0,False,True,HIGH,REQUEST_CARD_UPDATE,medium,32.952,0
episode_00486,29900,UNKNOWN,card,pending,1,4,189,1.0,1,0,True,False,HIGH,REQUEST_CARD_UPDATE,none,5.021,1
episode_00487,29900,TEMPORARY_FUNDS,emandate,pending,2,1,93,0.0,1,0,True,False,HIGH,REQUEST_CARD_UPDATE,none,24.474,0
episode_00488,69900,BANK_OR_NETWORK,card,halted,2,3,31,0.333333,3,1,False,False,LOW,SEND_NUDGE,none,65.16,0
episode_00489,29900,UNKNOWN,card,halted,2,1,410,0.25,4,0,False,False,LOW,SEND_NUDGE,none,5.936,0
episode_00490,29900,CUSTOMER_AUTH_FAILURE,upi,pending,1,1,127,1.0,1,0,True,False,LOW,STOP_AND_ESCALATE,none,72.37,1
episode_00491,149900,TEMPORARY_FUNDS,emandate,halted,2,2,177,1.0,1,0,False,False,MEDIUM,WAIT_NATIVE_RETRY,none,20.521,1
episode_00492,29900,MANDATE_OR_AUTH_INVALID,card,pending,3,2,550,1.0,1,1,True,False,LOW,SEND_NUDGE,none,11.895,0
episode_00493,29900,BANK_OR_NETWORK,card,pending,1,1,188,0.5,4,0,True,True,MEDIUM,STOP_AND_ESCALATE,high,27.687,0
episode_00494,29900,CUSTOMER_AUTH_FAILURE,card,pending,3,2,417,1.0,1,0,True,False,HIGH,WAIT_NATIVE_RETRY,none,27.799,1
episode_00495,69900,PAYMENT_METHOD_INVALID,card,halted,4,2,201,1.0,1,0,False,False,HIGH,REQUEST_CARD_UPDATE,none,31.788,0
episode_00496,29900,CUSTOMER_AUTH_FAILURE,card,pending,1,2,126,0.0,2,1,True,False,HIGH,STOP_AND_ESCALATE,none,18.231,0
episode_00497,29900,TEMPORARY_FUNDS,upi,halted,4,1,144,0.333333,3,0,False,False,MEDIUM,SEND_NUDGE,none,31.852,1
episode_00498,149900,MANDATE_OR_AUTH_INVALID,card,pending,2,1,190,0.0,3,1,True,False,HIGH,WAIT_NATIVE_RETRY,none,9.391,0
episode_00499,29900,CUSTOMER_AUTH_FAILURE,card,pending,3,2,166,0.0,0,0,True,False,HIGH,WAIT_NATIVE_RETRY,none,40.359,1
episode_00500,29900,PAYMENT_METHOD_INVALID,upi,pending,4,2,114,0.0,2,0,True,False,HIGH,WAIT_NATIVE_RETRY,none,18.812,1
episode_00501,29900,CUSTOMER_AUTH_FAILURE,card,pending,2,1,159,0.333333,3,0,True,False,HIGH,REQUEST_CARD_UPDATE,none,8.156,1
episode_00502,69900,BANK_OR_NETWORK,netbanking,halted,2,2,113,1.0,2,0,False,False,HIGH,WAIT_NATIVE_RETRY,none,28.825,0
episode_00503,29900,UNKNOWN,emandate,pending,2,1,356,0.0,2,1,True,False,LOW,REQUEST_CARD_UPDATE,none,7.006,1
episode_00504,29900,CUSTOMER_AUTH_FAILURE,emandate,pending,2,1,367,0.5,2,1,True,False,HIGH,WAIT_NATIVE_RETRY,none,20.664,0
episode_00505,29900,CUSTOMER_AUTH_FAILURE,card,pending,1,2,128,0.5,4,0,True,False,HIGH,WAIT_NATIVE_RETRY,none,10.842,1
episode_00506,29900,TEMPORARY_FUNDS,upi,halted,3,1,73,0.0,1,0,False,False,HIGH,STOP_AND_ESCALATE,none,10.896,0
episode_00507,29900,CUSTOMER_AUTH_FAILURE,upi,pending,3,2,203,0.0,1,1,True,False,MEDIUM,WAIT_NATIVE_RETRY,none,92.638,1
episode_00508,149900,BANK_OR_NETWORK,card,pending,1,1,73,0.0,3,0,True,False,MEDIUM,STOP_AND_ESCALATE,none,27.662,0
episode_00509,69900,BANK_OR_NETWORK,card,pending,5,4,117,0.666667,3,1,True,True,LOW,STOP_AND_ESCALATE,low,12.219,0
episode_00510,29900,UNKNOWN,unknown,pending,4,3,138,0.5,2,1,True,False,MEDIUM,REQUEST_CARD_UPDATE,none,47.822,0
episode_00511,29900,CUSTOMER_AUTH_FAILURE,card,pending,2,2,246,0.666667,3,0,True,False,HIGH,REQUEST_CARD_UPDATE,none,9.038,1
episode_00512,29900,BANK_OR_NETWORK,upi,pending,1,1,339,0.0,2,0,True,False,HIGH,STOP_AND_ESCALATE,none,45.243,0
episode_00513,149900,TEMPORARY_FUNDS,upi,pending,3,2,90,0.0,2,0,True,False,MEDIUM,WAIT_NATIVE_RETRY,none,19.58,1
episode_00514,29900,CUSTOMER_AUTH_FAILURE,card,pending,2,1,475,1.0,2,0,True,False,MEDIUM,STOP_AND_ESCALATE,none,15.868,1
episode_00515,29900,MANDATE_OR_AUTH_INVALID,emandate,halted,2,1,244,0.0,2,1,False,False,HIGH,STOP_AND_ESCALATE,none,33.39,0
episode_00516,29900,BANK_OR_NETWORK,upi,pending,1,2,267,0.0,4,0,True,False,MEDIUM,WAIT_NATIVE_RETRY,none,7.367,1
episode_00517,149900,PAYMENT_METHOD_INVALID,card,pending,4,1,129,0.666667,3,0,True,False,LOW,STOP_AND_ESCALATE,none,5.812,0
episode_00518,69900,CUSTOMER_AUTH_FAILURE,upi,pending,3,2,319,0.0,1,0,True,True,HIGH,WAIT_NATIVE_RETRY,low,36.461,1
episode_00519,69900,UNKNOWN,unknown,pending,1,1,143,0.0,2,0,True,False,HIGH,REQUEST_CARD_UPDATE,none,49.754,1
episode_00520,29900,TEMPORARY_FUNDS,card,pending,2,2,343,0.0,3,0,True,False,MEDIUM,STOP_AND_ESCALATE,none,105.049,0
episode_00521,69900,UNKNOWN,netbanking,pending,1,4,179,0.0,3,0,True,False,MEDIUM,STOP_AND_ESCALATE,none,19.488,0
episode_00522,69900,MANDATE_OR_AUTH_INVALID,card,pending,3,1,75,0.333333,3,0,True,False,MEDIUM,SEND_NUDGE,none,9.222,0
episode_00523,29900,PAYMENT_METHOD_INVALID,card,pending,3,3,414,0.0,2,1,True,False,HIGH,WAIT_NATIVE_RETRY,none,9.917,0
episode_00524,69900,MANDATE_OR_AUTH_INVALID,card,halted,1,2,32,0.0,0,1,False,True,HIGH,REQUEST_CARD_UPDATE,high,36.55,0
episode_00525,29900,PAYMENT_METHOD_INVALID,upi,pending,3,2,148,1.0,1,0,True,False,HIGH,STOP_AND_ESCALATE,none,30.158,0
episode_00526,29900,CUSTOMER_AUTH_FAILURE,card,pending,1,1,166,0.0,1,0,True,True,HIGH,WAIT_NATIVE_RETRY,medium,20.669,1
episode_00527,29900,UNKNOWN,card,halted,2,1,121,0.0,1,0,False,False,LOW,SEND_NUDGE,none,19.886,1
episode_00528,69900,PAYMENT_METHOD_INVALID,card,halted,1,2,136,1.0,1,3,False,False,HIGH,SEND_NUDGE,none,15.454,0
episode_00529,69900,CUSTOMER_AUTH_FAILURE,card,pending,1,2,214,0.0,1,0,True,False,MEDIUM,SEND_NUDGE,none,67.716,1
episode_00530,29900,BANK_OR_NETWORK,emandate,pending,3,2,208,0.0,0,2,True,True,LOW,WAIT_NATIVE_RETRY,medium,23.977,1
episode_00531,29900,CUSTOMER_AUTH_FAILURE,card,halted,2,1,57,0.5,2,0,False,False,HIGH,REQUEST_CARD_UPDATE,none,22.741,1
episode_00532,29900,UNKNOWN,card,halted,2,2,498,0.333333,3,0,False,False,MEDIUM,SEND_NUDGE,none,92.859,1
episode_00533,29900,PAYMENT_METHOD_INVALID,unknown,halted,1,1,386,1.0,1,0,False,False,HIGH,STOP_AND_ESCALATE,none,26.438,0
episode_00534,69900,BANK_OR_NETWORK,card,pending,3,1,117,0.2,5,1,True,False,HIGH,WAIT_NATIVE_RETRY,none,56.804,1
episode_00535,29900,CUSTOMER_AUTH_FAILURE,card,pending,1,1,21,0.0,0,0,True,False,LOW,STOP_AND_ESCALATE,none,4.951,0
episode_00536,29900,CUSTOMER_AUTH_FAILURE,card,pending,1,1,329,1.0,1,1,True,False,HIGH,SEND_NUDGE,none,17.453,1
episode_00537,69900,UNKNOWN,netbanking,pending,5,2,138,0.75,4,0,True,False,MEDIUM,SEND_NUDGE,none,19.079,1
episode_00538,69900,UNKNOWN,card,halted,1,1,251,0.5,2,0,False,True,MEDIUM,WAIT_NATIVE_RETRY,high,6.73,0
episode_00539,29900,UNKNOWN,card,pending,2,2,57,0.0,0,0,True,False,MEDIUM,WAIT_NATIVE_RETRY,none,49.726,1
episode_00540,29900,MANDATE_OR_AUTH_INVALID,netbanking,halted,2,1,99,0.142857,7,1,False,True,HIGH,SEND_NUDGE,low,11.631,1
episode_00541,69900,TEMPORARY_FUNDS,unknown,pending,4,1,202,0.333333,3,0,True,False,HIGH,WAIT_NATIVE_RETRY,none,4.374,1
episode_00542,29900,PAYMENT_METHOD_INVALID,netbanking,pending,2,2,231,0.0,1,0,True,False,HIGH,SEND_NUDGE,none,44.387,0
episode_00543,69900,UNKNOWN,card,halted,3,1,64,0.0,2,2,False,False,HIGH,SEND_NUDGE,none,28.316,0
episode_00544,69900,TEMPORARY_FUNDS,card,pending,1,2,454,0.0,1,1,True,False,HIGH,WAIT_NATIVE_RETRY,none,48.115,1
episode_00545,69900,CUSTOMER_AUTH_FAILURE,unknown,pending,1,3,515,0.0,2,0,True,False,HIGH,WAIT_NATIVE_RETRY,none,10.025,1
episode_00546,69900,PAYMENT_METHOD_INVALID,card,pending,1,2,85,0.0,1,1,True,False,HIGH,STOP_AND_ESCALATE,none,18.868,0
episode_00547,69900,TEMPORARY_FUNDS,emandate,pending,1,1,183,0.0,0,0,True,False,MEDIUM,STOP_AND_ESCALATE,none,24.332,0
episode_00548,69900,UNKNOWN,card,pending,3,3,45,0.0,1,0,True,False,LOW,SEND_NUDGE,none,16.47,0
episode_00549,149900,TEMPORARY_FUNDS,card,pending,2,2,136,0.0,2,0,True,False,MEDIUM,REQUEST_CARD_UPDATE,none,28.768,1
episode_00550,29900,CUSTOMER_AUTH_FAILURE,card,pending,2,2,299,1.0,2,0,True,False,HIGH,REQUEST_CARD_UPDATE,none,19.227,0
episode_00551,149900,TEMPORARY_FUNDS,netbanking,pending,1,2,149,0.75,4,2,True,False,HIGH,WAIT_NATIVE_RETRY,none,7.022,1
episode_00552,29900,TEMPORARY_FUNDS,netbanking,halted,2,1,27,0.5,2,2,False,False,HIGH,REQUEST_CARD_UPDATE,none,35.649,1
episode_00553,29900,PAYMENT_METHOD_INVALID,card,pending,1,2,178,0.333333,3,0,True,True,HIGH,SEND_NUDGE,low,69.541,0
episode_00554,29900,TEMPORARY_FUNDS,emandate,pending,1,2,98,0.0,1,1,True,False,LOW,SEND_NUDGE,none,39.348,0
episode_00555,29900,BANK_OR_NETWORK,upi,pending,4,2,130,0.0,0,0,True,False,HIGH,REQUEST_CARD_UPDATE,none,48.701,0
episode_00556,69900,BANK_OR_NETWORK,upi,halted,2,1,100,0.25,4,0,False,False,HIGH,SEND_NUDGE,none,31.263,1
episode_00557,69900,PAYMENT_METHOD_INVALID,emandate,pending,1,2,103,1.0,2,0,True,False,MEDIUM,REQUEST_CARD_UPDATE,none,58.007,1
episode_00558,69900,PAYMENT_METHOD_INVALID,card,pending,3,1,198,0.333333,3,3,True,False,HIGH,REQUEST_CARD_UPDATE,none,63.085,1
episode_00559,29900,UNKNOWN,card,pending,1,1,53,0.4,5,1,True,False,LOW,SEND_NUDGE,none,27.348,0
episode_00560,29900,PAYMENT_METHOD_INVALID,card,pending,1,3,148,0.5,2,0,True,False,MEDIUM,SEND_NUDGE,none,13.894,0
episode_00561,29900,PAYMENT_METHOD_INVALID,emandate,halted,2,1,532,0.5,2,0,False,False,HIGH,STOP_AND_ESCALATE,none,21.563,0
episode_00562,69900,UNKNOWN,upi,halted,2,2,74,0.0,2,0,False,False,LOW,WAIT_NATIVE_RETRY,none,2.841,1
episode_00563,69900,PAYMENT_METHOD_INVALID,upi,pending,3,2,137,0.25,4,0,True,False,MEDIUM,STOP_AND_ESCALATE,none,24.137,0
episode_00564,149900,TEMPORARY_FUNDS,upi,pending,1,1,156,1.0,2,2,True,False,HIGH,STOP_AND_ESCALATE,none,10.989,1
episode_00565,149900,BANK_OR_NETWORK,netbanking,pending,2,4,141,0.333333,3,0,True,False,HIGH,SEND_NUDGE,none,28.492,0
episode_00566,149900,PAYMENT_METHOD_INVALID,card,pending,4,1,189,0.75,4,2,True,False,MEDIUM,WAIT_NATIVE_RETRY,none,36.242,0
episode_00567,149900,BANK_OR_NETWORK,card,pending,4,2,504,0.75,4,0,True,False,HIGH,SEND_NUDGE,none,44.179,0
episode_00568,69900,BANK_OR_NETWORK,netbanking,pending,4,2,96,0.5,2,0,True,False,HIGH,SEND_NUDGE,none,17.702,0
episode_00569,149900,TEMPORARY_FUNDS,upi,pending,1,1,240,0.0,2,2,True,False,HIGH,WAIT_NATIVE_RETRY,none,47.281,0
episode_00570,29900,MANDATE_OR_AUTH_INVALID,upi,pending,1,2,123,1.0,2,1,True,False,LOW,SEND_NUDGE,none,4.24,0
episode_00571,69900,MANDATE_OR_AUTH_INVALID,upi,halted,2,4,326,0.0,4,0,False,False,HIGH,REQUEST_CARD_UPDATE,none,11.677,0
episode_00572,29900,UNKNOWN,upi,pending,2,2,104,0.333333,3,0,True,False,LOW,STOP_AND_ESCALATE,none,9.906,1
episode_00573,29900,TEMPORARY_FUNDS,netbanking,pending,3,4,166,0.666667,3,0,True,False,HIGH,REQUEST_CARD_UPDATE,none,18.879,1
episode_00574,29900,BANK_OR_NETWORK,card,pending,2,2,126,0.333333,3,0,True,False,HIGH,STOP_AND_ESCALATE,none,7.288,0
episode_00575,29900,TEMPORARY_FUNDS,upi,pending,1,3,689,0.0,2,2,True,False,HIGH,REQUEST_CARD_UPDATE,none,48.029,1
episode_00576,29900,PAYMENT_METHOD_INVALID,upi,halted,3,2,60,0.428571,7,2,False,False,HIGH,REQUEST_CARD_UPDATE,none,29.792,1
episode_00577,29900,TEMPORARY_FUNDS,card,pending,4,2,426,0.0,3,1,True,False,MEDIUM,STOP_AND_ESCALATE,none,33.039,0
episode_00578,149900,BANK_OR_NETWORK,card,pending,2,1,225,1.0,2,0,True,False,HIGH,WAIT_NATIVE_RETRY,none,22.635,1
episode_00579,29900,TEMPORARY_FUNDS,card,pending,3,6,304,1.0,1,0,True,False,HIGH,SEND_NUDGE,none,30.647,0
episode_00580,69900,PAYMENT_METHOD_INVALID,card,pending,3,1,205,0.5,2,0,True,True,MEDIUM,WAIT_NATIVE_RETRY,medium,28.589,0
episode_00581,69900,UNKNOWN,card,pending,1,3,72,0.333333,3,0,True,False,MEDIUM,WAIT_NATIVE_RETRY,none,21.115,1
episode_00582,69900,CUSTOMER_AUTH_FAILURE,card,halted,1,2,363,0.0,1,1,False,False,MEDIUM,REQUEST_CARD_UPDATE,none,12.222,0
episode_00583,69900,CUSTOMER_AUTH_FAILURE,upi,pending,1,1,209,0.0,1,0,True,False,HIGH,WAIT_NATIVE_RETRY,none,37.461,0
episode_00584,69900,PAYMENT_METHOD_INVALID,upi,halted,2,2,260,0.0,0,0,False,False,HIGH,REQUEST_CARD_UPDATE,none,29.232,0
episode_00585,29900,UNKNOWN,upi,pending,6,2,111,0.5,2,1,True,False,MEDIUM,SEND_NUDGE,none,10.415,1
episode_00586,29900,PAYMENT_METHOD_INVALID,unknown,halted,6,1,274,0.5,2,0,False,False,HIGH,WAIT_NATIVE_RETRY,none,12.802,0
episode_00587,69900,MANDATE_OR_AUTH_INVALID,upi,pending,3,1,283,1.0,1,0,True,False,HIGH,WAIT_NATIVE_RETRY,none,18.782,0
episode_00588,149900,BANK_OR_NETWORK,unknown,pending,3,2,213,0.5,2,1,True,False,MEDIUM,STOP_AND_ESCALATE,none,12.511,1
episode_00589,69900,MANDATE_OR_AUTH_INVALID,card,pending,1,2,43,1.0,3,3,True,False,HIGH,REQUEST_CARD_UPDATE,none,32.952,0
episode_00590,69900,TEMPORARY_FUNDS,upi,pending,2,2,33,0.5,2,1,True,False,HIGH,WAIT_NATIVE_RETRY,none,47.711,1
episode_00591,69900,TEMPORARY_FUNDS,card,halted,2,1,119,1.0,1,0,False,True,HIGH,STOP_AND_ESCALATE,low,13.706,0
episode_00592,29900,CUSTOMER_AUTH_FAILURE,emandate,halted,2,2,198,0.0,5,1,False,False,HIGH,WAIT_NATIVE_RETRY,none,48.352,0
episode_00593,29900,BANK_OR_NETWORK,card,pending,2,2,199,0.5,2,0,True,False,HIGH,STOP_AND_ESCALATE,none,3.125,1
episode_00594,29900,CUSTOMER_AUTH_FAILURE,card,pending,3,1,397,0.666667,3,2,True,False,MEDIUM,WAIT_NATIVE_RETRY,none,23.26,1
episode_00595,69900,BANK_OR_NETWORK,card,pending,1,2,180,0.5,2,2,True,False,HIGH,SEND_NUDGE,none,1.869,1
episode_00596,69900,TEMPORARY_FUNDS,card,pending,2,1,496,0.833333,6,0,True,False,HIGH,REQUEST_CARD_UPDATE,none,29.449,1
episode_00597,69900,MANDATE_OR_AUTH_INVALID,netbanking,pending,2,1,64,0.0,0,2,True,False,HIGH,REQUEST_CARD_UPDATE,none,95.572,0
episode_00598,29900,UNKNOWN,card,pending,2,1,103,0.0,2,0,True,True,MEDIUM,WAIT_NATIVE_RETRY,medium,78.527,1
episode_00599,29900,MANDATE_OR_AUTH_INVALID,card,pending,1,2,97,1.0,2,2,True,False,HIGH,SEND_NUDGE,none,7.985,0
episode_00600,29900,TEMPORARY_FUNDS,card,pending,3,3,610,0.0,0,0,True,False,MEDIUM,SEND_NUDGE,none,94.284,1
episode_00601,69900,PAYMENT_METHOD_INVALID,card,halted,2,1,101,0.0,1,1,False,False,HIGH,REQUEST_CARD_UPDATE,none,7.483,0
episode_00602,69900,BANK_OR_NETWORK,emandate,pending,2,1,52,0.0,0,0,True,False,LOW,WAIT_NATIVE_RETRY,none,23.024,1
episode_00603,69900,TEMPORARY_FUNDS,upi,pending,2,2,207,0.5,2,2,True,False,HIGH,WAIT_NATIVE_RETRY,none,25.099,0
episode_00604,149900,PAYMENT_METHOD_INVALID,upi,pending,1,3,302,0.8,5,2,True,False,HIGH,SEND_NUDGE,none,86.021,0
episode_00605,69900,TEMPORARY_FUNDS,card,pending,1,2,265,0.333333,3,0,True,False,MEDIUM,REQUEST_CARD_UPDATE,none,12.927,0
episode_00606,69900,MANDATE_OR_AUTH_INVALID,card,pending,1,2,32,0.8,5,0,True,False,MEDIUM,SEND_NUDGE,none,9.336,0
episode_00607,69900,PAYMENT_METHOD_INVALID,unknown,halted,4,5,313,0.0,0,3,False,False,HIGH,WAIT_NATIVE_RETRY,none,25.963,0
episode_00608,29900,MANDATE_OR_AUTH_INVALID,card,pending,2,2,281,1.0,1,1,True,False,HIGH,SEND_NUDGE,none,70.065,0
episode_00609,69900,MANDATE_OR_AUTH_INVALID,card,pending,3,1,27,0.75,4,0,True,False,HIGH,WAIT_NATIVE_RETRY,none,11.059,0
episode_00610,69900,BANK_OR_NETWORK,card,pending,3,2,117,0.0,1,2,True,False,HIGH,SEND_NUDGE,none,15.176,1
episode_00611,29900,UNKNOWN,upi,pending,1,1,12,1.0,1,0,True,False,MEDIUM,REQUEST_CARD_UPDATE,none,5.718,1
episode_00612,149900,CUSTOMER_AUTH_FAILURE,emandate,pending,3,1,40,0.0,1,0,True,False,HIGH,SEND_NUDGE,none,15.418,0
episode_00613,69900,CUSTOMER_AUTH_FAILURE,card,halted,2,2,115,0.0,0,2,False,False,HIGH,REQUEST_CARD_UPDATE,none,26.854,0
episode_00614,29900,CUSTOMER_AUTH_FAILURE,card,pending,2,3,162,0.333333,3,0,True,False,LOW,REQUEST_CARD_UPDATE,none,87.504,0
episode_00615,149900,PAYMENT_METHOD_INVALID,netbanking,halted,2,2,152,0.0,0,2,False,False,HIGH,WAIT_NATIVE_RETRY,none,49.533,0
episode_00616,29900,TEMPORARY_FUNDS,upi,pending,1,2,148,1.0,3,1,True,False,MEDIUM,STOP_AND_ESCALATE,none,13.444,1
episode_00617,149900,MANDATE_OR_AUTH_INVALID,card,pending,1,1,224,0.5,2,0,True,False,HIGH,REQUEST_CARD_UPDATE,none,23.016,0
episode_00618,69900,BANK_OR_NETWORK,card,pending,1,2,120,0.0,3,1,True,False,HIGH,STOP_AND_ESCALATE,none,8.405,0
episode_00619,149900,TEMPORARY_FUNDS,card,pending,2,1,195,0.0,2,2,True,False,MEDIUM,WAIT_NATIVE_RETRY,none,35.204,1
episode_00620,29900,CUSTOMER_AUTH_FAILURE,upi,pending,2,1,211,0.166667,6,2,True,False,MEDIUM,WAIT_NATIVE_RETRY,none,12.649,1
episode_00621,149900,PAYMENT_METHOD_INVALID,card,pending,1,1,99,1.0,1,1,True,False,MEDIUM,WAIT_NATIVE_RETRY,none,12.785,1
episode_00622,69900,UNKNOWN,card,pending,2,3,182,0.666667,3,1,True,False,LOW,REQUEST_CARD_UPDATE,none,9.572,0
episode_00623,29900,PAYMENT_METHOD_INVALID,upi,halted,2,1,38,0.75,4,0,False,False,HIGH,SEND_NUDGE,none,16.018,1
episode_00624,29900,TEMPORARY_FUNDS,card,halted,1,1,183,0.0,0,2,False,False,HIGH,SEND_NUDGE,none,33.337,0
episode_00625,69900,BANK_OR_NETWORK,card,pending,3,3,35,0.0,2,1,True,False,LOW,SEND_NUDGE,none,11.458,1
episode_00626,29900,UNKNOWN,upi,pending,3,1,86,0.0,0,0,True,False,LOW,WAIT_NATIVE_RETRY,none,66.352,0
episode_00627,69900,CUSTOMER_AUTH_FAILURE,card,pending,3,2,104,0.333333,3,0,True,False,HIGH,SEND_NUDGE,none,4.507,0
episode_00628,69900,BANK_OR_NETWORK,emandate,pending,3,1,160,0.5,4,0,True,False,MEDIUM,SEND_NUDGE,none,36.111,0
episode_00629,69900,PAYMENT_METHOD_INVALID,card,pending,3,1,166,0.0,0,0,True,False,HIGH,SEND_NUDGE,none,122.975,0
episode_00630,29900,TEMPORARY_FUNDS,upi,pending,1,1,176,0.0,3,1,True,False,MEDIUM,STOP_AND_ESCALATE,none,60.385,0
episode_00631,149900,UNKNOWN,upi,pending,3,1,139,0.5,2,0,True,False,MEDIUM,WAIT_NATIVE_RETRY,none,38.288,1
episode_00632,69900,MANDATE_OR_AUTH_INVALID,upi,pending,5,1,121,0.0,1,3,True,False,HIGH,SEND_NUDGE,none,22.432,0
episode_00633,29900,PAYMENT_METHOD_INVALID,card,pending,2,1,92,0.0,2,0,True,False,HIGH,REQUEST_CARD_UPDATE,none,29.407,0
episode_00634,149900,TEMPORARY_FUNDS,card,pending,3,3,160,0.0,0,0,True,False,HIGH,REQUEST_CARD_UPDATE,none,94.207,0
episode_00635,149900,MANDATE_OR_AUTH_INVALID,unknown,pending,2,1,102,0.0,2,1,True,False,HIGH,STOP_AND_ESCALATE,none,1.872,0
episode_00636,69900,PAYMENT_METHOD_INVALID,card,pending,2,1,109,0.0,1,1,True,True,HIGH,WAIT_NATIVE_RETRY,high,28.996,0
episode_00637,69900,BANK_OR_NETWORK,card,pending,1,2,377,0.0,4,0,True,False,LOW,SEND_NUDGE,none,42.374,1
episode_00638,69900,UNKNOWN,card,halted,5,1,85,0.0,1,1,False,False,MEDIUM,STOP_AND_ESCALATE,none,15.748,0
episode_00639,29900,BANK_OR_NETWORK,emandate,pending,2,2,446,0.333333,3,2,True,False,LOW,REQUEST_CARD_UPDATE,none,36.802,0
episode_00640,69900,TEMPORARY_FUNDS,netbanking,halted,3,3,167,1.0,1,3,False,False,MEDIUM,WAIT_NATIVE_RETRY,none,96.202,0
episode_00641,69900,UNKNOWN,card,pending,2,3,213,1.0,1,3,True,False,MEDIUM,SEND_NUDGE,none,24.512,0
episode_00642,149900,CUSTOMER_AUTH_FAILURE,card,halted,2,1,308,0.0,1,1,False,False,HIGH,REQUEST_CARD_UPDATE,none,38.342,1
episode_00643,69900,TEMPORARY_FUNDS,card,pending,1,2,96,1.0,1,2,True,False,HIGH,REQUEST_CARD_UPDATE,none,32.955,0
episode_00644,69900,BANK_OR_NETWORK,card,pending,3,2,490,1.0,1,3,True,True,HIGH,REQUEST_CARD_UPDATE,medium,71.321,0
episode_00645,69900,BANK_OR_NETWORK,card,pending,1,1,269,0.0,3,0,True,True,HIGH,WAIT_NATIVE_RETRY,high,16.202,1
episode_00646,69900,PAYMENT_METHOD_INVALID,card,halted,3,1,70,0.0,2,0,False,False,HIGH,WAIT_NATIVE_RETRY,none,45.335,1
episode_00647,69900,TEMPORARY_FUNDS,card,pending,3,1,296,0.0,9,0,True,False,HIGH,STOP_AND_ESCALATE,none,21.915,0
episode_00648,29900,UNKNOWN,emandate,pending,1,1,206,0.6,5,0,True,False,MEDIUM,REQUEST_CARD_UPDATE,none,10.124,0
episode_00649,29900,TEMPORARY_FUNDS,card,pending,2,1,92,1.0,2,0,True,False,HIGH,SEND_NUDGE,none,61.924,1
episode_00650,149900,BANK_OR_NETWORK,card,pending,2,4,232,0.5,2,0,True,False,HIGH,REQUEST_CARD_UPDATE,none,24.242,0
episode_00651,69900,PAYMENT_METHOD_INVALID,card,pending,1,3,215,0.0,2,0,True,False,HIGH,WAIT_NATIVE_RETRY,none,63.956,0
episode_00652,149900,PAYMENT_METHOD_INVALID,card,halted,3,1,310,0.0,4,1,False,False,MEDIUM,REQUEST_CARD_UPDATE,none,17.991,0
episode_00653,29900,CUSTOMER_AUTH_FAILURE,upi,pending,3,1,98,0.0,0,1,True,True,HIGH,REQUEST_CARD_UPDATE,medium,25.126,0
episode_00654,29900,TEMPORARY_FUNDS,card,pending,3,1,166,0.333333,3,0,True,False,HIGH,SEND_NUDGE,none,6.844,1
episode_00655,69900,UNKNOWN,card,halted,5,1,268,0.0,2,0,False,False,LOW,REQUEST_CARD_UPDATE,none,42.704,0
episode_00656,29900,TEMPORARY_FUNDS,netbanking,pending,1,2,245,1.0,1,3,True,False,LOW,WAIT_NATIVE_RETRY,none,41.176,1
episode_00657,69900,TEMPORARY_FUNDS,card,halted,1,2,232,0.0,1,1,False,False,HIGH,SEND_NUDGE,none,24.039,1
episode_00658,149900,BANK_OR_NETWORK,card,pending,4,1,200,0.666667,3,0,True,False,HIGH,WAIT_NATIVE_RETRY,none,9.128,1
episode_00659,69900,TEMPORARY_FUNDS,upi,pending,2,2,89,0.333333,3,3,True,False,HIGH,WAIT_NATIVE_RETRY,none,42.054,0
episode_00660,69900,CUSTOMER_AUTH_FAILURE,card,pending,1,1,125,0.0,4,1,True,False,MEDIUM,REQUEST_CARD_UPDATE,none,33.93,0
episode_00661,149900,BANK_OR_NETWORK,netbanking,halted,3,1,150,0.5,2,1,False,False,MEDIUM,WAIT_NATIVE_RETRY,none,33.334,0
episode_00662,69900,BANK_OR_NETWORK,card,pending,1,3,104,0.333333,3,0,True,False,HIGH,WAIT_NATIVE_RETRY,none,26.188,1
episode_00663,29900,TEMPORARY_FUNDS,emandate,halted,1,2,429,0.0,2,0,False,False,MEDIUM,REQUEST_CARD_UPDATE,none,7.943,0
episode_00664,149900,CUSTOMER_AUTH_FAILURE,card,halted,1,1,112,0.666667,3,2,False,False,HIGH,REQUEST_CARD_UPDATE,none,70.702,1
episode_00665,69900,BANK_OR_NETWORK,upi,halted,1,1,316,0.0,2,3,False,True,HIGH,STOP_AND_ESCALATE,low,23.942,0
episode_00666,69900,MANDATE_OR_AUTH_INVALID,upi,pending,2,3,351,0.0,1,0,True,False,HIGH,WAIT_NATIVE_RETRY,none,6.22,0
episode_00667,29900,PAYMENT_METHOD_INVALID,netbanking,pending,3,2,345,0.0,3,1,True,False,MEDIUM,STOP_AND_ESCALATE,none,6.406,0
episode_00668,29900,PAYMENT_METHOD_INVALID,card,pending,4,3,185,0.0,0,1,True,False,HIGH,STOP_AND_ESCALATE,none,56.031,0
episode_00669,69900,PAYMENT_METHOD_INVALID,netbanking,pending,2,1,168,0.0,2,0,True,False,HIGH,STOP_AND_ESCALATE,none,62.848,0
episode_00670,29900,TEMPORARY_FUNDS,upi,pending,2,3,111,1.0,1,0,True,False,MEDIUM,REQUEST_CARD_UPDATE,none,27.875,1
episode_00671,29900,PAYMENT_METHOD_INVALID,card,pending,1,2,319,0.0,0,0,True,True,HIGH,SEND_NUDGE,medium,126.888,0
episode_00672,29900,BANK_OR_NETWORK,upi,pending,2,2,135,0.333333,3,0,True,False,MEDIUM,REQUEST_CARD_UPDATE,none,99.342,1
episode_00673,29900,UNKNOWN,emandate,pending,2,2,119,0.25,4,1,True,False,MEDIUM,STOP_AND_ESCALATE,none,14.252,0
episode_00674,69900,MANDATE_OR_AUTH_INVALID,upi,halted,1,2,191,0.0,1,0,False,False,HIGH,WAIT_NATIVE_RETRY,none,25.724,0
episode_00675,69900,CUSTOMER_AUTH_FAILURE,card,pending,3,5,146,0.0,2,0,True,False,HIGH,WAIT_NATIVE_RETRY,none,41.221,1
episode_00676,29900,TEMPORARY_FUNDS,card,pending,3,2,202,0.666667,3,2,True,False,LOW,WAIT_NATIVE_RETRY,none,54.139,1
episode_00677,149900,BANK_OR_NETWORK,card,pending,1,2,36,0.0,0,1,True,False,HIGH,REQUEST_CARD_UPDATE,none,44.621,0
episode_00678,149900,CUSTOMER_AUTH_FAILURE,upi,pending,1,2,74,0.5,2,2,True,False,HIGH,STOP_AND_ESCALATE,none,21.526,0
episode_00679,69900,UNKNOWN,card,pending,4,1,86,0.25,4,0,True,False,LOW,WAIT_NATIVE_RETRY,none,20.969,0
episode_00680,29900,BANK_OR_NETWORK,emandate,pending,1,4,89,1.0,1,0,True,False,HIGH,REQUEST_CARD_UPDATE,none,13.171,1
episode_00681,69900,CUSTOMER_AUTH_FAILURE,card,pending,2,3,104,0.0,2,0,True,True,HIGH,WAIT_NATIVE_RETRY,low,29.768,0
episode_00682,69900,UNKNOWN,upi,pending,2,1,127,0.0,1,0,True,False,MEDIUM,WAIT_NATIVE_RETRY,none,26.836,0
episode_00683,69900,CUSTOMER_AUTH_FAILURE,emandate,halted,3,3,42,0.2,5,2,False,False,LOW,SEND_NUDGE,none,10.569,1
episode_00684,29900,MANDATE_OR_AUTH_INVALID,netbanking,halted,3,1,133,1.0,2,1,False,False,LOW,STOP_AND_ESCALATE,none,17.133,0
episode_00685,69900,TEMPORARY_FUNDS,card,pending,2,2,166,0.0,4,1,True,False,HIGH,SEND_NUDGE,none,48.84,1
episode_00686,149900,UNKNOWN,card,pending,3,1,23,1.0,2,0,True,False,LOW,WAIT_NATIVE_RETRY,none,23.603,1
episode_00687,29900,PAYMENT_METHOD_INVALID,upi,halted,3,1,129,1.0,1,0,False,False,MEDIUM,SEND_NUDGE,none,20.195,1
episode_00688,149900,CUSTOMER_AUTH_FAILURE,upi,pending,2,1,428,1.0,1,0,True,False,LOW,WAIT_NATIVE_RETRY,none,39.259,1
episode_00689,69900,PAYMENT_METHOD_INVALID,card,pending,3,3,185,0.0,3,3,True,False,HIGH,REQUEST_CARD_UPDATE,none,5.79,0
episode_00690,69900,TEMPORARY_FUNDS,card,pending,1,3,250,0.0,3,1,True,False,HIGH,WAIT_NATIVE_RETRY,none,13.4,0
episode_00691,29900,TEMPORARY_FUNDS,card,pending,1,2,153,0.0,2,3,True,False,HIGH,SEND_NUDGE,none,16.13,0
episode_00692,69900,MANDATE_OR_AUTH_INVALID,upi,pending,2,1,73,0.0,1,1,True,False,MEDIUM,WAIT_NATIVE_RETRY,none,2.642,1
episode_00693,149900,TEMPORARY_FUNDS,upi,pending,1,1,205,0.333333,3,0,True,False,MEDIUM,WAIT_NATIVE_RETRY,none,11.379,0
episode_00694,29900,TEMPORARY_FUNDS,card,halted,1,2,219,0.6,5,2,False,False,MEDIUM,WAIT_NATIVE_RETRY,none,25.114,1
episode_00695,29900,PAYMENT_METHOD_INVALID,card,pending,1,1,389,0.5,2,2,True,False,LOW,WAIT_NATIVE_RETRY,none,54.328,0
episode_00696,69900,BANK_OR_NETWORK,card,pending,2,2,87,0.0,3,0,True,False,HIGH,WAIT_NATIVE_RETRY,none,46.027,0
episode_00697,29900,TEMPORARY_FUNDS,card,halted,3,1,109,0.0,1,0,False,False,HIGH,SEND_NUDGE,none,28.49,1
episode_00698,149900,UNKNOWN,card,halted,3,1,133,0.333333,3,0,False,False,HIGH,WAIT_NATIVE_RETRY,none,26.696,0
episode_00699,69900,MANDATE_OR_AUTH_INVALID,card,pending,1,1,199,0.0,4,0,True,False,HIGH,REQUEST_CARD_UPDATE,none,106.971,0
episode_00700,69900,PAYMENT_METHOD_INVALID,card,halted,2,2,76,0.0,1,2,False,True,MEDIUM,REQUEST_CARD_UPDATE,medium,42.079,0
episode_00701,69900,MANDATE_OR_AUTH_INVALID,upi,pending,3,2,82,0.0,0,0,True,False,MEDIUM,REQUEST_CARD_UPDATE,none,99.501,0
episode_00702,29900,PAYMENT_METHOD_INVALID,upi,pending,2,2,219,0.5,2,1,True,True,HIGH,WAIT_NATIVE_RETRY,high,35.436,1
episode_00703,29900,PAYMENT_METHOD_INVALID,netbanking,pending,1,1,385,0.0,1,1,True,False,HIGH,SEND_NUDGE,none,42.758,0
episode_00704,149900,BANK_OR_NETWORK,card,pending,2,2,143,0.0,1,1,True,True,HIGH,STOP_AND_ESCALATE,medium,25.903,0
episode_00705,69900,CUSTOMER_AUTH_FAILURE,upi,pending,3,2,76,0.666667,3,0,True,False,HIGH,SEND_NUDGE,none,12.699,1
episode_00706,69900,BANK_OR_NETWORK,card,pending,2,2,30,0.0,3,2,True,False,HIGH,STOP_AND_ESCALATE,none,26.203,0
episode_00707,149900,CUSTOMER_AUTH_FAILURE,card,pending,1,1,90,0.0,1,0,True,False,HIGH,SEND_NUDGE,none,27.46,1
episode_00708,29900,TEMPORARY_FUNDS,card,pending,2,2,49,0.5,2,1,True,False,HIGH,SEND_NUDGE,none,51.559,1
episode_00709,69900,BANK_OR_NETWORK,netbanking,pending,2,2,74,0.333333,3,0,True,True,HIGH,WAIT_NATIVE_RETRY,low,29.021,1
episode_00710,29900,CUSTOMER_AUTH_FAILURE,upi,pending,2,2,199,0.0,0,0,True,False,HIGH,REQUEST_CARD_UPDATE,none,39.129,1
episode_00711,149900,BANK_OR_NETWORK,upi,halted,4,1,175,0.75,4,0,False,False,MEDIUM,WAIT_NATIVE_RETRY,none,20.145,0
episode_00712,29900,TEMPORARY_FUNDS,card,pending,2,2,319,0.5,2,0,True,False,MEDIUM,SEND_NUDGE,none,40.236,1
episode_00713,69900,PAYMENT_METHOD_INVALID,card,halted,3,2,136,0.0,3,0,False,False,HIGH,STOP_AND_ESCALATE,none,22.199,0
episode_00714,69900,MANDATE_OR_AUTH_INVALID,card,pending,1,2,79,0.8,5,0,True,True,HIGH,WAIT_NATIVE_RETRY,high,37.172,0
episode_00715,69900,TEMPORARY_FUNDS,upi,pending,2,1,82,0.5,2,0,True,False,MEDIUM,SEND_NUDGE,none,23.284,1
episode_00716,69900,PAYMENT_METHOD_INVALID,upi,pending,1,2,239,0.0,2,0,True,False,HIGH,WAIT_NATIVE_RETRY,none,28.188,1
episode_00717,69900,PAYMENT_METHOD_INVALID,card,pending,3,2,194,0.0,1,1,True,False,HIGH,STOP_AND_ESCALATE,none,17.005,0
episode_00718,29900,MANDATE_OR_AUTH_INVALID,emandate,halted,3,1,157,0.5,4,1,False,False,HIGH,SEND_NUDGE,none,24.565,1
episode_00719,29900,TEMPORARY_FUNDS,card,pending,2,2,44,0.0,2,0,True,False,MEDIUM,REQUEST_CARD_UPDATE,none,2.843,1
episode_00720,69900,MANDATE_OR_AUTH_INVALID,card,pending,1,1,133,0.333333,3,0,True,False,HIGH,SEND_NUDGE,none,14.408,0
episode_00721,29900,PAYMENT_METHOD_INVALID,emandate,halted,2,3,193,1.0,3,1,False,False,MEDIUM,REQUEST_CARD_UPDATE,none,47.735,1
episode_00722,69900,BANK_OR_NETWORK,netbanking,halted,2,3,135,0.0,2,0,False,False,LOW,WAIT_NATIVE_RETRY,none,9.614,1
episode_00723,29900,BANK_OR_NETWORK,netbanking,pending,3,1,302,0.0,1,1,True,False,LOW,REQUEST_CARD_UPDATE,none,86.165,1
episode_00724,149900,BANK_OR_NETWORK,upi,halted,3,4,132,0.25,4,0,False,False,HIGH,REQUEST_CARD_UPDATE,none,117.515,0
episode_00725,149900,CUSTOMER_AUTH_FAILURE,card,pending,4,1,364,1.0,1,2,True,False,HIGH,WAIT_NATIVE_RETRY,none,16.097,0
episode_00726,69900,BANK_OR_NETWORK,card,pending,2,2,158,0.0,3,1,True,False,MEDIUM,SEND_NUDGE,none,54.734,0
episode_00727,69900,BANK_OR_NETWORK,upi,halted,3,2,27,0.0,0,0,False,True,HIGH,STOP_AND_ESCALATE,high,4.788,1
episode_00728,69900,BANK_OR_NETWORK,emandate,pending,2,1,232,0.0,2,1,True,False,LOW,REQUEST_CARD_UPDATE,none,39.413,0
episode_00729,29900,UNKNOWN,card,pending,2,1,298,0.333333,3,0,True,False,LOW,REQUEST_CARD_UPDATE,none,68.885,1
episode_00730,69900,CUSTOMER_AUTH_FAILURE,card,pending,2,1,145,0.0,1,0,True,False,HIGH,WAIT_NATIVE_RETRY,none,46.101,0
episode_00731,149900,TEMPORARY_FUNDS,emandate,pending,3,1,249,0.0,3,0,True,False,MEDIUM,REQUEST_CARD_UPDATE,none,52.62,1
episode_00732,149900,CUSTOMER_AUTH_FAILURE,netbanking,halted,2,1,32,0.5,2,2,False,False,HIGH,SEND_NUDGE,none,24.79,1
episode_00733,149900,TEMPORARY_FUNDS,card,pending,2,1,228,0.0,4,0,True,True,MEDIUM,STOP_AND_ESCALATE,low,32.035,0
episode_00734,69900,TEMPORARY_FUNDS,emandate,pending,1,1,145,1.0,3,0,True,False,HIGH,REQUEST_CARD_UPDATE,none,86.438,0
episode_00735,69900,CUSTOMER_AUTH_FAILURE,upi,pending,2,1,273,1.0,1,0,True,False,MEDIUM,SEND_NUDGE,none,2.179,1
episode_00736,149900,CUSTOMER_AUTH_FAILURE,card,pending,2,1,125,0.666667,3,0,True,True,HIGH,WAIT_NATIVE_RETRY,medium,9.444,1
episode_00737,149900,PAYMENT_METHOD_INVALID,card,pending,2,1,353,1.0,1,0,True,False,HIGH,REQUEST_CARD_UPDATE,none,18.596,1
episode_00738,29900,BANK_OR_NETWORK,card,pending,4,1,134,1.0,1,1,True,False,HIGH,SEND_NUDGE,none,8.792,1
episode_00739,69900,UNKNOWN,card,pending,3,1,214,0.0,2,1,True,False,LOW,SEND_NUDGE,none,27.834,0
episode_00740,29900,TEMPORARY_FUNDS,upi,pending,1,2,141,0.0,2,1,True,True,HIGH,STOP_AND_ESCALATE,high,21.729,0
episode_00741,29900,PAYMENT_METHOD_INVALID,emandate,pending,2,2,31,0.0,2,0,True,False,HIGH,WAIT_NATIVE_RETRY,none,102.969,0
episode_00742,149900,TEMPORARY_FUNDS,card,pending,2,2,140,0.666667,3,0,True,False,HIGH,REQUEST_CARD_UPDATE,none,7.067,0
episode_00743,29900,MANDATE_OR_AUTH_INVALID,card,pending,1,1,57,0.5,2,2,True,False,MEDIUM,STOP_AND_ESCALATE,none,29.364,0
episode_00744,149900,BANK_OR_NETWORK,card,halted,3,2,368,0.0,2,1,False,True,MEDIUM,WAIT_NATIVE_RETRY,medium,9.183,1
episode_00745,69900,MANDATE_OR_AUTH_INVALID,card,pending,4,3,80,1.0,2,1,True,False,HIGH,SEND_NUDGE,none,70.081,0
episode_00746,29900,UNKNOWN,card,pending,2,3,611,0.4,5,0,True,False,MEDIUM,REQUEST_CARD_UPDATE,none,42.159,1
episode_00747,69900,CUSTOMER_AUTH_FAILURE,emandate,pending,3,1,155,0.333333,3,1,True,False,HIGH,WAIT_NATIVE_RETRY,none,61.04,0
episode_00748,29900,BANK_OR_NETWORK,card,halted,2,2,286,1.0,3,0,False,False,HIGH,WAIT_NATIVE_RETRY,none,14.645,1
episode_00749,29900,TEMPORARY_FUNDS,card,pending,3,1,148,0.0,0,0,True,False,MEDIUM,REQUEST_CARD_UPDATE,none,10.487,0
episode_00750,69900,CUSTOMER_AUTH_FAILURE,card,pending,2,1,92,0.333333,3,0,True,True,MEDIUM,REQUEST_CARD_UPDATE,low,26.965,1
episode_00751,29900,MANDATE_OR_AUTH_INVALID,card,pending,4,3,372,1.0,2,0,True,False,HIGH,WAIT_NATIVE_RETRY,none,16.325,0
episode_00752,69900,PAYMENT_METHOD_INVALID,netbanking,pending,2,3,73,0.2,5,0,True,False,HIGH,WAIT_NATIVE_RETRY,none,7.986,0
episode_00753,69900,PAYMENT_METHOD_INVALID,upi,halted,1,3,235,0.0,2,0,False,False,HIGH,STOP_AND_ESCALATE,none,26.938,0
episode_00754,29900,TEMPORARY_FUNDS,netbanking,halted,3,1,49,0.333333,3,0,False,False,MEDIUM,WAIT_NATIVE_RETRY,none,55.544,0
episode_00755,69900,UNKNOWN,card,pending,1,1,37,0.0,1,0,True,False,LOW,SEND_NUDGE,none,50.775,0
episode_00756,29900,UNKNOWN,upi,pending,2,1,64,0.0,3,1,True,True,HIGH,STOP_AND_ESCALATE,high,84.59,0
episode_00757,69900,UNKNOWN,upi,pending,2,3,144,0.0,2,0,True,False,LOW,STOP_AND_ESCALATE,none,1.685,0
episode_00758,69900,MANDATE_OR_AUTH_INVALID,emandate,pending,2,2,132,0.666667,3,0,True,False,MEDIUM,SEND_NUDGE,none,14.456,0
episode_00759,69900,BANK_OR_NETWORK,netbanking,halted,1,3,279,0.5,2,1,False,False,HIGH,WAIT_NATIVE_RETRY,none,39.938,1
episode_00760,69900,BANK_OR_NETWORK,card,pending,2,2,227,0.5,2,1,True,False,HIGH,REQUEST_CARD_UPDATE,none,30.606,1
episode_00761,29900,BANK_OR_NETWORK,upi,pending,1,1,14,0.0,4,1,True,True,HIGH,SEND_NUDGE,medium,30.127,1
episode_00762,69900,TEMPORARY_FUNDS,upi,halted,4,2,8,1.0,1,0,False,False,HIGH,REQUEST_CARD_UPDATE,none,30.072,0
episode_00763,29900,TEMPORARY_FUNDS,card,pending,2,3,227,0.5,4,0,True,False,HIGH,WAIT_NATIVE_RETRY,none,80.917,1
episode_00764,69900,TEMPORARY_FUNDS,card,pending,2,1,105,0.0,1,1,True,False,MEDIUM,SEND_NUDGE,none,24.08,1
episode_00765,149900,CUSTOMER_AUTH_FAILURE,card,pending,4,1,98,0.0,0,1,True,False,HIGH,REQUEST_CARD_UPDATE,none,12.476,0
episode_00766,29900,BANK_OR_NETWORK,emandate,pending,4,3,328,0.0,2,1,True,True,HIGH,SEND_NUDGE,high,37.126,1
episode_00767,29900,PAYMENT_METHOD_INVALID,card,pending,2,2,335,0.5,2,1,True,False,HIGH,REQUEST_CARD_UPDATE,none,30.82,1
episode_00768,69900,UNKNOWN,card,halted,2,2,232,0.5,2,2,False,False,LOW,WAIT_NATIVE_RETRY,none,9.721,0
episode_00769,29900,PAYMENT_METHOD_INVALID,card,pending,3,1,84,0.0,0,2,True,False,HIGH,WAIT_NATIVE_RETRY,none,103.481,0
episode_00770,29900,TEMPORARY_FUNDS,card,pending,1,2,65,0.0,3,0,True,False,HIGH,REQUEST_CARD_UPDATE,none,96.887,0
episode_00771,29900,CUSTOMER_AUTH_FAILURE,upi,pending,5,2,254,0.25,4,0,True,False,MEDIUM,SEND_NUDGE,none,35.881,0
episode_00772,69900,PAYMENT_METHOD_INVALID,upi,halted,1,2,144,0.5,2,1,False,False,MEDIUM,SEND_NUDGE,none,12.872,0
episode_00773,69900,MANDATE_OR_AUTH_INVALID,card,halted,2,2,519,0.0,1,0,False,False,LOW,SEND_NUDGE,none,37.034,1
episode_00774,29900,CUSTOMER_AUTH_FAILURE,upi,halted,1,3,176,1.0,1,0,False,True,MEDIUM,WAIT_NATIVE_RETRY,medium,85.885,0
episode_00775,69900,CUSTOMER_AUTH_FAILURE,card,pending,1,1,90,1.0,1,2,True,False,HIGH,SEND_NUDGE,none,10.884,1
episode_00776,29900,TEMPORARY_FUNDS,card,halted,2,2,162,0.0,3,0,False,True,MEDIUM,REQUEST_CARD_UPDATE,medium,36.084,0
episode_00777,29900,MANDATE_OR_AUTH_INVALID,card,pending,2,7,278,0.0,0,1,True,False,MEDIUM,WAIT_NATIVE_RETRY,none,48.222,0
episode_00778,149900,BANK_OR_NETWORK,card,pending,2,1,580,1.0,1,1,True,False,MEDIUM,SEND_NUDGE,none,14.0,0
episode_00779,149900,UNKNOWN,card,halted,1,2,24,0.0,3,0,False,False,HIGH,REQUEST_CARD_UPDATE,none,41.927,1
episode_00780,29900,PAYMENT_METHOD_INVALID,netbanking,pending,5,2,679,0.0,0,2,True,False,MEDIUM,REQUEST_CARD_UPDATE,none,17.303,1
episode_00781,69900,CUSTOMER_AUTH_FAILURE,card,pending,1,2,199,0.333333,3,1,True,False,HIGH,SEND_NUDGE,none,58.753,1
episode_00782,29900,PAYMENT_METHOD_INVALID,emandate,halted,5,1,240,1.0,1,0,False,False,LOW,SEND_NUDGE,none,18.067,0
episode_00783,69900,MANDATE_OR_AUTH_INVALID,card,pending,1,4,95,0.5,2,1,True,False,MEDIUM,SEND_NUDGE,none,22.082,0
episode_00784,29900,TEMPORARY_FUNDS,emandate,halted,2,1,455,0.0,1,0,False,False,HIGH,SEND_NUDGE,none,40.023,0
episode_00785,69900,MANDATE_OR_AUTH_INVALID,card,pending,2,3,272,0.333333,3,2,True,False,HIGH,REQUEST_CARD_UPDATE,none,139.145,0
episode_00786,149900,BANK_OR_NETWORK,card,pending,3,1,32,0.0,2,1,True,True,HIGH,REQUEST_CARD_UPDATE,medium,75.482,1
episode_00787,29900,MANDATE_OR_AUTH_INVALID,upi,pending,3,3,52,0.0,0,1,True,False,HIGH,REQUEST_CARD_UPDATE,none,56.708,0
episode_00788,149900,TEMPORARY_FUNDS,card,halted,7,1,252,0.0,1,0,False,False,HIGH,WAIT_NATIVE_RETRY,none,18.142,0
episode_00789,69900,BANK_OR_NETWORK,emandate,pending,2,2,130,1.0,1,3,True,False,HIGH,WAIT_NATIVE_RETRY,none,7.899,0
episode_00790,69900,TEMPORARY_FUNDS,upi,pending,3,1,145,0.5,2,2,True,False,HIGH,REQUEST_CARD_UPDATE,none,46.862,0
episode_00791,29900,TEMPORARY_FUNDS,card,pending,1,1,110,0.2,5,2,True,False,HIGH,REQUEST_CARD_UPDATE,none,8.691,0
episode_00792,29900,TEMPORARY_FUNDS,netbanking,pending,1,2,359,1.0,3,1,True,False,HIGH,WAIT_NATIVE_RETRY,none,28.609,1
episode_00793,29900,BANK_OR_NETWORK,upi,pending,1,1,398,0.5,2,1,True,False,MEDIUM,WAIT_NATIVE_RETRY,none,35.04,1
episode_00794,149900,MANDATE_OR_AUTH_INVALID,card,pending,3,1,23,0.0,2,1,True,False,HIGH,WAIT_NATIVE_RETRY,none,5.026,0
episode_00795,69900,BANK_OR_NETWORK,upi,halted,2,2,221,0.75,4,2,False,False,HIGH,REQUEST_CARD_UPDATE,none,0.575,1
episode_00796,29900,PAYMENT_METHOD_INVALID,card,pending,2,1,59,0.0,3,0,True,False,HIGH,STOP_AND_ESCALATE,none,10.107,0
episode_00797,29900,TEMPORARY_FUNDS,upi,pending,1,2,308,0.75,4,0,True,False,MEDIUM,WAIT_NATIVE_RETRY,none,37.733,1
episode_00798,149900,BANK_OR_NETWORK,card,halted,1,2,70,1.0,1,0,False,False,HIGH,STOP_AND_ESCALATE,none,29.853,1
episode_00799,149900,BANK_OR_NETWORK,upi,halted,4,1,646,0.25,4,0,False,False,MEDIUM,REQUEST_CARD_UPDATE,none,17.123,0
episode_00800,29900,PAYMENT_METHOD_INVALID,upi,halted,3,2,125,0.5,4,0,False,False,HIGH,WAIT_NATIVE_RETRY,none,54.344,0
episode_00801,29900,TEMPORARY_FUNDS,upi,pending,3,2,121,0.6,5,0,True,False,MEDIUM,WAIT_NATIVE_RETRY,none,12.153,0
episode_00802,149900,TEMPORARY_FUNDS,upi,halted,1,2,293,0.0,0,3,False,False,LOW,SEND_NUDGE,none,45.939,1
episode_00803,29900,UNKNOWN,unknown,pending,2,1,100,0.0,0,1,True,False,HIGH,SEND_NUDGE,none,28.838,0
episode_00804,149900,PAYMENT_METHOD_INVALID,card,halted,3,2,85,0.0,2,2,False,False,MEDIUM,WAIT_NATIVE_RETRY,none,48.63,0
episode_00805,69900,CUSTOMER_AUTH_FAILURE,card,pending,2,2,49,0.0,1,0,True,False,MEDIUM,REQUEST_CARD_UPDATE,none,31.528,1
episode_00806,29900,TEMPORARY_FUNDS,card,pending,2,2,150,1.0,3,0,True,False,HIGH,STOP_AND_ESCALATE,none,8.989,0
episode_00807,29900,CUSTOMER_AUTH_FAILURE,card,pending,2,2,411,1.0,1,2,True,False,HIGH,WAIT_NATIVE_RETRY,none,26.961,1
episode_00808,29900,MANDATE_OR_AUTH_INVALID,card,pending,2,2,217,1.0,1,0,True,True,LOW,SEND_NUDGE,medium,35.124,0
episode_00809,69900,CUSTOMER_AUTH_FAILURE,upi,pending,1,4,231,0.0,0,1,True,False,MEDIUM,SEND_NUDGE,none,24.834,1
episode_00810,29900,MANDATE_OR_AUTH_INVALID,unknown,pending,1,3,251,0.0,0,1,True,False,HIGH,STOP_AND_ESCALATE,none,4.861,0
episode_00811,69900,CUSTOMER_AUTH_FAILURE,netbanking,pending,1,2,38,1.0,1,1,True,False,MEDIUM,WAIT_NATIVE_RETRY,none,3.088,1
episode_00812,29900,TEMPORARY_FUNDS,netbanking,pending,2,4,363,0.5,2,0,True,False,MEDIUM,SEND_NUDGE,none,41.071,0
episode_00813,69900,PAYMENT_METHOD_INVALID,card,pending,4,3,95,0.0,0,1,True,False,HIGH,REQUEST_CARD_UPDATE,none,23.265,1
episode_00814,29900,MANDATE_OR_AUTH_INVALID,upi,pending,2,1,116,0.666667,3,1,True,False,MEDIUM,STOP_AND_ESCALATE,none,7.622,0
episode_00815,69900,UNKNOWN,card,pending,5,2,389,0.0,0,2,True,False,LOW,REQUEST_CARD_UPDATE,none,14.321,0
episode_00816,69900,MANDATE_OR_AUTH_INVALID,card,pending,1,2,90,0.0,2,2,True,False,HIGH,WAIT_NATIVE_RETRY,none,24.474,1
episode_00817,29900,BANK_OR_NETWORK,card,pending,3,1,114,0.0,2,0,True,False,HIGH,WAIT_NATIVE_RETRY,none,13.648,1
episode_00818,29900,CUSTOMER_AUTH_FAILURE,card,pending,3,3,504,0.25,4,1,True,True,HIGH,WAIT_NATIVE_RETRY,high,1.812,1
episode_00819,149900,PAYMENT_METHOD_INVALID,card,pending,4,1,229,0.75,4,0,True,False,MEDIUM,SEND_NUDGE,none,36.58,0
episode_00820,29900,BANK_OR_NETWORK,card,halted,1,1,68,0.25,4,1,False,False,HIGH,SEND_NUDGE,none,35.754,0
episode_00821,29900,MANDATE_OR_AUTH_INVALID,upi,pending,1,1,401,0.0,0,0,True,False,MEDIUM,REQUEST_CARD_UPDATE,none,15.278,0
episode_00822,149900,CUSTOMER_AUTH_FAILURE,unknown,pending,1,2,205,0.25,4,1,True,False,HIGH,WAIT_NATIVE_RETRY,none,40.55,1
episode_00823,149900,CUSTOMER_AUTH_FAILURE,card,pending,3,2,96,0.0,1,1,True,False,MEDIUM,REQUEST_CARD_UPDATE,none,24.069,1
episode_00824,29900,PAYMENT_METHOD_INVALID,card,halted,1,2,192,0.5,4,0,False,False,HIGH,WAIT_NATIVE_RETRY,none,35.118,0
episode_00825,149900,CUSTOMER_AUTH_FAILURE,card,halted,6,2,270,0.0,4,0,False,False,MEDIUM,STOP_AND_ESCALATE,none,10.459,0
episode_00826,29900,PAYMENT_METHOD_INVALID,card,pending,4,2,54,0.0,3,0,True,False,MEDIUM,WAIT_NATIVE_RETRY,none,168.0,0
episode_00827,29900,UNKNOWN,unknown,halted,2,1,363,0.5,2,0,False,True,LOW,SEND_NUDGE,medium,44.108,0
episode_00828,69900,UNKNOWN,card,halted,3,2,64,0.0,0,1,False,False,HIGH,REQUEST_CARD_UPDATE,none,36.92,1
episode_00829,69900,MANDATE_OR_AUTH_INVALID,emandate,pending,2,1,306,0.0,2,0,True,True,HIGH,SEND_NUDGE,low,79.676,0
episode_00830,69900,TEMPORARY_FUNDS,card,pending,3,3,223,0.0,0,1,True,True,LOW,WAIT_NATIVE_RETRY,high,87.009,1
episode_00831,29900,BANK_OR_NETWORK,upi,pending,3,1,352,0.25,4,1,True,False,LOW,SEND_NUDGE,none,18.49,1
episode_00832,149900,BANK_OR_NETWORK,upi,pending,2,1,145,0.0,1,0,True,True,MEDIUM,SEND_NUDGE,low,43.883,0
episode_00833,149900,PAYMENT_METHOD_INVALID,upi,pending,2,2,141,0.4,5,0,True,False,HIGH,STOP_AND_ESCALATE,none,40.594,0
episode_00834,69900,UNKNOWN,upi,pending,4,4,63,0.666667,3,1,True,False,HIGH,SEND_NUDGE,none,31.268,0
episode_00835,69900,BANK_OR_NETWORK,card,pending,3,2,339,1.0,1,0,True,False,HIGH,STOP_AND_ESCALATE,none,38.923,0
episode_00836,149900,UNKNOWN,upi,pending,1,1,158,0.5,2,0,True,False,LOW,STOP_AND_ESCALATE,none,10.93,1
episode_00837,69900,TEMPORARY_FUNDS,card,pending,3,2,129,0.5,6,0,True,False,HIGH,REQUEST_CARD_UPDATE,none,18.61,0
episode_00838,29900,TEMPORARY_FUNDS,upi,halted,6,1,296,0.5,4,0,False,False,HIGH,REQUEST_CARD_UPDATE,none,4.116,1
episode_00839,69900,BANK_OR_NETWORK,card,pending,1,2,279,1.0,1,1,True,False,HIGH,WAIT_NATIVE_RETRY,none,25.148,1
episode_00840,29900,CUSTOMER_AUTH_FAILURE,card,pending,1,1,138,1.0,1,3,True,False,HIGH,WAIT_NATIVE_RETRY,none,7.397,1
episode_00841,29900,BANK_OR_NETWORK,card,halted,3,1,382,0.666667,3,1,False,False,HIGH,REQUEST_CARD_UPDATE,none,26.218,0
episode_00842,69900,PAYMENT_METHOD_INVALID,emandate,pending,2,2,219,0.0,2,1,True,False,HIGH,REQUEST_CARD_UPDATE,none,27.288,0
episode_00843,29900,BANK_OR_NETWORK,unknown,pending,2,3,134,0.0,1,0,True,False,HIGH,REQUEST_CARD_UPDATE,none,17.566,1
episode_00844,149900,UNKNOWN,card,halted,2,3,243,0.0,0,1,False,False,LOW,REQUEST_CARD_UPDATE,none,12.665,0
episode_00845,69900,UNKNOWN,card,pending,3,2,409,0.5,4,0,True,False,LOW,SEND_NUDGE,none,32.997,1
episode_00846,149900,MANDATE_OR_AUTH_INVALID,emandate,pending,1,2,46,0.5,4,0,True,False,HIGH,REQUEST_CARD_UPDATE,none,1.678,0
episode_00847,69900,BANK_OR_NETWORK,upi,pending,3,3,189,0.4,5,0,True,True,HIGH,WAIT_NATIVE_RETRY,high,13.503,1
episode_00848,29900,MANDATE_OR_AUTH_INVALID,card,pending,1,3,33,0.0,1,0,True,False,HIGH,SEND_NUDGE,none,17.803,0
episode_00849,69900,BANK_OR_NETWORK,upi,pending,2,2,185,0.333333,3,0,True,False,HIGH,WAIT_NATIVE_RETRY,none,44.352,1
episode_00850,69900,UNKNOWN,card,pending,1,2,101,0.0,2,1,True,False,LOW,SEND_NUDGE,none,18.468,0
episode_00851,29900,BANK_OR_NETWORK,emandate,pending,1,1,552,1.0,2,0,True,False,HIGH,STOP_AND_ESCALATE,none,46.074,0
episode_00852,149900,TEMPORARY_FUNDS,upi,pending,2,2,152,0.0,3,2,True,False,HIGH,REQUEST_CARD_UPDATE,none,21.006,0
episode_00853,29900,TEMPORARY_FUNDS,upi,pending,3,3,86,0.0,0,0,True,False,HIGH,REQUEST_CARD_UPDATE,none,12.311,0
episode_00854,29900,TEMPORARY_FUNDS,upi,halted,2,3,77,0.0,3,0,False,False,LOW,REQUEST_CARD_UPDATE,none,16.08,0
episode_00855,29900,TEMPORARY_FUNDS,netbanking,pending,1,2,159,1.0,1,1,True,False,LOW,SEND_NUDGE,none,22.198,1
episode_00856,29900,PAYMENT_METHOD_INVALID,card,halted,2,2,292,0.5,2,0,False,False,LOW,STOP_AND_ESCALATE,none,12.555,1
episode_00857,29900,TEMPORARY_FUNDS,upi,pending,3,1,175,0.333333,3,0,True,False,HIGH,REQUEST_CARD_UPDATE,none,18.506,0
episode_00858,29900,PAYMENT_METHOD_INVALID,emandate,halted,2,2,94,1.0,2,0,False,False,MEDIUM,WAIT_NATIVE_RETRY,none,14.453,0
episode_00859,149900,MANDATE_OR_AUTH_INVALID,card,pending,2,3,278,0.5,2,2,True,False,HIGH,WAIT_NATIVE_RETRY,none,83.583,0
episode_00860,69900,PAYMENT_METHOD_INVALID,card,pending,1,1,247,0.0,0,1,True,False,MEDIUM,STOP_AND_ESCALATE,none,0.936,0
episode_00861,69900,UNKNOWN,upi,pending,1,1,73,0.0,2,1,True,False,LOW,WAIT_NATIVE_RETRY,none,32.998,0
episode_00862,69900,TEMPORARY_FUNDS,card,pending,1,3,75,1.0,1,1,True,False,MEDIUM,SEND_NUDGE,none,21.875,1
episode_00863,69900,MANDATE_OR_AUTH_INVALID,emandate,pending,1,1,192,0.25,4,0,True,False,HIGH,WAIT_NATIVE_RETRY,none,3.019,0
episode_00864,69900,TEMPORARY_FUNDS,netbanking,halted,5,1,200,0.0,2,2,False,False,HIGH,WAIT_NATIVE_RETRY,none,38.778,1
episode_00865,69900,TEMPORARY_FUNDS,card,pending,1,2,260,0.0,3,0,True,False,LOW,WAIT_NATIVE_RETRY,none,37.902,0
episode_00866,29900,TEMPORARY_FUNDS,upi,pending,5,1,86,0.333333,3,1,True,False,MEDIUM,WAIT_NATIVE_RETRY,none,22.854,0
episode_00867,29900,PAYMENT_METHOD_INVALID,card,halted,1,1,35,0.8,5,0,False,False,HIGH,WAIT_NATIVE_RETRY,none,13.371,0
episode_00868,149900,BANK_OR_NETWORK,card,pending,1,2,157,0.0,0,1,True,False,HIGH,STOP_AND_ESCALATE,none,84.141,0
episode_00869,69900,PAYMENT_METHOD_INVALID,card,pending,4,1,252,0.5,4,0,True,False,MEDIUM,SEND_NUDGE,none,14.241,0
episode_00870,69900,PAYMENT_METHOD_INVALID,emandate,pending,3,2,238,0.5,2,0,True,False,HIGH,WAIT_NATIVE_RETRY,none,22.717,1
episode_00871,29900,BANK_OR_NETWORK,card,pending,1,3,119,0.0,1,1,True,False,MEDIUM,SEND_NUDGE,none,21.322,0
episode_00872,29900,BANK_OR_NETWORK,card,pending,1,2,56,0.0,2,3,True,False,HIGH,REQUEST_CARD_UPDATE,none,37.144,0
episode_00873,29900,CUSTOMER_AUTH_FAILURE,card,pending,1,2,29,0.0,2,3,True,False,MEDIUM,REQUEST_CARD_UPDATE,none,47.086,0
episode_00874,69900,PAYMENT_METHOD_INVALID,card,halted,1,3,108,0.666667,3,1,False,False,HIGH,SEND_NUDGE,none,37.496,0
episode_00875,29900,BANK_OR_NETWORK,upi,pending,3,3,479,0.0,3,2,True,False,HIGH,REQUEST_CARD_UPDATE,none,26.261,0
episode_00876,69900,UNKNOWN,emandate,pending,2,1,192,0.75,4,0,True,False,LOW,SEND_NUDGE,none,100.885,1
episode_00877,69900,BANK_OR_NETWORK,upi,pending,4,2,210,0.0,1,0,True,False,MEDIUM,STOP_AND_ESCALATE,none,38.765,1
episode_00878,29900,CUSTOMER_AUTH_FAILURE,emandate,pending,1,3,310,0.0,3,1,True,False,HIGH,STOP_AND_ESCALATE,none,19.55,0
episode_00879,29900,BANK_OR_NETWORK,card,pending,2,4,201,1.0,1,1,True,False,MEDIUM,WAIT_NATIVE_RETRY,none,27.361,1
episode_00880,69900,UNKNOWN,emandate,pending,2,2,14,1.0,1,0,True,False,LOW,REQUEST_CARD_UPDATE,none,12.579,0
episode_00881,29900,TEMPORARY_FUNDS,card,halted,3,2,328,1.0,1,0,False,False,LOW,REQUEST_CARD_UPDATE,none,80.326,0
episode_00882,69900,MANDATE_OR_AUTH_INVALID,card,pending,2,1,29,1.0,3,0,True,False,LOW,WAIT_NATIVE_RETRY,none,23.387,1
episode_00883,29900,PAYMENT_METHOD_INVALID,emandate,pending,1,1,181,1.0,1,1,True,False,HIGH,SEND_NUDGE,none,20.612,0
episode_00884,69900,UNKNOWN,card,pending,2,2,132,0.5,2,0,True,False,LOW,WAIT_NATIVE_RETRY,none,10.936,1
episode_00885,149900,TEMPORARY_FUNDS,emandate,pending,1,1,119,0.0,2,0,True,False,HIGH,WAIT_NATIVE_RETRY,none,43.63,1
episode_00886,69900,UNKNOWN,upi,pending,4,2,406,1.0,2,0,True,False,HIGH,WAIT_NATIVE_RETRY,none,34.374,1
episode_00887,149900,TEMPORARY_FUNDS,card,halted,2,3,99,0.5,2,0,False,False,HIGH,WAIT_NATIVE_RETRY,none,4.227,0
episode_00888,29900,BANK_OR_NETWORK,card,pending,1,2,154,0.333333,3,0,True,False,HIGH,SEND_NUDGE,none,94.548,1
episode_00889,149900,CUSTOMER_AUTH_FAILURE,upi,pending,3,3,99,0.8,5,0,True,False,MEDIUM,WAIT_NATIVE_RETRY,none,13.685,1
episode_00890,69900,MANDATE_OR_AUTH_INVALID,card,pending,2,1,100,0.0,0,0,True,False,LOW,STOP_AND_ESCALATE,none,46.477,1
episode_00891,69900,MANDATE_OR_AUTH_INVALID,card,pending,1,1,40,1.0,1,1,True,False,HIGH,SEND_NUDGE,none,72.766,0
episode_00892,29900,UNKNOWN,card,pending,1,1,544,0.0,1,0,True,False,LOW,WAIT_NATIVE_RETRY,none,44.383,1
episode_00893,149900,CUSTOMER_AUTH_FAILURE,upi,halted,2,2,193,0.2,5,0,False,False,MEDIUM,REQUEST_CARD_UPDATE,none,9.458,0
episode_00894,29900,TEMPORARY_FUNDS,emandate,halted,2,1,203,0.0,1,2,False,False,HIGH,REQUEST_CARD_UPDATE,none,23.689,1
episode_00895,69900,BANK_OR_NETWORK,card,pending,3,3,124,1.0,1,0,True,True,HIGH,WAIT_NATIVE_RETRY,medium,88.742,1
episode_00896,149900,MANDATE_OR_AUTH_INVALID,upi,pending,4,3,190,0.0,0,0,True,False,HIGH,STOP_AND_ESCALATE,none,23.83,0
episode_00897,29900,UNKNOWN,emandate,pending,1,4,172,0.0,2,0,True,False,LOW,WAIT_NATIVE_RETRY,none,34.574,1
episode_00898,69900,CUSTOMER_AUTH_FAILURE,emandate,pending,2,4,240,0.0,1,1,True,False,HIGH,WAIT_NATIVE_RETRY,none,79.475,1
episode_00899,69900,PAYMENT_METHOD_INVALID,card,halted,2,1,38,0.0,2,2,False,False,HIGH,STOP_AND_ESCALATE,none,35.575,1
episode_00900,69900,MANDATE_OR_AUTH_INVALID,upi,pending,3,3,295,1.0,1,1,True,False,MEDIUM,WAIT_NATIVE_RETRY,none,25.326,0
episode_00901,69900,BANK_OR_NETWORK,upi,pending,1,2,188,0.666667,3,0,True,True,MEDIUM,REQUEST_CARD_UPDATE,medium,23.132,0
episode_00902,69900,CUSTOMER_AUTH_FAILURE,netbanking,pending,1,1,127,0.25,4,0,True,False,HIGH,SEND_NUDGE,none,16.317,0
episode_00903,149900,UNKNOWN,upi,pending,3,1,300,0.4,5,1,True,True,MEDIUM,SEND_NUDGE,low,90.822,1
episode_00904,69900,TEMPORARY_FUNDS,upi,pending,3,3,148,0.0,0,0,True,False,HIGH,SEND_NUDGE,none,22.858,1
episode_00905,69900,CUSTOMER_AUTH_FAILURE,emandate,pending,2,4,289,1.0,3,1,True,False,HIGH,SEND_NUDGE,none,13.237,1
episode_00906,69900,BANK_OR_NETWORK,card,pending,2,3,146,0.25,4,1,True,False,HIGH,WAIT_NATIVE_RETRY,none,55.506,1
episode_00907,29900,CUSTOMER_AUTH_FAILURE,upi,pending,1,1,379,0.333333,3,1,True,False,HIGH,SEND_NUDGE,none,35.414,1
episode_00908,29900,PAYMENT_METHOD_INVALID,card,halted,2,1,184,0.25,4,0,False,False,MEDIUM,WAIT_NATIVE_RETRY,none,9.758,0
episode_00909,149900,UNKNOWN,upi,halted,2,1,128,0.0,0,0,False,False,MEDIUM,WAIT_NATIVE_RETRY,none,13.289,0
episode_00910,29900,CUSTOMER_AUTH_FAILURE,card,pending,4,1,136,0.0,2,1,True,False,HIGH,WAIT_NATIVE_RETRY,none,23.53,0
episode_00911,29900,BANK_OR_NETWORK,card,pending,2,2,99,0.0,1,0,True,False,LOW,REQUEST_CARD_UPDATE,none,23.721,0
episode_00912,69900,MANDATE_OR_AUTH_INVALID,card,pending,4,2,243,0.0,4,1,True,False,HIGH,SEND_NUDGE,none,57.362,0
episode_00913,69900,CUSTOMER_AUTH_FAILURE,upi,pending,2,2,127,1.0,2,0,True,False,LOW,SEND_NUDGE,none,20.427,1
episode_00914,69900,CUSTOMER_AUTH_FAILURE,upi,halted,2,2,322,0.5,2,0,False,False,LOW,SEND_NUDGE,none,78.046,1
episode_00915,69900,CUSTOMER_AUTH_FAILURE,card,pending,5,2,308,1.0,2,1,True,False,HIGH,SEND_NUDGE,none,5.663,1
episode_00916,29900,MANDATE_OR_AUTH_INVALID,card,pending,1,1,146,0.0,4,1,True,False,HIGH,WAIT_NATIVE_RETRY,none,14.559,0
episode_00917,69900,UNKNOWN,card,pending,1,3,128,0.0,2,1,True,False,LOW,STOP_AND_ESCALATE,none,77.221,1
episode_00918,29900,UNKNOWN,upi,pending,3,2,260,0.5,4,0,True,False,LOW,REQUEST_CARD_UPDATE,none,28.342,0
episode_00919,29900,UNKNOWN,netbanking,pending,3,3,103,0.0,0,0,True,False,LOW,SEND_NUDGE,none,6.171,0
episode_00920,149900,TEMPORARY_FUNDS,upi,halted,3,2,131,0.2,5,0,False,False,HIGH,STOP_AND_ESCALATE,none,60.291,0
episode_00921,29900,PAYMENT_METHOD_INVALID,upi,pending,1,2,324,0.0,0,0,True,False,HIGH,WAIT_NATIVE_RETRY,none,3.883,0
episode_00922,69900,TEMPORARY_FUNDS,card,halted,2,1,188,1.0,3,0,False,False,MEDIUM,REQUEST_CARD_UPDATE,none,22.499,1
episode_00923,29900,CUSTOMER_AUTH_FAILURE,upi,pending,1,1,113,0.0,1,1,True,False,MEDIUM,SEND_NUDGE,none,19.036,0
episode_00924,29900,MANDATE_OR_AUTH_INVALID,upi,halted,2,1,84,0.166667,6,0,False,False,MEDIUM,WAIT_NATIVE_RETRY,none,39.046,0
episode_00925,69900,BANK_OR_NETWORK,emandate,pending,4,1,129,0.0,0,0,True,False,HIGH,REQUEST_CARD_UPDATE,none,23.907,0
episode_00926,69900,TEMPORARY_FUNDS,netbanking,halted,1,1,69,0.333333,3,0,False,False,HIGH,WAIT_NATIVE_RETRY,none,8.483,0
episode_00927,29900,MANDATE_OR_AUTH_INVALID,card,pending,2,3,75,0.666667,3,0,True,False,HIGH,STOP_AND_ESCALATE,none,56.78,0
episode_00928,69900,BANK_OR_NETWORK,emandate,halted,2,2,133,0.333333,3,1,False,False,MEDIUM,STOP_AND_ESCALATE,none,39.745,0
episode_00929,149900,UNKNOWN,upi,halted,2,2,63,1.0,2,0,False,False,LOW,STOP_AND_ESCALATE,none,32.009,0
episode_00930,29900,TEMPORARY_FUNDS,upi,pending,2,3,328,1.0,2,3,True,False,HIGH,WAIT_NATIVE_RETRY,none,105.222,1
episode_00931,69900,BANK_OR_NETWORK,card,pending,1,1,257,1.0,1,2,True,False,HIGH,SEND_NUDGE,none,24.218,0
episode_00932,69900,TEMPORARY_FUNDS,card,halted,1,1,138,0.75,4,1,False,False,HIGH,REQUEST_CARD_UPDATE,none,31.047,0
episode_00933,69900,UNKNOWN,netbanking,pending,2,1,721,1.0,4,0,True,False,MEDIUM,WAIT_NATIVE_RETRY,none,41.875,1
episode_00934,69900,CUSTOMER_AUTH_FAILURE,emandate,pending,1,3,111,0.5,4,0,True,False,HIGH,WAIT_NATIVE_RETRY,none,39.85,1
episode_00935,69900,TEMPORARY_FUNDS,upi,pending,1,4,72,0.0,3,3,True,False,HIGH,REQUEST_CARD_UPDATE,none,12.731,0
episode_00936,149900,MANDATE_OR_AUTH_INVALID,card,halted,4,1,309,0.666667,3,2,False,False,HIGH,SEND_NUDGE,none,41.6,0
episode_00937,29900,TEMPORARY_FUNDS,card,pending,2,2,301,0.0,0,0,True,False,HIGH,SEND_NUDGE,none,6.37,0
episode_00938,29900,BANK_OR_NETWORK,upi,pending,3,2,104,0.0,1,0,True,False,HIGH,REQUEST_CARD_UPDATE,none,24.231,1
episode_00939,29900,TEMPORARY_FUNDS,emandate,pending,3,3,132,0.0,1,3,True,False,HIGH,WAIT_NATIVE_RETRY,none,10.376,1
episode_00940,69900,TEMPORARY_FUNDS,card,halted,2,5,484,0.0,0,2,False,False,HIGH,WAIT_NATIVE_RETRY,none,63.611,0
episode_00941,29900,PAYMENT_METHOD_INVALID,upi,pending,2,2,178,0.0,2,0,True,False,HIGH,SEND_NUDGE,none,17.003,0
episode_00942,149900,BANK_OR_NETWORK,emandate,pending,3,2,121,1.0,1,0,True,False,MEDIUM,WAIT_NATIVE_RETRY,none,30.269,1
episode_00943,69900,UNKNOWN,card,pending,1,1,130,1.0,1,0,True,False,MEDIUM,STOP_AND_ESCALATE,none,15.993,0
episode_00944,29900,BANK_OR_NETWORK,netbanking,pending,2,1,42,0.333333,3,2,True,False,HIGH,STOP_AND_ESCALATE,none,25.204,0
episode_00945,149900,BANK_OR_NETWORK,card,halted,2,1,25,1.0,2,0,False,False,MEDIUM,SEND_NUDGE,none,35.014,1
episode_00946,69900,TEMPORARY_FUNDS,card,pending,4,2,76,1.0,2,0,True,False,HIGH,SEND_NUDGE,none,108.019,1
episode_00947,69900,TEMPORARY_FUNDS,card,pending,1,4,184,0.25,4,2,True,False,MEDIUM,WAIT_NATIVE_RETRY,none,42.385,1
episode_00948,29900,TEMPORARY_FUNDS,emandate,halted,2,2,156,0.0,1,0,False,False,HIGH,STOP_AND_ESCALATE,none,35.702,0
episode_00949,29900,TEMPORARY_FUNDS,upi,halted,1,2,223,1.0,1,1,False,False,HIGH,SEND_NUDGE,none,45.474,1
episode_00950,29900,BANK_OR_NETWORK,netbanking,halted,4,3,72,0.75,4,0,False,False,HIGH,SEND_NUDGE,none,19.752,1
episode_00951,29900,BANK_OR_NETWORK,unknown,pending,2,2,168,0.333333,3,0,True,False,HIGH,WAIT_NATIVE_RETRY,none,52.723,1
episode_00952,69900,CUSTOMER_AUTH_FAILURE,upi,pending,2,1,54,0.0,3,3,True,False,HIGH,REQUEST_CARD_UPDATE,none,54.391,0
episode_00953,29900,TEMPORARY_FUNDS,upi,halted,1,2,253,0.0,0,0,False,False,MEDIUM,SEND_NUDGE,none,24.834,1
episode_00954,29900,PAYMENT_METHOD_INVALID,emandate,pending,3,3,255,0.5,2,2,True,False,HIGH,SEND_NUDGE,none,39.419,0
episode_00955,69900,PAYMENT_METHOD_INVALID,card,halted,3,1,50,0.0,1,2,False,False,HIGH,WAIT_NATIVE_RETRY,none,32.802,0
episode_00956,149900,TEMPORARY_FUNDS,upi,pending,2,1,551,1.0,3,0,True,False,HIGH,SEND_NUDGE,none,35.138,1
episode_00957,29900,BANK_OR_NETWORK,upi,pending,1,1,286,0.0,0,0,True,True,LOW,REQUEST_CARD_UPDATE,medium,19.586,0
episode_00958,29900,TEMPORARY_FUNDS,card,halted,3,1,215,0.0,0,0,False,False,HIGH,SEND_NUDGE,none,53.953,0
episode_00959,69900,BANK_OR_NETWORK,emandate,pending,2,1,145,0.5,2,1,True,False,MEDIUM,SEND_NUDGE,none,90.441,0
episode_00960,69900,BANK_OR_NETWORK,card,pending,3,2,181,0.0,0,0,True,False,HIGH,WAIT_NATIVE_RETRY,none,35.472,1
episode_00961,29900,TEMPORARY_FUNDS,emandate,pending,5,1,253,1.0,2,1,True,True,LOW,WAIT_NATIVE_RETRY,medium,44.112,1
episode_00962,69900,PAYMENT_METHOD_INVALID,card,halted,2,2,322,0.0,1,3,False,False,LOW,WAIT_NATIVE_RETRY,none,12.4,0
episode_00963,149900,TEMPORARY_FUNDS,card,halted,2,2,67,0.0,4,0,False,False,HIGH,REQUEST_CARD_UPDATE,none,29.916,1
episode_00964,149900,BANK_OR_NETWORK,card,halted,1,2,379,0.0,3,0,False,False,HIGH,WAIT_NATIVE_RETRY,none,126.124,1
episode_00965,69900,PAYMENT_METHOD_INVALID,upi,pending,2,2,45,0.666667,3,2,True,False,HIGH,STOP_AND_ESCALATE,none,25.703,1
episode_00966,149900,BANK_OR_NETWORK,upi,pending,2,1,200,0.0,3,0,True,False,MEDIUM,SEND_NUDGE,none,13.535,0
episode_00967,29900,BANK_OR_NETWORK,card,pending,2,2,649,0.25,4,0,True,False,HIGH,SEND_NUDGE,none,53.864,0
episode_00968,69900,CUSTOMER_AUTH_FAILURE,card,pending,2,2,287,0.0,1,0,True,False,LOW,SEND_NUDGE,none,60.609,1
episode_00969,29900,PAYMENT_METHOD_INVALID,card,halted,3,1,142,0.0,0,1,False,False,HIGH,WAIT_NATIVE_RETRY,none,24.041,0
episode_00970,29900,CUSTOMER_AUTH_FAILURE,card,pending,3,1,96,0.5,4,0,True,False,MEDIUM,STOP_AND_ESCALATE,none,16.928,0
episode_00971,29900,BANK_OR_NETWORK,card,pending,2,2,70,1.0,1,0,True,False,HIGH,STOP_AND_ESCALATE,none,86.669,0
episode_00972,29900,TEMPORARY_FUNDS,netbanking,pending,4,1,268,1.0,2,0,True,False,HIGH,REQUEST_CARD_UPDATE,none,1.515,0
episode_00973,29900,MANDATE_OR_AUTH_INVALID,upi,pending,1,3,199,1.0,1,0,True,True,HIGH,WAIT_NATIVE_RETRY,low,19.225,1
episode_00974,149900,UNKNOWN,card,pending,4,1,281,0.25,4,0,True,False,HIGH,WAIT_NATIVE_RETRY,none,68.216,1
episode_00975,29900,TEMPORARY_FUNDS,upi,pending,4,1,93,0.0,3,1,True,False,HIGH,SEND_NUDGE,none,25.996,0
episode_00976,69900,BANK_OR_NETWORK,card,pending,3,1,247,0.5,4,0,True,False,MEDIUM,WAIT_NATIVE_RETRY,none,32.518,1
episode_00977,69900,CUSTOMER_AUTH_FAILURE,upi,pending,4,1,190,0.0,3,0,True,False,HIGH,SEND_NUDGE,none,53.199,1
episode_00978,29900,TEMPORARY_FUNDS,upi,pending,3,1,77,0.0,0,0,True,False,HIGH,WAIT_NATIVE_RETRY,none,13.89,1
episode_00979,29900,UNKNOWN,upi,halted,2,1,97,0.25,4,2,False,False,LOW,REQUEST_CARD_UPDATE,none,15.858,1
episode_00980,149900,TEMPORARY_FUNDS,card,pending,2,2,290,0.0,1,0,True,False,HIGH,SEND_NUDGE,none,62.169,0
episode_00981,149900,PAYMENT_METHOD_INVALID,emandate,halted,1,2,122,0.0,0,3,False,False,MEDIUM,WAIT_NATIVE_RETRY,none,17.521,0
episode_00982,29900,TEMPORARY_FUNDS,card,pending,2,1,189,0.0,1,0,True,False,LOW,SEND_NUDGE,none,39.824,1
episode_00983,149900,CUSTOMER_AUTH_FAILURE,netbanking,pending,2,3,146,0.0,1,0,True,False,HIGH,REQUEST_CARD_UPDATE,none,31.986,0
episode_00984,29900,CUSTOMER_AUTH_FAILURE,card,pending,3,2,192,0.0,1,0,True,False,HIGH,REQUEST_CARD_UPDATE,none,91.74,1
episode_00985,69900,MANDATE_OR_AUTH_INVALID,card,halted,2,1,223,0.333333,3,2,False,False,HIGH,REQUEST_CARD_UPDATE,none,32.279,0
episode_00986,149900,PAYMENT_METHOD_INVALID,upi,pending,2,2,32,0.25,4,1,True,False,MEDIUM,WAIT_NATIVE_RETRY,none,6.766,0
episode_00987,149900,CUSTOMER_AUTH_FAILURE,card,pending,5,1,306,0.4,5,1,True,False,HIGH,WAIT_NATIVE_RETRY,none,31.103,0
episode_00988,69900,PAYMENT_METHOD_INVALID,card,pending,3,1,198,0.666667,3,0,True,False,HIGH,STOP_AND_ESCALATE,none,34.689,1
episode_00989,29900,TEMPORARY_FUNDS,emandate,pending,2,2,265,0.0,3,0,True,False,HIGH,WAIT_NATIVE_RETRY,none,16.067,1
episode_00990,69900,CUSTOMER_AUTH_FAILURE,upi,pending,3,1,224,0.333333,3,1,True,False,HIGH,WAIT_NATIVE_RETRY,none,23.059,1
episode_00991,29900,BANK_OR_NETWORK,card,pending,1,1,39,0.5,2,0,True,True,HIGH,SEND_NUDGE,medium,20.692,1
episode_00992,29900,PAYMENT_METHOD_INVALID,upi,halted,2,1,29,1.0,1,3,False,False,LOW,REQUEST_CARD_UPDATE,none,9.699,0
episode_00993,29900,CUSTOMER_AUTH_FAILURE,card,halted,2,3,95,0.0,2,0,False,True,HIGH,REQUEST_CARD_UPDATE,low,9.885,1
episode_00994,69900,BANK_OR_NETWORK,card,pending,3,2,372,1.0,3,2,True,True,MEDIUM,WAIT_NATIVE_RETRY,medium,83.801,1
episode_00995,69900,MANDATE_OR_AUTH_INVALID,card,halted,1,1,353,0.0,4,0,False,False,MEDIUM,STOP_AND_ESCALATE,none,7.241,0
episode_00996,29900,PAYMENT_METHOD_INVALID,upi,pending,1,2,292,0.0,0,0,True,False,HIGH,SEND_NUDGE,none,34.665,0
episode_00997,149900,CUSTOMER_AUTH_FAILURE,card,pending,1,2,312,0.0,0,2,True,False,HIGH,WAIT_NATIVE_RETRY,none,25.686,0
episode_00998,29900,TEMPORARY_FUNDS,upi,halted,1,2,312,1.0,1,0,False,False,MEDIUM,REQUEST_CARD_UPDATE,none,46.981,0
episode_00999,149900,UNKNOWN,upi,pending,1,1,58,0.0,2,0,True,True,LOW,WAIT_NATIVE_RETRY,high,25.379,1
episode_01000,29900,BANK_OR_NETWORK,card,halted,2,1,182,0.0,3,2,False,False,HIGH,WAIT_NATIVE_RETRY,none,9.119,0
episode_01001,149900,PAYMENT_METHOD_INVALID,emandate,pending,2,2,210,0.0,2,2,True,False,MEDIUM,SEND_NUDGE,none,17.195,0
episode_01002,29900,TEMPORARY_FUNDS,card,pending,5,3,199,0.5,2,1,True,False,MEDIUM,STOP_AND_ESCALATE,none,18.178,0
episode_01003,29900,UNKNOWN,card,pending,2,1,344,1.0,2,1,True,False,LOW,WAIT_NATIVE_RETRY,none,8.225,1
episode_01004,69900,TEMPORARY_FUNDS,card,pending,2,1,22,0.0,0,0,True,False,MEDIUM,STOP_AND_ESCALATE,none,44.049,1
episode_01005,29900,CUSTOMER_AUTH_FAILURE,card,pending,3,2,175,1.0,2,1,True,False,HIGH,WAIT_NATIVE_RETRY,none,29.194,1
episode_01006,149900,CUSTOMER_AUTH_FAILURE,card,pending,2,2,203,0.0,0,1,True,False,HIGH,REQUEST_CARD_UPDATE,none,14.312,0
episode_01007,29900,PAYMENT_METHOD_INVALID,card,pending,2,5,229,1.0,4,0,True,False,MEDIUM,REQUEST_CARD_UPDATE,none,23.631,1
episode_01008,69900,MANDATE_OR_AUTH_INVALID,card,pending,1,3,195,0.0,0,1,True,False,HIGH,STOP_AND_ESCALATE,none,40.453,0
episode_01009,29900,MANDATE_OR_AUTH_INVALID,upi,pending,2,2,286,0.0,2,1,True,False,HIGH,STOP_AND_ESCALATE,none,26.156,0
episode_01010,69900,UNKNOWN,card,pending,1,2,128,0.0,1,0,True,False,LOW,SEND_NUDGE,none,2.476,0
episode_01011,29900,MANDATE_OR_AUTH_INVALID,card,pending,2,1,104,0.0,1,1,True,False,HIGH,SEND_NUDGE,none,20.576,0
episode_01012,29900,PAYMENT_METHOD_INVALID,upi,pending,2,1,471,0.0,1,0,True,False,HIGH,WAIT_NATIVE_RETRY,none,41.399,1
episode_01013,69900,MANDATE_OR_AUTH_INVALID,upi,pending,1,2,302,0.0,0,0,True,False,MEDIUM,REQUEST_CARD_UPDATE,none,13.616,0
episode_01014,29900,BANK_OR_NETWORK,upi,halted,1,1,53,0.0,3,1,False,False,LOW,REQUEST_CARD_UPDATE,none,10.942,1
episode_01015,69900,PAYMENT_METHOD_INVALID,card,pending,2,2,238,0.0,2,2,True,False,MEDIUM,WAIT_NATIVE_RETRY,none,20.336,0
episode_01016,149900,TEMPORARY_FUNDS,upi,pending,3,1,99,0.0,2,0,True,False,HIGH,STOP_AND_ESCALATE,none,17.717,0
episode_01017,29900,TEMPORARY_FUNDS,upi,pending,2,3,66,0.0,2,1,True,False,MEDIUM,WAIT_NATIVE_RETRY,none,15.025,0
episode_01018,69900,PAYMENT_METHOD_INVALID,netbanking,pending,2,1,182,0.0,1,1,True,False,HIGH,WAIT_NATIVE_RETRY,none,9.22,1
episode_01019,149900,BANK_OR_NETWORK,upi,pending,3,1,308,0.6,5,1,True,False,MEDIUM,WAIT_NATIVE_RETRY,none,19.677,0
episode_01020,29900,BANK_OR_NETWORK,card,pending,4,4,127,0.5,2,0,True,False,HIGH,WAIT_NATIVE_RETRY,none,32.252,1
episode_01021,69900,UNKNOWN,card,pending,2,3,57,0.0,0,2,True,False,LOW,WAIT_NATIVE_RETRY,none,41.977,0
episode_01022,69900,MANDATE_OR_AUTH_INVALID,card,pending,1,3,32,0.0,0,1,True,False,HIGH,SEND_NUDGE,none,94.512,0
episode_01023,149900,CUSTOMER_AUTH_FAILURE,emandate,pending,1,1,496,0.5,2,0,True,False,HIGH,STOP_AND_ESCALATE,none,32.546,1
episode_01024,69900,PAYMENT_METHOD_INVALID,upi,pending,5,1,414,0.0,0,0,True,False,HIGH,REQUEST_CARD_UPDATE,none,29.678,1
episode_01025,69900,UNKNOWN,card,pending,2,2,387,0.2,5,0,True,False,MEDIUM,WAIT_NATIVE_RETRY,none,30.272,1
episode_01026,69900,BANK_OR_NETWORK,card,pending,1,2,200,1.0,1,2,True,True,HIGH,WAIT_NATIVE_RETRY,medium,55.946,1
episode_01027,29900,TEMPORARY_FUNDS,card,pending,3,3,180,0.0,2,2,True,False,HIGH,SEND_NUDGE,none,18.758,0
episode_01028,69900,BANK_OR_NETWORK,upi,pending,2,1,213,1.0,1,3,True,False,HIGH,REQUEST_CARD_UPDATE,none,2.826,0
episode_01029,149900,MANDATE_OR_AUTH_INVALID,emandate,pending,3,2,413,0.0,0,2,True,False,LOW,WAIT_NATIVE_RETRY,none,46.514,0
episode_01030,149900,PAYMENT_METHOD_INVALID,upi,pending,1,1,51,0.0,0,0,True,False,MEDIUM,WAIT_NATIVE_RETRY,none,23.031,0
episode_01031,69900,PAYMENT_METHOD_INVALID,card,halted,1,2,163,0.5,2,1,False,False,MEDIUM,WAIT_NATIVE_RETRY,none,4.741,0
episode_01032,149900,BANK_OR_NETWORK,card,pending,1,4,46,0.0,2,0,True,True,HIGH,SEND_NUDGE,high,25.737,0
episode_01033,149900,TEMPORARY_FUNDS,card,halted,3,1,75,0.5,2,3,False,False,HIGH,REQUEST_CARD_UPDATE,none,33.975,1
episode_01034,29900,UNKNOWN,emandate,halted,1,2,52,0.666667,3,1,False,True,LOW,STOP_AND_ESCALATE,medium,86.744,0
episode_01035,69900,PAYMENT_METHOD_INVALID,emandate,pending,1,1,68,0.0,1,0,True,False,HIGH,SEND_NUDGE,none,25.584,1
episode_01036,149900,CUSTOMER_AUTH_FAILURE,upi,halted,2,1,146,0.8,5,0,False,False,HIGH,SEND_NUDGE,none,51.48,1
episode_01037,69900,UNKNOWN,card,pending,2,1,387,0.5,2,0,True,False,MEDIUM,STOP_AND_ESCALATE,none,55.675,0
episode_01038,69900,CUSTOMER_AUTH_FAILURE,emandate,pending,1,1,127,0.0,1,2,True,False,HIGH,REQUEST_CARD_UPDATE,none,95.445,0
episode_01039,29900,UNKNOWN,card,pending,1,1,55,0.5,2,1,True,False,LOW,WAIT_NATIVE_RETRY,none,59.546,0
episode_01040,69900,CUSTOMER_AUTH_FAILURE,emandate,pending,1,1,81,0.0,1,1,True,False,HIGH,STOP_AND_ESCALATE,none,43.396,0
episode_01041,149900,TEMPORARY_FUNDS,emandate,halted,3,1,10,0.333333,3,2,False,True,MEDIUM,SEND_NUDGE,medium,19.279,0
episode_01042,69900,PAYMENT_METHOD_INVALID,card,pending,1,1,180,0.0,0,1,True,False,MEDIUM,SEND_NUDGE,none,9.272,0
episode_01043,29900,TEMPORARY_FUNDS,upi,pending,3,2,61,0.4,5,3,True,False,LOW,WAIT_NATIVE_RETRY,none,15.381,0
episode_01044,29900,PAYMENT_METHOD_INVALID,netbanking,pending,3,3,140,0.0,1,0,True,False,HIGH,STOP_AND_ESCALATE,none,87.793,0
episode_01045,149900,MANDATE_OR_AUTH_INVALID,card,pending,2,1,231,0.0,0,0,True,False,LOW,REQUEST_CARD_UPDATE,none,57.435,0
episode_01046,149900,PAYMENT_METHOD_INVALID,emandate,pending,3,1,115,0.0,1,0,True,False,MEDIUM,WAIT_NATIVE_RETRY,none,69.678,1
episode_01047,29900,UNKNOWN,card,pending,2,1,78,0.0,0,2,True,False,MEDIUM,SEND_NUDGE,none,11.874,0
episode_01048,69900,CUSTOMER_AUTH_FAILURE,netbanking,pending,2,1,262,0.0,1,1,True,False,HIGH,WAIT_NATIVE_RETRY,none,48.989,0
episode_01049,69900,TEMPORARY_FUNDS,netbanking,pending,5,3,226,0.666667,3,2,True,False,HIGH,SEND_NUDGE,none,32.811,0
episode_01050,29900,MANDATE_OR_AUTH_INVALID,card,pending,1,1,24,0.0,0,1,True,False,MEDIUM,WAIT_NATIVE_RETRY,none,48.222,0
episode_01051,29900,MANDATE_OR_AUTH_INVALID,card,pending,2,2,180,0.666667,3,0,True,False,HIGH,WAIT_NATIVE_RETRY,none,50.825,0
episode_01052,69900,TEMPORARY_FUNDS,card,pending,3,1,82,1.0,1,0,True,False,HIGH,WAIT_NATIVE_RETRY,none,20.422,0
episode_01053,149900,PAYMENT_METHOD_INVALID,upi,pending,1,3,241,1.0,2,0,True,False,HIGH,WAIT_NATIVE_RETRY,none,32.101,1
episode_01054,69900,UNKNOWN,upi,pending,2,2,141,0.0,1,0,True,False,LOW,WAIT_NATIVE_RETRY,none,26.123,0
episode_01055,29900,PAYMENT_METHOD_INVALID,netbanking,pending,2,1,218,0.5,4,0,True,False,HIGH,WAIT_NATIVE_RETRY,none,49.193,1
episode_01056,29900,PAYMENT_METHOD_INVALID,card,pending,1,1,62,1.0,1,0,True,False,MEDIUM,SEND_NUDGE,none,42.346,0
episode_01057,69900,TEMPORARY_FUNDS,card,pending,5,2,511,0.5,2,0,True,False,HIGH,REQUEST_CARD_UPDATE,none,61.813,0
episode_01058,69900,PAYMENT_METHOD_INVALID,emandate,pending,1,2,231,0.25,4,0,True,False,MEDIUM,SEND_NUDGE,none,23.273,0
episode_01059,29900,CUSTOMER_AUTH_FAILURE,upi,pending,1,2,230,1.0,2,0,True,False,HIGH,SEND_NUDGE,none,68.621,1
episode_01060,69900,TEMPORARY_FUNDS,card,pending,1,1,150,0.0,2,0,True,False,MEDIUM,WAIT_NATIVE_RETRY,none,12.332,0
episode_01061,69900,PAYMENT_METHOD_INVALID,card,pending,5,2,51,1.0,3,1,True,False,MEDIUM,WAIT_NATIVE_RETRY,none,19.592,0
episode_01062,29900,MANDATE_OR_AUTH_INVALID,card,pending,2,1,363,1.0,1,1,True,False,HIGH,REQUEST_CARD_UPDATE,none,27.917,0
episode_01063,69900,TEMPORARY_FUNDS,emandate,pending,1,1,95,0.0,0,0,True,False,HIGH,WAIT_NATIVE_RETRY,none,19.246,1
episode_01064,29900,PAYMENT_METHOD_INVALID,upi,pending,3,1,57,0.5,6,0,True,False,HIGH,WAIT_NATIVE_RETRY,none,6.056,0
episode_01065,29900,CUSTOMER_AUTH_FAILURE,card,pending,2,4,424,0.0,3,1,True,False,LOW,SEND_NUDGE,none,77.561,0
episode_01066,69900,MANDATE_OR_AUTH_INVALID,card,pending,3,2,287,0.5,8,0,True,False,MEDIUM,STOP_AND_ESCALATE,none,22.01,0
episode_01067,149900,TEMPORARY_FUNDS,card,pending,1,2,170,0.0,0,0,True,False,HIGH,REQUEST_CARD_UPDATE,none,20.212,1
episode_01068,149900,UNKNOWN,card,pending,1,3,14,0.0,0,3,True,False,LOW,SEND_NUDGE,none,7.253,1
episode_01069,29900,TEMPORARY_FUNDS,unknown,pending,4,1,220,0.0,1,3,True,False,HIGH,SEND_NUDGE,none,14.695,0
episode_01070,29900,MANDATE_OR_AUTH_INVALID,card,pending,1,6,261,0.0,4,1,True,False,HIGH,WAIT_NATIVE_RETRY,none,21.15,0
episode_01071,69900,BANK_OR_NETWORK,upi,pending,4,1,53,0.0,3,1,True,False,HIGH,REQUEST_CARD_UPDATE,none,15.459,0
episode_01072,29900,CUSTOMER_AUTH_FAILURE,upi,pending,2,2,452,0.333333,3,0,True,False,HIGH,SEND_NUDGE,none,46.496,0
episode_01073,29900,UNKNOWN,card,pending,1,1,402,1.0,1,0,True,False,LOW,REQUEST_CARD_UPDATE,none,15.693,1
episode_01074,69900,TEMPORARY_FUNDS,card,pending,2,1,205,0.0,2,3,True,False,HIGH,WAIT_NATIVE_RETRY,none,21.417,0
episode_01075,69900,PAYMENT_METHOD_INVALID,card,pending,4,1,62,1.0,2,0,True,False,MEDIUM,WAIT_NATIVE_RETRY,none,7.161,1
episode_01076,69900,TEMPORARY_FUNDS,card,pending,2,2,249,0.8,5,2,True,False,LOW,STOP_AND_ESCALATE,none,52.187,0
episode_01077,69900,BANK_OR_NETWORK,emandate,pending,1,1,234,0.0,2,2,True,False,LOW,WAIT_NATIVE_RETRY,none,30.852,1
episode_01078,69900,BANK_OR_NETWORK,card,pending,2,1,181,1.0,3,1,True,True,LOW,SEND_NUDGE,medium,49.787,1
episode_01079,69900,MANDATE_OR_AUTH_INVALID,card,pending,2,2,317,1.0,2,0,True,True,MEDIUM,WAIT_NATIVE_RETRY,high,60.611,0
episode_01080,149900,MANDATE_OR_AUTH_INVALID,card,halted,3,1,97,0.0,0,0,False,False,MEDIUM,REQUEST_CARD_UPDATE,none,35.667,0
episode_01081,69900,MANDATE_OR_AUTH_INVALID,upi,pending,1,3,170,0.0,2,0,True,False,HIGH,SEND_NUDGE,none,48.958,0
episode_01082,69900,BANK_OR_NETWORK,card,pending,1,2,225,0.333333,3,3,True,False,LOW,SEND_NUDGE,none,25.782,0
episode_01083,29900,TEMPORARY_FUNDS,card,pending,1,2,207,1.0,2,1,True,False,HIGH,WAIT_NATIVE_RETRY,none,53.801,1
episode_01084,29900,CUSTOMER_AUTH_FAILURE,card,pending,3,1,205,1.0,1,3,True,False,HIGH,SEND_NUDGE,none,13.838,1
episode_01085,69900,UNKNOWN,card,pending,3,1,92,0.0,1,1,True,False,LOW,SEND_NUDGE,none,29.146,1
episode_01086,29900,BANK_OR_NETWORK,emandate,pending,2,2,112,0.0,0,1,True,True,HIGH,WAIT_NATIVE_RETRY,medium,14.815,1
episode_01087,149900,CUSTOMER_AUTH_FAILURE,upi,pending,3,2,112,0.0,4,1,True,False,LOW,SEND_NUDGE,none,54.465,1
episode_01088,29900,TEMPORARY_FUNDS,upi,pending,3,2,85,1.0,1,0,True,False,MEDIUM,STOP_AND_ESCALATE,none,30.563,0
episode_01089,69900,PAYMENT_METHOD_INVALID,card,halted,2,2,210,1.0,2,0,False,False,HIGH,STOP_AND_ESCALATE,none,30.651,1
episode_01090,69900,TEMPORARY_FUNDS,emandate,pending,2,1,129,0.0,4,0,True,True,LOW,REQUEST_CARD_UPDATE,high,40.556,0
episode_01091,29900,BANK_OR_NETWORK,card,pending,3,4,219,1.0,1,2,True,False,MEDIUM,STOP_AND_ESCALATE,none,18.236,0
episode_01092,29900,PAYMENT_METHOD_INVALID,card,pending,3,1,268,0.5,4,0,True,False,HIGH,REQUEST_CARD_UPDATE,none,14.847,1
episode_01093,69900,TEMPORARY_FUNDS,emandate,pending,2,3,99,0.0,0,0,True,False,HIGH,SEND_NUDGE,none,49.951,0
episode_01094,149900,UNKNOWN,card,pending,1,2,49,1.0,3,2,True,False,LOW,REQUEST_CARD_UPDATE,none,16.021,0
episode_01095,29900,TEMPORARY_FUNDS,upi,halted,2,1,328,0.5,2,1,False,False,HIGH,REQUEST_CARD_UPDATE,none,68.753,0
episode_01096,29900,BANK_OR_NETWORK,card,pending,1,2,222,1.0,2,0,True,False,LOW,SEND_NUDGE,none,110.293,0
episode_01097,29900,CUSTOMER_AUTH_FAILURE,upi,pending,1,1,153,0.0,2,1,True,False,HIGH,STOP_AND_ESCALATE,none,41.247,0
episode_01098,69900,TEMPORARY_FUNDS,card,pending,2,3,161,1.0,2,0,True,False,HIGH,STOP_AND_ESCALATE,none,8.767,1
episode_01099,69900,BANK_OR_NETWORK,upi,pending,2,3,276,0.0,1,1,True,False,HIGH,REQUEST_CARD_UPDATE,none,33.756,0
episode_01100,29900,TEMPORARY_FUNDS,upi,pending,1,2,34,1.0,1,0,True,False,MEDIUM,WAIT_NATIVE_RETRY,none,37.155,1
episode_01101,69900,PAYMENT_METHOD_INVALID,card,halted,2,1,198,0.666667,3,0,False,False,HIGH,WAIT_NATIVE_RETRY,none,3.842,0
episode_01102,69900,TEMPORARY_FUNDS,card,pending,3,1,230,0.0,1,0,True,False,HIGH,REQUEST_CARD_UPDATE,none,36.841,0
episode_01103,29900,CUSTOMER_AUTH_FAILURE,emandate,pending,3,2,70,0.0,3,2,True,False,HIGH,REQUEST_CARD_UPDATE,none,24.891,0
episode_01104,69900,CUSTOMER_AUTH_FAILURE,card,pending,6,3,199,0.0,4,1,True,False,HIGH,REQUEST_CARD_UPDATE,none,21.284,0
episode_01105,29900,CUSTOMER_AUTH_FAILURE,card,pending,4,4,150,0.166667,6,0,True,False,LOW,WAIT_NATIVE_RETRY,none,20.714,1
episode_01106,69900,UNKNOWN,upi,pending,3,3,235,0.0,0,0,True,False,MEDIUM,STOP_AND_ESCALATE,none,46.515,1
episode_01107,69900,BANK_OR_NETWORK,card,halted,1,3,314,0.666667,3,2,False,False,HIGH,REQUEST_CARD_UPDATE,none,55.043,0
episode_01108,69900,TEMPORARY_FUNDS,upi,pending,2,1,109,1.0,1,0,True,False,MEDIUM,REQUEST_CARD_UPDATE,none,23.08,1
episode_01109,29900,TEMPORARY_FUNDS,card,pending,2,1,53,1.0,2,2,True,False,MEDIUM,WAIT_NATIVE_RETRY,none,28.304,0
episode_01110,69900,CUSTOMER_AUTH_FAILURE,upi,pending,2,1,412,0.5,2,1,True,False,LOW,REQUEST_CARD_UPDATE,none,39.618,0
episode_01111,29900,UNKNOWN,card,pending,5,3,62,0.333333,3,1,True,False,MEDIUM,WAIT_NATIVE_RETRY,none,25.848,0
episode_01112,29900,MANDATE_OR_AUTH_INVALID,upi,pending,2,1,422,0.0,2,1,True,True,HIGH,WAIT_NATIVE_RETRY,medium,45.425,1
episode_01113,69900,TEMPORARY_FUNDS,upi,pending,3,1,45,0.5,2,0,True,False,HIGH,SEND_NUDGE,none,62.52,1
episode_01114,29900,TEMPORARY_FUNDS,upi,halted,1,1,168,0.0,2,0,False,False,HIGH,WAIT_NATIVE_RETRY,none,24.437,1
episode_01115,69900,TEMPORARY_FUNDS,card,pending,3,1,68,0.0,0,1,True,True,HIGH,WAIT_NATIVE_RETRY,medium,100.502,0
episode_01116,69900,BANK_OR_NETWORK,card,halted,3,3,261,1.0,1,0,False,False,HIGH,STOP_AND_ESCALATE,none,36.597,0
episode_01117,149900,UNKNOWN,netbanking,pending,2,1,160,0.0,5,0,True,False,MEDIUM,REQUEST_CARD_UPDATE,none,40.441,1
episode_01118,29900,PAYMENT_METHOD_INVALID,upi,pending,2,2,145,0.333333,3,1,True,False,LOW,SEND_NUDGE,none,75.809,0
episode_01119,69900,CUSTOMER_AUTH_FAILURE,netbanking,halted,3,3,307,0.0,1,1,False,False,HIGH,SEND_NUDGE,none,20.473,0
episode_01120,29900,PAYMENT_METHOD_INVALID,upi,pending,1,1,53,0.666667,3,1,True,False,HIGH,SEND_NUDGE,none,27.625,1
episode_01121,149900,PAYMENT_METHOD_INVALID,netbanking,pending,1,1,454,0.0,1,1,True,False,HIGH,REQUEST_CARD_UPDATE,none,22.83,1
episode_01122,69900,TEMPORARY_FUNDS,card,pending,2,2,106,1.0,3,0,True,False,MEDIUM,SEND_NUDGE,none,17.99,1
episode_01123,29900,PAYMENT_METHOD_INVALID,card,pending,2,5,195,0.0,0,0,True,False,MEDIUM,STOP_AND_ESCALATE,none,6.934,0
episode_01124,149900,BANK_OR_NETWORK,emandate,pending,1,3,88,0.333333,3,0,True,False,HIGH,WAIT_NATIVE_RETRY,none,39.509,1
episode_01125,29900,PAYMENT_METHOD_INVALID,card,pending,2,1,187,0.0,1,0,True,False,LOW,SEND_NUDGE,none,19.686,1
episode_01126,29900,PAYMENT_METHOD_INVALID,card,pending,2,3,217,0.0,0,1,True,False,HIGH,REQUEST_CARD_UPDATE,none,41.606,0
episode_01127,149900,BANK_OR_NETWORK,card,pending,2,1,150,0.0,3,2,True,False,HIGH,WAIT_NATIVE_RETRY,none,25.763,1
episode_01128,29900,PAYMENT_METHOD_INVALID,emandate,pending,2,1,86,0.0,1,1,True,False,HIGH,SEND_NUDGE,none,27.486,0
episode_01129,29900,MANDATE_OR_AUTH_INVALID,card,pending,1,1,142,0.5,2,0,True,False,HIGH,REQUEST_CARD_UPDATE,none,50.594,1
episode_01130,69900,CUSTOMER_AUTH_FAILURE,emandate,pending,3,1,302,0.0,3,1,True,False,HIGH,WAIT_NATIVE_RETRY,none,27.174,1
episode_01131,149900,MANDATE_OR_AUTH_INVALID,emandate,pending,2,1,131,0.5,4,0,True,False,HIGH,WAIT_NATIVE_RETRY,none,6.043,0
episode_01132,149900,TEMPORARY_FUNDS,upi,pending,1,3,150,0.0,2,2,True,False,HIGH,SEND_NUDGE,none,13.809,0
episode_01133,29900,TEMPORARY_FUNDS,card,pending,3,5,69,0.0,1,0,True,False,HIGH,REQUEST_CARD_UPDATE,none,86.967,1
episode_01134,69900,TEMPORARY_FUNDS,card,pending,2,1,343,0.5,4,0,True,False,MEDIUM,STOP_AND_ESCALATE,none,60.41,0
episode_01135,69900,BANK_OR_NETWORK,card,pending,3,1,951,0.0,2,1,True,True,MEDIUM,SEND_NUDGE,medium,32.891,0
episode_01136,29900,CUSTOMER_AUTH_FAILURE,emandate,pending,2,1,189,0.333333,3,0,True,True,LOW,WAIT_NATIVE_RETRY,medium,8.88,0
episode_01137,149900,BANK_OR_NETWORK,netbanking,pending,2,2,284,0.0,0,0,True,False,HIGH,REQUEST_CARD_UPDATE,none,22.135,0
episode_01138,29900,CUSTOMER_AUTH_FAILURE,emandate,pending,4,1,154,1.0,2,0,True,False,LOW,STOP_AND_ESCALATE,none,24.48,0
episode_01139,29900,CUSTOMER_AUTH_FAILURE,upi,pending,3,1,141,1.0,2,0,True,False,MEDIUM,SEND_NUDGE,none,16.906,1
episode_01140,29900,BANK_OR_NETWORK,upi,pending,2,2,137,0.0,4,0,True,True,MEDIUM,WAIT_NATIVE_RETRY,low,6.12,1
episode_01141,69900,TEMPORARY_FUNDS,upi,pending,1,3,247,0.0,2,3,True,False,LOW,SEND_NUDGE,none,19.616,0
episode_01142,69900,BANK_OR_NETWORK,netbanking,pending,2,1,424,0.5,4,1,True,True,HIGH,STOP_AND_ESCALATE,medium,25.004,0
episode_01143,29900,CUSTOMER_AUTH_FAILURE,emandate,pending,2,4,334,0.5,2,2,True,False,MEDIUM,REQUEST_CARD_UPDATE,none,20.25,1
episode_01144,69900,TEMPORARY_FUNDS,card,pending,2,1,158,0.5,4,1,True,False,MEDIUM,SEND_NUDGE,none,38.334,1
episode_01145,69900,UNKNOWN,card,pending,2,3,129,0.0,3,1,True,False,MEDIUM,SEND_NUDGE,none,9.366,1
episode_01146,29900,BANK_OR_NETWORK,emandate,pending,1,5,122,0.0,3,1,True,False,HIGH,WAIT_NATIVE_RETRY,none,8.064,1
episode_01147,29900,PAYMENT_METHOD_INVALID,card,halted,4,3,37,0.0,1,1,False,False,HIGH,STOP_AND_ESCALATE,none,41.373,0
episode_01148,29900,TEMPORARY_FUNDS,netbanking,pending,1,2,202,1.0,2,0,True,False,HIGH,SEND_NUDGE,none,14.59,1
episode_01149,29900,BANK_OR_NETWORK,card,pending,2,3,135,0.5,2,0,True,False,MEDIUM,WAIT_NATIVE_RETRY,none,12.413,1
episode_01150,69900,TEMPORARY_FUNDS,card,pending,2,2,38,0.0,1,3,True,False,HIGH,STOP_AND_ESCALATE,none,13.479,0
episode_01151,29900,TEMPORARY_FUNDS,card,pending,3,3,83,0.0,0,0,True,False,HIGH,WAIT_NATIVE_RETRY,none,55.66,0
episode_01152,69900,PAYMENT_METHOD_INVALID,netbanking,pending,3,2,242,0.75,4,2,True,False,MEDIUM,WAIT_NATIVE_RETRY,none,57.335,0
episode_01153,69900,BANK_OR_NETWORK,card,halted,2,3,171,0.0,3,1,False,False,HIGH,REQUEST_CARD_UPDATE,none,15.358,0
episode_01154,29900,BANK_OR_NETWORK,upi,pending,2,3,66,0.5,2,0,True,False,LOW,WAIT_NATIVE_RETRY,none,15.855,1
episode_01155,29900,TEMPORARY_FUNDS,card,pending,1,2,241,0.666667,3,0,True,False,HIGH,SEND_NUDGE,none,15.608,1
episode_01156,149900,UNKNOWN,upi,pending,2,2,55,1.0,1,0,True,False,LOW,WAIT_NATIVE_RETRY,none,35.195,0
episode_01157,69900,PAYMENT_METHOD_INVALID,card,halted,3,3,43,0.0,1,3,False,False,MEDIUM,SEND_NUDGE,none,8.502,0
episode_01158,29900,TEMPORARY_FUNDS,upi,pending,3,1,189,0.5,2,0,True,False,HIGH,WAIT_NATIVE_RETRY,none,83.388,1
episode_01159,69900,PAYMENT_METHOD_INVALID,emandate,pending,1,2,60,0.0,3,1,True,False,HIGH,STOP_AND_ESCALATE,none,17.403,0
episode_01160,69900,BANK_OR_NETWORK,emandate,pending,1,1,134,0.333333,3,1,True,False,HIGH,SEND_NUDGE,none,15.499,1
episode_01161,29900,PAYMENT_METHOD_INVALID,card,pending,2,1,124,0.0,2,0,True,False,MEDIUM,SEND_NUDGE,none,22.547,0
episode_01162,29900,PAYMENT_METHOD_INVALID,card,halted,1,1,51,0.0,1,1,False,False,HIGH,WAIT_NATIVE_RETRY,none,18.479,1
episode_01163,69900,BANK_OR_NETWORK,card,pending,1,3,112,0.714286,7,0,True,False,LOW,SEND_NUDGE,none,9.581,1
episode_01164,29900,TEMPORARY_FUNDS,card,halted,2,2,146,0.0,0,0,False,False,LOW,STOP_AND_ESCALATE,none,79.75,0
episode_01165,69900,TEMPORARY_FUNDS,card,pending,2,2,475,0.5,4,0,True,False,MEDIUM,SEND_NUDGE,none,36.071,1
episode_01166,69900,PAYMENT_METHOD_INVALID,netbanking,pending,2,2,203,0.0,0,1,True,False,HIGH,WAIT_NATIVE_RETRY,none,37.594,0
episode_01167,29900,TEMPORARY_FUNDS,card,pending,2,2,243,0.0,1,2,True,False,MEDIUM,REQUEST_CARD_UPDATE,none,42.674,0
episode_01168,149900,CUSTOMER_AUTH_FAILURE,emandate,pending,2,1,522,1.0,2,0,True,False,MEDIUM,SEND_NUDGE,none,25.449,1
episode_01169,69900,BANK_OR_NETWORK,emandate,pending,1,1,77,0.0,3,1,True,False,HIGH,SEND_NUDGE,none,90.43,1
episode_01170,69900,TEMPORARY_FUNDS,emandate,pending,2,5,133,0.5,2,0,True,False,MEDIUM,REQUEST_CARD_UPDATE,none,12.59,0
episode_01171,29900,UNKNOWN,card,pending,2,2,69,1.0,3,0,True,False,MEDIUM,SEND_NUDGE,none,12.392,0
episode_01172,29900,BANK_OR_NETWORK,card,pending,1,2,317,0.2,5,0,True,False,HIGH,WAIT_NATIVE_RETRY,none,55.005,1
episode_01173,69900,UNKNOWN,card,halted,1,2,69,0.0,1,0,False,False,LOW,STOP_AND_ESCALATE,none,32.167,0
episode_01174,69900,TEMPORARY_FUNDS,netbanking,pending,2,1,159,0.0,1,3,True,False,HIGH,STOP_AND_ESCALATE,none,33.082,1
episode_01175,69900,CUSTOMER_AUTH_FAILURE,upi,pending,3,1,52,0.4,5,0,True,False,HIGH,STOP_AND_ESCALATE,none,10.014,0
episode_01176,69900,PAYMENT_METHOD_INVALID,card,pending,1,4,75,1.0,1,0,True,False,HIGH,WAIT_NATIVE_RETRY,none,6.309,0
episode_01177,29900,UNKNOWN,netbanking,pending,1,1,152,0.0,0,0,True,False,HIGH,REQUEST_CARD_UPDATE,none,14.383,0
episode_01178,69900,TEMPORARY_FUNDS,card,pending,1,3,159,0.0,0,0,True,False,HIGH,REQUEST_CARD_UPDATE,none,29.341,1
episode_01179,29900,TEMPORARY_FUNDS,emandate,halted,2,2,116,0.333333,3,3,False,False,HIGH,SEND_NUDGE,none,6.534,1
episode_01180,29900,CUSTOMER_AUTH_FAILURE,card,pending,3,1,520,0.0,0,0,True,False,MEDIUM,WAIT_NATIVE_RETRY,none,13.99,1
episode_01181,69900,TEMPORARY_FUNDS,netbanking,pending,2,2,686,0.0,3,2,True,True,MEDIUM,STOP_AND_ESCALATE,low,16.292,0
episode_01182,69900,BANK_OR_NETWORK,card,pending,2,1,145,0.5,2,3,True,False,HIGH,REQUEST_CARD_UPDATE,none,18.657,1
episode_01183,149900,TEMPORARY_FUNDS,card,pending,2,2,297,0.0,1,1,True,False,HIGH,STOP_AND_ESCALATE,none,11.627,0
episode_01184,29900,UNKNOWN,card,pending,1,1,126,0.666667,3,0,True,False,MEDIUM,REQUEST_CARD_UPDATE,none,15.143,0
episode_01185,69900,BANK_OR_NETWORK,netbanking,pending,3,3,282,1.0,1,0,True,False,HIGH,REQUEST_CARD_UPDATE,none,41.703,1
episode_01186,69900,BANK_OR_NETWORK,card,pending,2,4,142,0.333333,3,3,True,False,MEDIUM,STOP_AND_ESCALATE,none,8.9,0
episode_01187,69900,CUSTOMER_AUTH_FAILURE,emandate,halted,1,2,147,0.6,5,1,False,False,LOW,WAIT_NATIVE_RETRY,none,11.885,1
episode_01188,29900,BANK_OR_NETWORK,upi,pending,1,1,174,0.666667,3,2,True,False,HIGH,REQUEST_CARD_UPDATE,none,45.225,0
episode_01189,29900,TEMPORARY_FUNDS,upi,pending,3,2,47,1.0,3,0,True,False,HIGH,SEND_NUDGE,none,51.518,1
episode_01190,29900,TEMPORARY_FUNDS,card,halted,2,2,141,0.5,6,0,False,False,HIGH,REQUEST_CARD_UPDATE,none,23.604,0
episode_01191,69900,BANK_OR_NETWORK,emandate,pending,2,2,33,0.0,2,3,True,False,HIGH,STOP_AND_ESCALATE,none,47.603,0
episode_01192,149900,UNKNOWN,upi,pending,3,2,203,0.0,1,1,True,False,LOW,SEND_NUDGE,none,102.905,0
episode_01193,69900,UNKNOWN,card,pending,6,2,234,0.0,3,2,True,False,LOW,SEND_NUDGE,none,26.857,0
episode_01194,29900,BANK_OR_NETWORK,card,halted,2,2,157,0.666667,3,0,False,False,HIGH,WAIT_NATIVE_RETRY,none,54.376,0
episode_01195,69900,CUSTOMER_AUTH_FAILURE,card,pending,3,1,272,0.0,2,0,True,True,HIGH,SEND_NUDGE,medium,10.109,0
episode_01196,69900,PAYMENT_METHOD_INVALID,upi,pending,2,2,222,0.0,5,0,True,False,MEDIUM,REQUEST_CARD_UPDATE,none,34.034,0
episode_01197,29900,UNKNOWN,card,pending,1,1,267,0.2,5,1,True,False,HIGH,WAIT_NATIVE_RETRY,none,30.384,1
episode_01198,149900,PAYMENT_METHOD_INVALID,card,pending,3,3,149,0.5,2,0,True,False,HIGH,WAIT_NATIVE_RETRY,none,20.333,1
episode_01199,149900,TEMPORARY_FUNDS,card,pending,1,2,178,0.0,2,1,True,False,HIGH,REQUEST_CARD_UPDATE,none,65.917,0
episode_01200,149900,UNKNOWN,unknown,pending,1,1,280,0.333333,3,1,True,False,LOW,SEND_NUDGE,none,25.038,0
episode_01201,29900,MANDATE_OR_AUTH_INVALID,emandate,pending,1,4,60,1.0,2,0,True,False,HIGH,SEND_NUDGE,none,16.318,1
episode_01202,29900,CUSTOMER_AUTH_FAILURE,card,pending,3,3,207,0.0,2,0,True,False,HIGH,REQUEST_CARD_UPDATE,none,61.055,1
episode_01203,69900,PAYMENT_METHOD_INVALID,emandate,pending,1,1,164,0.5,4,2,True,False,HIGH,REQUEST_CARD_UPDATE,none,32.53,1
episode_01204,29900,BANK_OR_NETWORK,card,pending,3,3,81,0.0,1,3,True,False,MEDIUM,REQUEST_CARD_UPDATE,none,24.426,1
episode_01205,29900,CUSTOMER_AUTH_FAILURE,card,pending,6,1,234,0.0,2,1,True,False,MEDIUM,REQUEST_CARD_UPDATE,none,25.569,0
episode_01206,29900,BANK_OR_NETWORK,card,pending,2,2,130,0.0,0,0,True,False,HIGH,WAIT_NATIVE_RETRY,none,55.14,1
episode_01207,69900,CUSTOMER_AUTH_FAILURE,card,pending,3,2,142,1.0,3,2,True,False,HIGH,REQUEST_CARD_UPDATE,none,17.347,0
episode_01208,29900,TEMPORARY_FUNDS,netbanking,halted,1,1,41,0.0,1,0,False,False,MEDIUM,SEND_NUDGE,none,16.743,1
episode_01209,29900,PAYMENT_METHOD_INVALID,card,pending,3,1,311,0.0,2,1,True,False,HIGH,STOP_AND_ESCALATE,none,69.878,1
episode_01210,29900,CUSTOMER_AUTH_FAILURE,upi,pending,2,2,33,0.0,2,1,True,False,HIGH,WAIT_NATIVE_RETRY,none,31.62,1
episode_01211,149900,CUSTOMER_AUTH_FAILURE,card,pending,2,3,504,0.5,2,0,True,True,LOW,WAIT_NATIVE_RETRY,high,10.031,1
episode_01212,69900,MANDATE_OR_AUTH_INVALID,card,pending,2,1,282,0.5,4,0,True,False,HIGH,WAIT_NATIVE_RETRY,none,11.831,1
episode_01213,69900,TEMPORARY_FUNDS,upi,pending,1,2,111,1.0,2,0,True,False,HIGH,REQUEST_CARD_UPDATE,none,35.069,0
episode_01214,149900,BANK_OR_NETWORK,netbanking,pending,5,1,355,0.8,5,1,True,True,HIGH,SEND_NUDGE,medium,53.501,0
episode_01215,69900,PAYMENT_METHOD_INVALID,card,pending,1,1,742,0.5,4,1,True,False,HIGH,WAIT_NATIVE_RETRY,none,34.15,0
episode_01216,149900,UNKNOWN,upi,pending,2,1,309,1.0,1,0,True,False,MEDIUM,WAIT_NATIVE_RETRY,none,39.899,0
episode_01217,69900,BANK_OR_NETWORK,netbanking,pending,2,3,308,0.0,0,1,True,False,HIGH,WAIT_NATIVE_RETRY,none,37.805,0
episode_01218,69900,TEMPORARY_FUNDS,card,pending,1,1,71,0.5,4,3,True,False,HIGH,REQUEST_CARD_UPDATE,none,7.591,0
episode_01219,149900,UNKNOWN,card,pending,4,1,188,0.0,0,1,True,False,LOW,WAIT_NATIVE_RETRY,none,68.051,0
episode_01220,69900,PAYMENT_METHOD_INVALID,card,halted,3,2,229,1.0,1,1,False,False,HIGH,WAIT_NATIVE_RETRY,none,42.927,0
episode_01221,29900,TEMPORARY_FUNDS,card,pending,2,1,112,0.0,2,1,True,True,HIGH,STOP_AND_ESCALATE,low,30.238,1
episode_01222,69900,TEMPORARY_FUNDS,card,halted,2,2,65,0.0,3,1,False,False,HIGH,STOP_AND_ESCALATE,none,58.425,0
episode_01223,69900,BANK_OR_NETWORK,emandate,pending,3,1,335,0.0,3,0,True,False,MEDIUM,STOP_AND_ESCALATE,none,13.991,0
episode_01224,69900,PAYMENT_METHOD_INVALID,upi,pending,2,2,170,0.0,2,1,True,True,HIGH,SEND_NUDGE,high,35.971,0
episode_01225,29900,UNKNOWN,upi,pending,1,2,213,0.5,4,0,True,False,MEDIUM,REQUEST_CARD_UPDATE,none,16.68,0
episode_01226,29900,CUSTOMER_AUTH_FAILURE,upi,pending,2,1,31,0.0,1,0,True,True,MEDIUM,REQUEST_CARD_UPDATE,low,11.079,1
episode_01227,149900,PAYMENT_METHOD_INVALID,upi,halted,2,4,106,0.333333,3,1,False,False,HIGH,WAIT_NATIVE_RETRY,none,9.724,1
episode_01228,69900,BANK_OR_NETWORK,upi,halted,2,1,43,0.0,1,0,False,False,HIGH,REQUEST_CARD_UPDATE,none,9.387,0
episode_01229,69900,MANDATE_OR_AUTH_INVALID,card,pending,3,3,74,0.0,1,1,True,False,HIGH,SEND_NUDGE,none,49.441,0
episode_01230,69900,BANK_OR_NETWORK,upi,pending,3,2,94,1.0,1,3,True,False,HIGH,SEND_NUDGE,none,0.496,1
episode_01231,69900,UNKNOWN,upi,halted,2,2,262,0.5,2,0,False,False,LOW,STOP_AND_ESCALATE,none,8.672,0
episode_01232,69900,TEMPORARY_FUNDS,card,pending,3,1,81,0.0,1,0,True,False,HIGH,WAIT_NATIVE_RETRY,none,5.283,1
episode_01233,29900,BANK_OR_NETWORK,upi,pending,1,2,125,0.0,2,0,True,False,MEDIUM,STOP_AND_ESCALATE,none,18.707,0
episode_01234,149900,PAYMENT_METHOD_INVALID,card,pending,2,1,497,0.0,1,0,True,False,LOW,SEND_NUDGE,none,22.658,1
episode_01235,149900,UNKNOWN,emandate,pending,1,4,514,1.0,2,1,True,True,LOW,SEND_NUDGE,medium,89.13,0
episode_01236,149900,BANK_OR_NETWORK,card,pending,2,1,207,0.0,3,2,True,False,MEDIUM,SEND_NUDGE,none,13.675,1
episode_01237,29900,PAYMENT_METHOD_INVALID,card,pending,1,3,186,0.0,1,1,True,False,HIGH,SEND_NUDGE,none,18.996,0
episode_01238,29900,CUSTOMER_AUTH_FAILURE,emandate,halted,2,1,25,1.0,1,0,False,False,HIGH,SEND_NUDGE,none,27.201,1
episode_01239,29900,PAYMENT_METHOD_INVALID,emandate,pending,1,1,356,0.0,1,2,True,False,LOW,SEND_NUDGE,none,12.515,0
episode_01240,29900,PAYMENT_METHOD_INVALID,upi,pending,1,3,356,0.0,1,2,True,False,HIGH,REQUEST_CARD_UPDATE,none,20.337,1
episode_01241,69900,MANDATE_OR_AUTH_INVALID,upi,pending,3,1,85,0.0,0,1,True,False,LOW,SEND_NUDGE,none,11.235,0
episode_01242,69900,PAYMENT_METHOD_INVALID,emandate,halted,3,4,20,0.4,5,2,False,False,LOW,REQUEST_CARD_UPDATE,none,7.148,0
episode_01243,69900,BANK_OR_NETWORK,card,halted,4,2,286,0.0,0,1,False,False,HIGH,REQUEST_CARD_UPDATE,none,32.787,0
episode_01244,69900,TEMPORARY_FUNDS,card,pending,2,2,437,0.25,4,0,True,False,HIGH,REQUEST_CARD_UPDATE,none,83.721,0
episode_01245,69900,BANK_OR_NETWORK,netbanking,pending,1,4,199,1.0,3,1,True,False,HIGH,WAIT_NATIVE_RETRY,none,17.878,1
episode_01246,69900,BANK_OR_NETWORK,card,pending,3,1,184,0.333333,3,3,True,False,MEDIUM,REQUEST_CARD_UPDATE,none,21.383,0
episode_01247,29900,PAYMENT_METHOD_INVALID,upi,pending,2,1,429,0.5,2,1,True,False,HIGH,STOP_AND_ESCALATE,none,30.716,1
episode_01248,69900,MANDATE_OR_AUTH_INVALID,upi,halted,3,1,148,1.0,1,1,False,False,MEDIUM,STOP_AND_ESCALATE,none,26.873,0
episode_01249,69900,TEMPORARY_FUNDS,card,pending,2,1,93,0.0,2,0,True,False,HIGH,WAIT_NATIVE_RETRY,none,5.573,0
episode_01250,29900,MANDATE_OR_AUTH_INVALID,card,pending,2,2,139,0.714286,7,0,True,True,LOW,STOP_AND_ESCALATE,medium,22.992,1
episode_01251,29900,MANDATE_OR_AUTH_INVALID,emandate,halted,2,1,645,0.0,2,1,False,False,MEDIUM,WAIT_NATIVE_RETRY,none,15.607,0
episode_01252,69900,UNKNOWN,unknown,pending,2,1,120,0.666667,3,0,True,False,LOW,REQUEST_CARD_UPDATE,none,53.582,0
episode_01253,69900,CUSTOMER_AUTH_FAILURE,emandate,pending,2,2,214,0.5,2,0,True,False,HIGH,WAIT_NATIVE_RETRY,none,15.359,0
episode_01254,29900,TEMPORARY_FUNDS,netbanking,pending,3,2,302,0.0,0,0,True,False,LOW,WAIT_NATIVE_RETRY,none,31.903,1
episode_01255,29900,TEMPORARY_FUNDS,netbanking,halted,1,2,38,1.0,1,0,False,False,HIGH,SEND_NUDGE,none,12.592,1
episode_01256,29900,BANK_OR_NETWORK,card,pending,1,1,290,0.0,0,0,True,True,HIGH,SEND_NUDGE,high,12.012,1
episode_01257,149900,BANK_OR_NETWORK,card,pending,3,4,93,0.333333,3,1,True,False,HIGH,SEND_NUDGE,none,13.434,0
episode_01258,29900,MANDATE_OR_AUTH_INVALID,card,pending,1,1,103,0.5,2,2,True,True,HIGH,REQUEST_CARD_UPDATE,high,25.103,1
episode_01259,149900,UNKNOWN,netbanking,pending,3,2,165,0.0,2,0,True,False,LOW,WAIT_NATIVE_RETRY,none,43.944,0
episode_01260,69900,UNKNOWN,upi,pending,2,1,364,0.5,2,0,True,False,LOW,REQUEST_CARD_UPDATE,none,22.08,0
episode_01261,69900,BANK_OR_NETWORK,upi,pending,2,2,88,0.0,3,2,True,False,HIGH,STOP_AND_ESCALATE,none,24.212,0
episode_01262,69900,TEMPORARY_FUNDS,card,pending,1,4,62,1.0,2,0,True,False,MEDIUM,SEND_NUDGE,none,52.336,1
episode_01263,69900,MANDATE_OR_AUTH_INVALID,card,pending,1,2,103,0.2,5,0,True,False,HIGH,WAIT_NATIVE_RETRY,none,19.793,1
episode_01264,29900,UNKNOWN,upi,pending,1,4,269,0.0,3,1,True,False,LOW,WAIT_NATIVE_RETRY,none,50.138,1
episode_01265,69900,CUSTOMER_AUTH_FAILURE,card,pending,3,2,95,1.0,1,1,True,False,HIGH,REQUEST_CARD_UPDATE,none,33.081,1
episode_01266,29900,PAYMENT_METHOD_INVALID,card,pending,2,2,153,0.0,1,0,True,False,MEDIUM,REQUEST_CARD_UPDATE,none,19.349,1
episode_01267,69900,UNKNOWN,netbanking,pending,3,1,87,0.0,3,1,True,False,MEDIUM,SEND_NUDGE,none,20.13,0
episode_01268,149900,PAYMENT_METHOD_INVALID,card,halted,4,2,367,0.75,4,0,False,False,HIGH,REQUEST_CARD_UPDATE,none,24.13,1
episode_01269,29900,BANK_OR_NETWORK,upi,halted,2,2,484,0.666667,3,2,False,False,HIGH,REQUEST_CARD_UPDATE,none,20.947,0
episode_01270,69900,PAYMENT_METHOD_INVALID,upi,halted,2,3,79,0.0,2,1,False,False,HIGH,STOP_AND_ESCALATE,none,91.504,0
episode_01271,29900,CUSTOMER_AUTH_FAILURE,card,pending,1,1,24,0.5,2,1,True,False,HIGH,STOP_AND_ESCALATE,none,17.202,1
episode_01272,29900,CUSTOMER_AUTH_FAILURE,card,pending,1,3,111,1.0,1,0,True,False,MEDIUM,REQUEST_CARD_UPDATE,none,25.672,1
episode_01273,149900,TEMPORARY_FUNDS,card,pending,1,2,457,1.0,1,2,True,False,HIGH,STOP_AND_ESCALATE,none,32.56,1
episode_01274,29900,TEMPORARY_FUNDS,card,pending,2,2,112,1.0,1,0,True,False,HIGH,SEND_NUDGE,none,46.494,0
episode_01275,69900,BANK_OR_NETWORK,upi,pending,1,3,242,0.0,2,0,True,False,MEDIUM,REQUEST_CARD_UPDATE,none,26.081,1
episode_01276,29900,PAYMENT_METHOD_INVALID,card,pending,1,1,105,0.0,1,1,True,False,MEDIUM,REQUEST_CARD_UPDATE,none,10.252,1
episode_01277,29900,BANK_OR_NETWORK,card,pending,2,1,286,0.0,0,0,True,False,LOW,STOP_AND_ESCALATE,none,53.01,0
episode_01278,29900,UNKNOWN,card,pending,2,2,67,1.0,2,0,True,False,LOW,STOP_AND_ESCALATE,none,76.129,0
episode_01279,69900,PAYMENT_METHOD_INVALID,card,pending,1,3,206,0.5,2,1,True,False,HIGH,SEND_NUDGE,none,37.334,0
episode_01280,29900,UNKNOWN,emandate,pending,2,3,324,0.25,4,1,True,False,LOW,REQUEST_CARD_UPDATE,none,16.973,0
episode_01281,69900,BANK_OR_NETWORK,card,pending,2,4,318,0.0,0,1,True,False,MEDIUM,SEND_NUDGE,none,9.78,0
episode_01282,69900,TEMPORARY_FUNDS,card,pending,3,2,92,0.0,1,0,True,False,LOW,WAIT_NATIVE_RETRY,none,48.082,0
episode_01283,149900,CUSTOMER_AUTH_FAILURE,card,pending,2,2,217,0.0,0,0,True,False,HIGH,STOP_AND_ESCALATE,none,48.156,1
episode_01284,69900,PAYMENT_METHOD_INVALID,upi,pending,1,1,122,1.0,1,2,True,False,MEDIUM,WAIT_NATIVE_RETRY,none,11.999,0
episode_01285,69900,TEMPORARY_FUNDS,netbanking,pending,1,2,119,0.0,0,0,True,False,HIGH,REQUEST_CARD_UPDATE,none,30.563,0
episode_01286,29900,BANK_OR_NETWORK,unknown,pending,4,2,381,0.0,0,1,True,True,HIGH,SEND_NUDGE,high,53.361,0
episode_01287,69900,BANK_OR_NETWORK,card,pending,2,1,60,0.0,1,0,True,False,HIGH,SEND_NUDGE,none,49.774,1
episode_01288,29900,BANK_OR_NETWORK,unknown,pending,1,1,133,0.0,4,0,True,False,HIGH,REQUEST_CARD_UPDATE,none,20.152,1
episode_01289,69900,BANK_OR_NETWORK,card,pending,2,3,63,0.0,0,0,True,True,LOW,WAIT_NATIVE_RETRY,low,16.581,1
episode_01290,69900,UNKNOWN,card,pending,1,4,74,0.333333,3,1,True,False,LOW,REQUEST_CARD_UPDATE,none,14.808,0
episode_01291,29900,BANK_OR_NETWORK,upi,pending,1,2,106,0.0,2,0,True,False,LOW,REQUEST_CARD_UPDATE,none,26.038,0
episode_01292,69900,TEMPORARY_FUNDS,card,pending,1,1,72,0.0,2,0,True,False,HIGH,SEND_NUDGE,none,43.612,0
episode_01293,29900,BANK_OR_NETWORK,card,pending,3,3,92,0.333333,3,0,True,True,HIGH,SEND_NUDGE,medium,28.004,0
episode_01294,29900,PAYMENT_METHOD_INVALID,upi,pending,1,3,44,0.0,2,2,True,False,MEDIUM,SEND_NUDGE,none,24.764,0
episode_01295,29900,TEMPORARY_FUNDS,upi,halted,4,2,173,0.666667,3,2,False,False,HIGH,WAIT_NATIVE_RETRY,none,38.808,0
episode_01296,69900,UNKNOWN,card,halted,1,1,511,0.5,2,0,False,False,LOW,REQUEST_CARD_UPDATE,none,38.123,0
episode_01297,69900,BANK_OR_NETWORK,card,pending,2,2,73,0.0,0,1,True,False,HIGH,REQUEST_CARD_UPDATE,none,86.598,0
episode_01298,29900,UNKNOWN,card,pending,3,1,86,0.0,2,0,True,False,LOW,SEND_NUDGE,none,5.612,0
episode_01299,69900,CUSTOMER_AUTH_FAILURE,netbanking,pending,1,1,153,0.25,4,0,True,False,HIGH,WAIT_NATIVE_RETRY,none,74.529,0
episode_01300,29900,PAYMENT_METHOD_INVALID,card,pending,3,1,149,0.0,3,0,True,False,HIGH,SEND_NUDGE,none,72.197,1
episode_01301,69900,TEMPORARY_FUNDS,emandate,pending,1,2,164,1.0,1,0,True,True,HIGH,REQUEST_CARD_UPDATE,medium,27.555,0
episode_01302,149900,CUSTOMER_AUTH_FAILURE,netbanking,pending,3,4,216,1.0,1,0,True,False,HIGH,WAIT_NATIVE_RETRY,none,68.611,1
episode_01303,29900,UNKNOWN,card,pending,1,2,91,0.0,0,0,True,False,HIGH,WAIT_NATIVE_RETRY,none,21.862,0
episode_01304,69900,MANDATE_OR_AUTH_INVALID,card,pending,1,2,128,0.0,4,0,True,False,HIGH,REQUEST_CARD_UPDATE,none,91.246,0
episode_01305,149900,CUSTOMER_AUTH_FAILURE,card,pending,4,1,174,0.2,5,0,True,False,HIGH,SEND_NUDGE,none,6.275,0
episode_01306,29900,UNKNOWN,card,pending,3,1,116,0.5,2,0,True,False,MEDIUM,STOP_AND_ESCALATE,none,30.306,0
episode_01307,29900,BANK_OR_NETWORK,upi,pending,3,4,94,0.666667,3,0,True,True,MEDIUM,REQUEST_CARD_UPDATE,high,39.799,1
episode_01308,29900,UNKNOWN,netbanking,halted,2,2,153,0.0,1,0,False,False,LOW,WAIT_NATIVE_RETRY,none,4.725,0
episode_01309,29900,TEMPORARY_FUNDS,card,pending,2,1,57,0.0,0,1,True,False,MEDIUM,SEND_NUDGE,none,81.315,1
episode_01310,29900,PAYMENT_METHOD_INVALID,netbanking,halted,4,1,443,0.666667,3,0,False,False,MEDIUM,REQUEST_CARD_UPDATE,none,17.133,1
episode_01311,69900,CUSTOMER_AUTH_FAILURE,card,halted,7,4,379,0.0,1,3,False,False,HIGH,STOP_AND_ESCALATE,none,31.778,0
episode_01312,29900,UNKNOWN,card,pending,1,1,80,0.8,5,1,True,False,LOW,STOP_AND_ESCALATE,none,19.093,0
episode_01313,149900,CUSTOMER_AUTH_FAILURE,card,pending,1,1,11,0.333333,3,0,True,False,MEDIUM,WAIT_NATIVE_RETRY,none,40.577,0
episode_01314,29900,CUSTOMER_AUTH_FAILURE,upi,pending,4,1,302,0.0,2,0,True,True,HIGH,WAIT_NATIVE_RETRY,medium,28.554,0
episode_01315,29900,UNKNOWN,upi,halted,2,1,315,0.0,2,0,False,False,MEDIUM,REQUEST_CARD_UPDATE,none,71.719,0
episode_01316,29900,BANK_OR_NETWORK,card,pending,3,2,164,0.333333,3,0,True,False,HIGH,STOP_AND_ESCALATE,none,19.041,0
episode_01317,149900,PAYMENT_METHOD_INVALID,card,pending,4,1,304,0.0,2,0,True,False,HIGH,SEND_NUDGE,none,22.117,0
episode_01318,69900,TEMPORARY_FUNDS,upi,pending,1,2,123,0.0,2,1,True,False,MEDIUM,REQUEST_CARD_UPDATE,none,24.882,0
episode_01319,69900,PAYMENT_METHOD_INVALID,upi,pending,4,2,51,0.333333,3,1,True,False,HIGH,SEND_NUDGE,none,118.596,0
episode_01320,29900,UNKNOWN,netbanking,halted,1,3,275,0.5,2,2,False,False,LOW,SEND_NUDGE,none,54.864,0
episode_01321,149900,TEMPORARY_FUNDS,netbanking,halted,1,1,167,0.25,4,0,False,False,HIGH,REQUEST_CARD_UPDATE,none,36.122,1
episode_01322,149900,UNKNOWN,upi,pending,2,2,160,0.0,0,0,True,False,LOW,SEND_NUDGE,none,22.935,1
episode_01323,69900,PAYMENT_METHOD_INVALID,card,pending,2,1,105,0.333333,3,0,True,False,HIGH,WAIT_NATIVE_RETRY,none,58.651,0
episode_01324,29900,PAYMENT_METHOD_INVALID,card,pending,3,3,209,0.666667,3,0,True,False,HIGH,WAIT_NATIVE_RETRY,none,8.739,1
episode_01325,69900,PAYMENT_METHOD_INVALID,card,pending,1,1,39,0.0,4,0,True,False,LOW,WAIT_NATIVE_RETRY,none,40.75,1
episode_01326,149900,CUSTOMER_AUTH_FAILURE,card,pending,2,3,539,0.333333,3,1,True,False,HIGH,WAIT_NATIVE_RETRY,none,12.636,1
episode_01327,69900,TEMPORARY_FUNDS,emandate,pending,1,3,63,1.0,2,1,True,False,LOW,REQUEST_CARD_UPDATE,none,22.871,1
episode_01328,69900,TEMPORARY_FUNDS,upi,pending,1,5,288,0.4,5,2,True,False,MEDIUM,WAIT_NATIVE_RETRY,none,21.834,1
episode_01329,149900,UNKNOWN,card,pending,1,1,154,0.0,0,1,True,False,LOW,SEND_NUDGE,none,19.839,0
episode_01330,29900,BANK_OR_NETWORK,card,pending,1,1,220,0.0,0,0,True,True,LOW,REQUEST_CARD_UPDATE,high,3.72,0
episode_01331,69900,CUSTOMER_AUTH_FAILURE,unknown,halted,1,2,395,0.0,2,2,False,False,HIGH,WAIT_NATIVE_RETRY,none,19.935,0
episode_01332,149900,UNKNOWN,unknown,pending,1,1,192,0.333333,3,0,True,False,LOW,STOP_AND_ESCALATE,none,76.814,0
episode_01333,29900,BANK_OR_NETWORK,emandate,pending,1,2,143,0.0,0,0,True,False,HIGH,WAIT_NATIVE_RETRY,none,82.059,0
episode_01334,69900,PAYMENT_METHOD_INVALID,card,pending,1,1,159,0.5,2,3,True,False,MEDIUM,STOP_AND_ESCALATE,none,1.959,0
episode_01335,29900,CUSTOMER_AUTH_FAILURE,card,pending,2,1,65,0.5,2,1,True,False,HIGH,WAIT_NATIVE_RETRY,none,14.308,1
episode_01336,69900,TEMPORARY_FUNDS,card,pending,4,1,286,0.0,0,1,True,False,HIGH,REQUEST_CARD_UPDATE,none,48.266,0
episode_01337,29900,BANK_OR_NETWORK,card,pending,2,1,262,0.666667,3,0,True,False,HIGH,STOP_AND_ESCALATE,none,69.458,0
episode_01338,29900,TEMPORARY_FUNDS,upi,pending,2,1,328,0.0,2,0,True,False,HIGH,SEND_NUDGE,none,40.3,1
episode_01339,69900,TEMPORARY_FUNDS,card,halted,1,1,449,0.0,2,0,False,False,HIGH,WAIT_NATIVE_RETRY,none,67.432,1
episode_01340,29900,PAYMENT_METHOD_INVALID,unknown,pending,2,3,21,1.0,3,0,True,False,HIGH,REQUEST_CARD_UPDATE,none,49.121,0
episode_01341,29900,TEMPORARY_FUNDS,upi,halted,2,2,76,0.2,5,1,False,False,MEDIUM,SEND_NUDGE,none,48.128,0
episode_01342,69900,PAYMENT_METHOD_INVALID,netbanking,pending,2,1,389,0.0,0,1,True,False,HIGH,WAIT_NATIVE_RETRY,none,29.271,0
episode_01343,69900,TEMPORARY_FUNDS,card,halted,2,1,37,0.666667,3,0,False,False,MEDIUM,REQUEST_CARD_UPDATE,none,9.18,0
episode_01344,69900,BANK_OR_NETWORK,card,pending,4,3,77,1.0,2,3,True,False,MEDIUM,SEND_NUDGE,none,23.253,0
episode_01345,69900,PAYMENT_METHOD_INVALID,upi,pending,2,3,48,0.0,1,0,True,False,HIGH,REQUEST_CARD_UPDATE,none,19.156,1
episode_01346,149900,PAYMENT_METHOD_INVALID,card,pending,6,1,192,0.0,0,0,True,False,HIGH,SEND_NUDGE,none,30.12,1
episode_01347,29900,BANK_OR_NETWORK,upi,pending,1,1,56,1.0,3,0,True,False,LOW,REQUEST_CARD_UPDATE,none,14.601,1
episode_01348,149900,BANK_OR_NETWORK,emandate,pending,1,1,410,0.0,0,0,True,True,MEDIUM,WAIT_NATIVE_RETRY,high,27.425,1
episode_01349,149900,UNKNOWN,card,pending,3,2,117,1.0,2,0,True,False,HIGH,WAIT_NATIVE_RETRY,none,35.105,1
episode_01350,149900,PAYMENT_METHOD_INVALID,upi,halted,4,1,225,0.0,0,0,False,False,HIGH,REQUEST_CARD_UPDATE,none,19.577,1
episode_01351,29900,TEMPORARY_FUNDS,netbanking,pending,2,1,158,0.0,0,1,True,False,HIGH,SEND_NUDGE,none,90.42,1
episode_01352,149900,PAYMENT_METHOD_INVALID,card,pending,2,1,111,1.0,1,0,True,False,MEDIUM,WAIT_NATIVE_RETRY,none,59.866,0
episode_01353,69900,BANK_OR_NETWORK,card,pending,2,2,209,0.0,0,1,True,False,HIGH,REQUEST_CARD_UPDATE,none,6.799,0
episode_01354,29900,BANK_OR_NETWORK,card,pending,1,4,117,0.333333,3,1,True,False,HIGH,WAIT_NATIVE_RETRY,none,77.266,0
episode_01355,149900,TEMPORARY_FUNDS,upi,halted,3,2,291,1.0,1,0,False,False,MEDIUM,REQUEST_CARD_UPDATE,none,27.649,1
episode_01356,69900,MANDATE_OR_AUTH_INVALID,unknown,halted,1,1,105,1.0,1,1,False,False,HIGH,SEND_NUDGE,none,29.291,0
episode_01357,29900,UNKNOWN,upi,pending,4,1,211,0.0,2,2,True,False,LOW,STOP_AND_ESCALATE,none,20.313,0
episode_01358,29900,CUSTOMER_AUTH_FAILURE,card,halted,2,2,101,0.5,2,1,False,False,HIGH,SEND_NUDGE,none,42.087,1
episode_01359,149900,PAYMENT_METHOD_INVALID,card,halted,3,3,259,0.0,0,0,False,False,HIGH,WAIT_NATIVE_RETRY,none,49.464,0
episode_01360,149900,BANK_OR_NETWORK,card,pending,2,3,382,0.0,1,2,True,False,HIGH,SEND_NUDGE,none,10.753,0
episode_01361,29900,CUSTOMER_AUTH_FAILURE,upi,pending,3,3,175,0.0,3,0,True,False,HIGH,WAIT_NATIVE_RETRY,none,15.717,0
episode_01362,149900,PAYMENT_METHOD_INVALID,netbanking,halted,1,2,110,0.4,5,1,False,False,HIGH,REQUEST_CARD_UPDATE,none,42.257,1
episode_01363,69900,TEMPORARY_FUNDS,upi,pending,3,2,483,0.25,4,1,True,False,MEDIUM,REQUEST_CARD_UPDATE,none,36.776,0
episode_01364,29900,TEMPORARY_FUNDS,emandate,pending,1,1,500,1.0,4,0,True,False,MEDIUM,WAIT_NATIVE_RETRY,none,14.6,1
episode_01365,29900,BANK_OR_NETWORK,card,pending,2,1,330,0.0,2,3,True,True,HIGH,STOP_AND_ESCALATE,medium,24.908,0
episode_01366,29900,MANDATE_OR_AUTH_INVALID,card,pending,1,2,226,0.5,4,0,True,False,LOW,SEND_NUDGE,none,44.856,0
episode_01367,29900,PAYMENT_METHOD_INVALID,card,pending,2,2,411,1.0,1,3,True,False,HIGH,WAIT_NATIVE_RETRY,none,52.445,1
episode_01368,69900,BANK_OR_NETWORK,upi,pending,2,3,167,1.0,2,0,True,False,HIGH,SEND_NUDGE,none,28.429,0
episode_01369,69900,CUSTOMER_AUTH_FAILURE,upi,pending,1,2,139,0.0,1,1,True,True,MEDIUM,SEND_NUDGE,medium,26.887,1
episode_01370,69900,PAYMENT_METHOD_INVALID,card,pending,2,2,83,0.0,4,0,True,False,HIGH,REQUEST_CARD_UPDATE,none,34.828,0
episode_01371,149900,CUSTOMER_AUTH_FAILURE,upi,pending,2,1,195,0.5,2,0,True,False,MEDIUM,WAIT_NATIVE_RETRY,none,37.294,0
episode_01372,149900,PAYMENT_METHOD_INVALID,emandate,pending,4,1,420,0.0,0,2,True,False,MEDIUM,SEND_NUDGE,none,57.709,0
episode_01373,149900,PAYMENT_METHOD_INVALID,card,pending,2,2,284,0.0,3,0,True,False,HIGH,SEND_NUDGE,none,17.837,0
episode_01374,29900,TEMPORARY_FUNDS,card,halted,3,1,89,0.0,1,0,False,False,HIGH,STOP_AND_ESCALATE,none,46.584,0
episode_01375,29900,PAYMENT_METHOD_INVALID,netbanking,pending,1,2,142,0.75,4,0,True,False,LOW,WAIT_NATIVE_RETRY,none,55.233,1
episode_01376,29900,TEMPORARY_FUNDS,upi,pending,1,2,124,0.0,4,0,True,False,MEDIUM,STOP_AND_ESCALATE,none,9.738,0
episode_01377,149900,CUSTOMER_AUTH_FAILURE,card,pending,3,1,41,0.0,2,0,True,False,HIGH,WAIT_NATIVE_RETRY,none,21.088,0
episode_01378,69900,TEMPORARY_FUNDS,card,pending,2,2,281,0.0,0,0,True,False,MEDIUM,WAIT_NATIVE_RETRY,none,57.237,1
episode_01379,149900,PAYMENT_METHOD_INVALID,upi,pending,3,2,106,0.0,1,0,True,False,LOW,STOP_AND_ESCALATE,none,25.653,0
episode_01380,29900,BANK_OR_NETWORK,card,pending,3,1,68,0.5,4,0,True,False,HIGH,STOP_AND_ESCALATE,none,31.806,0
episode_01381,29900,BANK_OR_NETWORK,card,pending,2,2,176,0.25,4,0,True,False,HIGH,SEND_NUDGE,none,68.513,1
episode_01382,149900,PAYMENT_METHOD_INVALID,card,pending,2,2,52,0.0,2,1,True,False,HIGH,WAIT_NATIVE_RETRY,none,22.799,0
episode_01383,29900,CUSTOMER_AUTH_FAILURE,card,pending,1,2,287,0.2,5,1,True,False,MEDIUM,STOP_AND_ESCALATE,none,8.754,0
episode_01384,29900,CUSTOMER_AUTH_FAILURE,upi,pending,2,3,152,1.0,1,1,True,False,LOW,REQUEST_CARD_UPDATE,none,32.681,0
episode_01385,29900,BANK_OR_NETWORK,unknown,pending,3,2,414,1.0,1,0,True,True,HIGH,WAIT_NATIVE_RETRY,medium,63.701,1
episode_01386,29900,UNKNOWN,upi,pending,5,1,65,1.0,2,0,True,False,LOW,WAIT_NATIVE_RETRY,none,25.753,1
episode_01387,29900,CUSTOMER_AUTH_FAILURE,card,pending,3,2,34,0.333333,3,0,True,False,LOW,REQUEST_CARD_UPDATE,none,24.728,1
episode_01388,149900,PAYMENT_METHOD_INVALID,card,pending,1,3,51,1.0,2,0,True,True,HIGH,WAIT_NATIVE_RETRY,high,10.082,0
episode_01389,69900,CUSTOMER_AUTH_FAILURE,emandate,pending,1,1,75,0.5,2,2,True,False,LOW,REQUEST_CARD_UPDATE,none,17.11,0
episode_01390,149900,CUSTOMER_AUTH_FAILURE,card,pending,2,2,55,0.0,0,1,True,False,HIGH,STOP_AND_ESCALATE,none,19.102,0
episode_01391,29900,BANK_OR_NETWORK,card,pending,2,1,135,0.666667,3,0,True,False,HIGH,WAIT_NATIVE_RETRY,none,17.955,0
episode_01392,69900,UNKNOWN,card,halted,3,2,110,0.0,2,1,False,False,LOW,WAIT_NATIVE_RETRY,none,39.989,0
episode_01393,29900,BANK_OR_NETWORK,card,pending,3,1,23,0.0,1,0,True,True,HIGH,WAIT_NATIVE_RETRY,low,4.179,1
episode_01394,69900,UNKNOWN,card,pending,4,2,150,0.0,2,3,True,False,HIGH,REQUEST_CARD_UPDATE,none,51.964,0
episode_01395,69900,TEMPORARY_FUNDS,upi,pending,1,2,114,0.5,2,0,True,False,LOW,REQUEST_CARD_UPDATE,none,28.197,1
episode_01396,69900,BANK_OR_NETWORK,card,halted,1,1,411,0.0,2,2,False,False,HIGH,REQUEST_CARD_UPDATE,none,11.497,0
episode_01397,29900,TEMPORARY_FUNDS,card,pending,1,1,33,1.0,1,0,True,False,HIGH,WAIT_NATIVE_RETRY,none,10.6,1
episode_01398,69900,TEMPORARY_FUNDS,upi,halted,2,1,431,0.0,2,1,False,True,HIGH,WAIT_NATIVE_RETRY,high,3.877,1
episode_01399,149900,BANK_OR_NETWORK,emandate,halted,2,2,216,0.0,1,0,False,False,HIGH,SEND_NUDGE,none,28.596,1
episode_01400,69900,TEMPORARY_FUNDS,emandate,pending,2,1,221,0.0,3,0,True,False,HIGH,REQUEST_CARD_UPDATE,none,20.001,0
episode_01401,29900,BANK_OR_NETWORK,card,halted,4,1,211,1.0,1,1,False,False,HIGH,WAIT_NATIVE_RETRY,none,59.236,0
episode_01402,69900,MANDATE_OR_AUTH_INVALID,card,halted,2,1,209,0.0,2,0,False,False,HIGH,WAIT_NATIVE_RETRY,none,26.005,0
episode_01403,69900,MANDATE_OR_AUTH_INVALID,card,pending,2,3,313,0.666667,3,0,True,False,HIGH,WAIT_NATIVE_RETRY,none,47.197,1
episode_01404,69900,CUSTOMER_AUTH_FAILURE,emandate,pending,5,1,70,0.0,2,2,True,False,MEDIUM,SEND_NUDGE,none,34.227,0
episode_01405,29900,TEMPORARY_FUNDS,upi,pending,5,2,150,0.0,4,0,True,False,HIGH,REQUEST_CARD_UPDATE,none,50.064,0
episode_01406,69900,TEMPORARY_FUNDS,upi,pending,1,2,268,0.0,0,0,True,False,HIGH,WAIT_NATIVE_RETRY,none,26.176,0
episode_01407,69900,PAYMENT_METHOD_INVALID,netbanking,pending,2,2,156,0.0,1,0,True,False,MEDIUM,STOP_AND_ESCALATE,none,35.92,0
episode_01408,29900,TEMPORARY_FUNDS,netbanking,pending,3,2,31,0.0,1,0,True,False,MEDIUM,REQUEST_CARD_UPDATE,none,25.423,0
episode_01409,149900,CUSTOMER_AUTH_FAILURE,upi,halted,1,2,225,0.0,0,1,False,False,HIGH,SEND_NUDGE,none,22.694,1
episode_01410,29900,PAYMENT_METHOD_INVALID,card,pending,2,1,41,0.0,1,1,True,False,HIGH,WAIT_NATIVE_RETRY,none,58.495,0
episode_01411,149900,CUSTOMER_AUTH_FAILURE,card,pending,2,2,473,0.0,3,2,True,False,MEDIUM,REQUEST_CARD_UPDATE,none,48.562,0
episode_01412,29900,PAYMENT_METHOD_INVALID,netbanking,halted,2,2,92,0.0,1,0,False,False,HIGH,STOP_AND_ESCALATE,none,12.868,0
episode_01413,149900,PAYMENT_METHOD_INVALID,upi,pending,2,1,14,1.0,1,1,True,False,HIGH,SEND_NUDGE,none,6.842,0
episode_01414,29900,PAYMENT_METHOD_INVALID,upi,pending,1,1,130,1.0,1,1,True,False,MEDIUM,REQUEST_CARD_UPDATE,none,5.773,1
episode_01415,29900,MANDATE_OR_AUTH_INVALID,emandate,pending,4,1,105,0.0,2,0,True,False,HIGH,REQUEST_CARD_UPDATE,none,56.852,0
episode_01416,29900,UNKNOWN,card,pending,1,2,149,1.0,3,1,True,False,LOW,REQUEST_CARD_UPDATE,none,52.241,1
episode_01417,69900,MANDATE_OR_AUTH_INVALID,card,halted,1,2,118,0.333333,3,1,False,False,HIGH,REQUEST_CARD_UPDATE,none,47.733,0
episode_01418,69900,TEMPORARY_FUNDS,emandate,pending,3,1,45,0.666667,3,3,True,False,HIGH,WAIT_NATIVE_RETRY,none,20.908,1
episode_01419,69900,UNKNOWN,card,halted,2,1,584,0.0,1,2,False,False,LOW,WAIT_NATIVE_RETRY,none,7.581,0
episode_01420,29900,BANK_OR_NETWORK,upi,halted,2,3,192,0.0,0,0,False,False,MEDIUM,STOP_AND_ESCALATE,none,42.464,0
episode_01421,69900,TEMPORARY_FUNDS,card,pending,2,1,151,0.333333,3,1,True,False,HIGH,STOP_AND_ESCALATE,none,18.31,0
episode_01422,69900,BANK_OR_NETWORK,card,pending,4,1,116,0.5,2,1,True,False,HIGH,REQUEST_CARD_UPDATE,none,17.034,0
episode_01423,29900,BANK_OR_NETWORK,netbanking,pending,2,2,135,0.5,2,0,True,False,HIGH,STOP_AND_ESCALATE,none,71.443,1
episode_01424,69900,BANK_OR_NETWORK,upi,pending,1,1,33,0.0,1,0,True,True,HIGH,WAIT_NATIVE_RETRY,medium,27.421,1
episode_01425,69900,CUSTOMER_AUTH_FAILURE,card,halted,1,2,211,0.0,0,0,False,False,HIGH,WAIT_NATIVE_RETRY,none,7.224,0
episode_01426,149900,TEMPORARY_FUNDS,card,pending,2,2,44,0.5,2,1,True,False,HIGH,WAIT_NATIVE_RETRY,none,6.836,1
episode_01427,69900,TEMPORARY_FUNDS,unknown,pending,1,1,69,0.0,2,0,True,False,HIGH,SEND_NUDGE,none,7.883,1
episode_01428,29900,PAYMENT_METHOD_INVALID,upi,pending,1,3,193,0.0,1,1,True,False,HIGH,WAIT_NATIVE_RETRY,none,42.77,0
episode_01429,69900,UNKNOWN,upi,pending,1,1,51,0.0,1,3,True,False,MEDIUM,SEND_NUDGE,none,12.0,0
episode_01430,29900,PAYMENT_METHOD_INVALID,card,halted,1,1,34,1.0,1,0,False,False,MEDIUM,REQUEST_CARD_UPDATE,none,36.156,0
episode_01431,69900,BANK_OR_NETWORK,netbanking,pending,2,2,158,0.5,2,0,True,False,HIGH,STOP_AND_ESCALATE,none,7.053,0
episode_01432,69900,BANK_OR_NETWORK,upi,pending,2,4,235,0.0,3,0,True,False,HIGH,WAIT_NATIVE_RETRY,none,9.003,1
episode_01433,29900,CUSTOMER_AUTH_FAILURE,card,pending,2,1,12,0.5,2,0,True,False,HIGH,REQUEST_CARD_UPDATE,none,18.161,0
episode_01434,29900,BANK_OR_NETWORK,unknown,pending,1,2,69,0.0,2,2,True,True,HIGH,WAIT_NATIVE_RETRY,medium,26.526,1
episode_01435,29900,MANDATE_OR_AUTH_INVALID,card,halted,4,1,280,0.5,2,0,False,False,MEDIUM,STOP_AND_ESCALATE,none,47.959,0
episode_01436,69900,CUSTOMER_AUTH_FAILURE,upi,pending,3,3,122,0.5,6,2,True,False,LOW,WAIT_NATIVE_RETRY,none,59.442,0
episode_01437,149900,UNKNOWN,upi,pending,2,2,159,0.0,4,0,True,False,LOW,SEND_NUDGE,none,30.051,0
episode_01438,149900,BANK_OR_NETWORK,emandate,halted,2,2,159,0.0,0,1,False,False,LOW,REQUEST_CARD_UPDATE,none,54.264,0
episode_01439,149900,CUSTOMER_AUTH_FAILURE,card,pending,2,1,387,0.333333,3,3,True,False,MEDIUM,STOP_AND_ESCALATE,none,29.248,0
episode_01440,29900,TEMPORARY_FUNDS,netbanking,halted,3,2,336,0.666667,3,2,False,False,MEDIUM,STOP_AND_ESCALATE,none,40.318,0
episode_01441,29900,CUSTOMER_AUTH_FAILURE,upi,halted,2,2,320,1.0,1,0,False,False,HIGH,STOP_AND_ESCALATE,none,50.662,1
episode_01442,29900,CUSTOMER_AUTH_FAILURE,netbanking,pending,3,2,82,0.0,1,0,True,False,MEDIUM,SEND_NUDGE,none,10.478,1
episode_01443,29900,TEMPORARY_FUNDS,card,halted,2,1,180,0.0,0,0,False,False,HIGH,STOP_AND_ESCALATE,none,13.774,0
episode_01444,149900,TEMPORARY_FUNDS,card,pending,1,3,267,0.5,2,1,True,True,HIGH,SEND_NUDGE,medium,41.324,1
episode_01445,69900,PAYMENT_METHOD_INVALID,upi,pending,3,1,190,0.333333,3,0,True,False,HIGH,WAIT_NATIVE_RETRY,none,13.148,0
episode_01446,149900,TEMPORARY_FUNDS,netbanking,halted,2,3,195,0.0,0,2,False,False,MEDIUM,STOP_AND_ESCALATE,none,8.784,0
episode_01447,149900,CUSTOMER_AUTH_FAILURE,card,pending,1,2,413,0.0,2,0,True,False,HIGH,STOP_AND_ESCALATE,none,25.186,0
episode_01448,29900,BANK_OR_NETWORK,netbanking,pending,2,3,141,0.6,5,2,True,False,HIGH,REQUEST_CARD_UPDATE,none,23.193,0
episode_01449,69900,TEMPORARY_FUNDS,upi,halted,1,2,326,0.0,1,2,False,False,HIGH,SEND_NUDGE,none,25.983,0
episode_01450,69900,BANK_OR_NETWORK,upi,halted,1,1,32,0.0,1,0,False,False,MEDIUM,WAIT_NATIVE_RETRY,none,90.432,1
episode_01451,29900,CUSTOMER_AUTH_FAILURE,upi,pending,3,4,7,1.0,2,0,True,False,HIGH,SEND_NUDGE,none,47.309,1
episode_01452,149900,BANK_OR_NETWORK,card,halted,2,2,99,0.0,0,1,False,False,LOW,WAIT_NATIVE_RETRY,none,30.701,1
episode_01453,149900,CUSTOMER_AUTH_FAILURE,emandate,pending,4,1,394,0.666667,6,0,True,False,HIGH,REQUEST_CARD_UPDATE,none,35.23,1
episode_01454,29900,BANK_OR_NETWORK,emandate,pending,3,1,257,0.4,5,0,True,False,HIGH,WAIT_NATIVE_RETRY,none,6.222,1
episode_01455,69900,PAYMENT_METHOD_INVALID,emandate,pending,1,2,102,0.0,0,2,True,False,HIGH,WAIT_NATIVE_RETRY,none,7.832,0
episode_01456,29900,PAYMENT_METHOD_INVALID,card,pending,1,1,111,0.0,2,0,True,False,HIGH,SEND_NUDGE,none,52.661,0
episode_01457,29900,UNKNOWN,upi,pending,2,2,432,0.0,2,0,True,False,MEDIUM,REQUEST_CARD_UPDATE,none,68.079,1
episode_01458,69900,UNKNOWN,card,pending,4,3,217,0.0,2,1,True,False,MEDIUM,WAIT_NATIVE_RETRY,none,41.461,0
episode_01459,29900,BANK_OR_NETWORK,upi,pending,1,1,135,0.666667,3,0,True,False,MEDIUM,WAIT_NATIVE_RETRY,none,32.275,1
episode_01460,149900,PAYMENT_METHOD_INVALID,card,halted,1,3,200,0.0,1,1,False,False,MEDIUM,SEND_NUDGE,none,145.048,0
episode_01461,149900,MANDATE_OR_AUTH_INVALID,upi,pending,1,2,76,0.75,4,0,True,False,HIGH,STOP_AND_ESCALATE,none,4.19,0
episode_01462,69900,UNKNOWN,card,pending,2,1,190,0.0,2,0,True,False,MEDIUM,REQUEST_CARD_UPDATE,none,102.793,0
episode_01463,69900,MANDATE_OR_AUTH_INVALID,emandate,pending,2,2,266,1.0,1,1,True,False,HIGH,SEND_NUDGE,none,2.413,1
episode_01464,29900,TEMPORARY_FUNDS,netbanking,pending,2,1,157,0.0,1,0,True,False,MEDIUM,STOP_AND_ESCALATE,none,25.16,0
episode_01465,149900,TEMPORARY_FUNDS,card,pending,4,1,182,0.0,2,0,True,False,HIGH,STOP_AND_ESCALATE,none,56.326,0
episode_01466,69900,BANK_OR_NETWORK,netbanking,pending,1,3,214,1.0,1,0,True,False,HIGH,REQUEST_CARD_UPDATE,none,33.871,0
episode_01467,69900,BANK_OR_NETWORK,card,pending,2,3,420,0.666667,3,2,True,False,LOW,WAIT_NATIVE_RETRY,none,26.627,1
episode_01468,29900,UNKNOWN,emandate,pending,1,1,389,0.0,1,1,True,False,MEDIUM,REQUEST_CARD_UPDATE,none,59.648,0
episode_01469,29900,MANDATE_OR_AUTH_INVALID,card,pending,5,2,100,0.5,2,0,True,False,HIGH,REQUEST_CARD_UPDATE,none,91.409,1
episode_01470,149900,UNKNOWN,upi,halted,2,1,158,0.4,5,2,False,False,LOW,SEND_NUDGE,none,30.809,0
episode_01471,29900,CUSTOMER_AUTH_FAILURE,card,pending,2,1,169,0.0,0,0,True,False,HIGH,WAIT_NATIVE_RETRY,none,49.55,0
episode_01472,29900,CUSTOMER_AUTH_FAILURE,netbanking,pending,1,2,168,0.5,2,0,True,False,MEDIUM,WAIT_NATIVE_RETRY,none,54.147,1
episode_01473,29900,PAYMENT_METHOD_INVALID,card,halted,1,2,287,0.0,0,0,False,False,HIGH,WAIT_NATIVE_RETRY,none,27.11,0
episode_01474,29900,PAYMENT_METHOD_INVALID,card,pending,2,1,151,1.0,2,0,True,False,LOW,WAIT_NATIVE_RETRY,none,21.228,0
episode_01475,149900,MANDATE_OR_AUTH_INVALID,unknown,pending,1,2,60,1.0,1,0,True,True,HIGH,REQUEST_CARD_UPDATE,medium,17.449,1
episode_01476,149900,PAYMENT_METHOD_INVALID,card,pending,1,2,229,0.0,2,0,True,False,HIGH,WAIT_NATIVE_RETRY,none,15.04,0
episode_01477,69900,MANDATE_OR_AUTH_INVALID,card,pending,2,1,88,0.333333,3,1,True,False,LOW,SEND_NUDGE,none,33.859,0
episode_01478,149900,PAYMENT_METHOD_INVALID,card,pending,2,1,185,0.333333,3,0,True,False,HIGH,SEND_NUDGE,none,20.138,0
episode_01479,29900,MANDATE_OR_AUTH_INVALID,upi,pending,2,1,83,0.5,2,1,True,False,HIGH,SEND_NUDGE,none,56.606,0
episode_01480,29900,TEMPORARY_FUNDS,netbanking,halted,3,1,107,0.0,2,1,False,False,MEDIUM,WAIT_NATIVE_RETRY,none,23.21,1
episode_01481,149900,PAYMENT_METHOD_INVALID,card,pending,1,1,122,1.0,2,2,True,False,LOW,SEND_NUDGE,none,35.047,1
episode_01482,149900,CUSTOMER_AUTH_FAILURE,upi,pending,3,1,137,0.0,0,0,True,False,MEDIUM,SEND_NUDGE,none,46.296,0
episode_01483,149900,PAYMENT_METHOD_INVALID,card,halted,2,1,450,0.5,2,2,False,False,MEDIUM,REQUEST_CARD_UPDATE,none,24.638,0
episode_01484,69900,BANK_OR_NETWORK,card,pending,4,3,116,1.0,1,0,True,False,LOW,STOP_AND_ESCALATE,none,23.042,0
episode_01485,69900,MANDATE_OR_AUTH_INVALID,emandate,pending,1,2,335,0.333333,3,0,True,False,MEDIUM,SEND_NUDGE,none,53.446,1
episode_01486,69900,UNKNOWN,card,pending,1,1,32,0.0,0,0,True,False,LOW,SEND_NUDGE,none,69.715,0
episode_01487,29900,TEMPORARY_FUNDS,emandate,pending,2,2,208,0.5,2,0,True,False,HIGH,STOP_AND_ESCALATE,none,14.671,0
episode_01488,29900,TEMPORARY_FUNDS,upi,halted,7,3,54,1.0,1,1,False,False,HIGH,SEND_NUDGE,none,27.001,0
episode_01489,69900,PAYMENT_METHOD_INVALID,upi,pending,2,1,142,0.0,1,0,True,False,LOW,SEND_NUDGE,none,32.163,0
episode_01490,69900,UNKNOWN,card,pending,2,2,230,0.0,1,1,True,False,MEDIUM,WAIT_NATIVE_RETRY,none,15.36,1
episode_01491,69900,TEMPORARY_FUNDS,card,pending,3,1,152,0.0,0,0,True,False,HIGH,REQUEST_CARD_UPDATE,none,16.364,0
episode_01492,149900,PAYMENT_METHOD_INVALID,card,pending,4,1,181,1.0,1,0,True,False,HIGH,REQUEST_CARD_UPDATE,none,61.124,1
episode_01493,69900,TEMPORARY_FUNDS,card,halted,3,1,238,0.0,1,1,False,False,HIGH,STOP_AND_ESCALATE,none,10.487,0
episode_01494,69900,PAYMENT_METHOD_INVALID,card,pending,2,1,134,1.0,4,0,True,False,HIGH,WAIT_NATIVE_RETRY,none,23.414,1
episode_01495,69900,UNKNOWN,emandate,pending,2,2,469,0.5,2,0,True,False,LOW,SEND_NUDGE,none,81.311,0
episode_01496,29900,TEMPORARY_FUNDS,netbanking,pending,5,2,56,1.0,1,0,True,False,HIGH,WAIT_NATIVE_RETRY,none,66.206,0
episode_01497,69900,TEMPORARY_FUNDS,upi,pending,2,1,202,0.0,0,1,True,False,LOW,WAIT_NATIVE_RETRY,none,20.763,1
episode_01498,29900,TEMPORARY_FUNDS,unknown,pending,2,2,221,0.0,1,1,True,False,MEDIUM,WAIT_NATIVE_RETRY,none,30.99,1
episode_01499,29900,BANK_OR_NETWORK,card,pending,6,1,279,1.0,2,1,True,False,MEDIUM,STOP_AND_ESCALATE,none,64.323,0
episode_01500,69900,BANK_OR_NETWORK,card,pending,2,1,350,0.0,3,1,True,False,HIGH,WAIT_NATIVE_RETRY,none,20.979,1
episode_01501,149900,CUSTOMER_AUTH_FAILURE,card,pending,2,2,289,0.25,4,0,True,False,MEDIUM,STOP_AND_ESCALATE,none,73.145,0
episode_01502,149900,CUSTOMER_AUTH_FAILURE,card,halted,2,1,179,0.0,0,0,False,False,MEDIUM,STOP_AND_ESCALATE,none,45.723,0
episode_01503,69900,TEMPORARY_FUNDS,upi,halted,2,1,129,0.75,4,0,False,False,MEDIUM,REQUEST_CARD_UPDATE,none,35.925,0
episode_01504,29900,MANDATE_OR_AUTH_INVALID,card,pending,2,1,253,0.0,2,1,True,False,HIGH,REQUEST_CARD_UPDATE,none,63.172,1
episode_01505,29900,UNKNOWN,card,pending,1,3,170,0.333333,3,2,True,False,LOW,SEND_NUDGE,none,18.253,1
episode_01506,149900,UNKNOWN,emandate,pending,3,3,347,0.0,2,1,True,False,LOW,WAIT_NATIVE_RETRY,none,53.64,0
episode_01507,29900,TEMPORARY_FUNDS,card,pending,1,1,234,0.0,0,1,True,True,HIGH,REQUEST_CARD_UPDATE,low,25.59,0
episode_01508,69900,BANK_OR_NETWORK,card,pending,2,1,111,0.0,1,1,True,True,HIGH,SEND_NUDGE,high,47.443,0
episode_01509,149900,MANDATE_OR_AUTH_INVALID,card,pending,2,3,272,0.25,8,1,True,False,MEDIUM,REQUEST_CARD_UPDATE,none,21.018,0
episode_01510,69900,PAYMENT_METHOD_INVALID,card,pending,2,1,77,0.0,2,0,True,False,HIGH,WAIT_NATIVE_RETRY,none,17.548,0
episode_01511,69900,UNKNOWN,upi,halted,3,2,409,0.0,2,2,False,False,LOW,WAIT_NATIVE_RETRY,none,14.858,0
episode_01512,149900,BANK_OR_NETWORK,card,pending,3,2,140,0.0,3,1,True,False,MEDIUM,SEND_NUDGE,none,9.738,0
episode_01513,29900,TEMPORARY_FUNDS,emandate,pending,1,3,140,0.0,1,3,True,False,MEDIUM,SEND_NUDGE,none,5.79,1
episode_01514,29900,PAYMENT_METHOD_INVALID,card,halted,1,1,140,0.0,2,0,False,False,HIGH,WAIT_NATIVE_RETRY,none,7.224,0
episode_01515,29900,TEMPORARY_FUNDS,card,pending,1,2,115,0.0,5,0,True,False,HIGH,REQUEST_CARD_UPDATE,none,53.069,0
episode_01516,29900,TEMPORARY_FUNDS,card,pending,2,1,103,0.5,2,2,True,False,HIGH,REQUEST_CARD_UPDATE,none,44.9,1
episode_01517,69900,TEMPORARY_FUNDS,unknown,halted,1,1,41,0.0,1,2,False,False,HIGH,STOP_AND_ESCALATE,none,21.689,0
episode_01518,69900,UNKNOWN,card,pending,3,1,188,0.0,1,1,True,False,LOW,SEND_NUDGE,none,31.066,0
episode_01519,29900,PAYMENT_METHOD_INVALID,upi,halted,3,1,197,0.0,2,0,False,False,HIGH,STOP_AND_ESCALATE,none,31.299,0
episode_01520,149900,CUSTOMER_AUTH_FAILURE,upi,halted,2,1,65,0.5,2,0,False,False,HIGH,REQUEST_CARD_UPDATE,none,40.98,1
episode_01521,29900,TEMPORARY_FUNDS,card,pending,1,1,339,0.0,1,0,True,False,HIGH,REQUEST_CARD_UPDATE,none,20.018,0
episode_01522,69900,TEMPORARY_FUNDS,upi,pending,2,1,234,0.0,1,3,True,False,HIGH,STOP_AND_ESCALATE,none,25.409,1
episode_01523,149900,BANK_OR_NETWORK,card,pending,3,2,255,0.0,1,1,True,True,HIGH,SEND_NUDGE,medium,71.831,0
episode_01524,69900,TEMPORARY_FUNDS,card,pending,2,3,216,0.5,2,0,True,True,MEDIUM,REQUEST_CARD_UPDATE,medium,21.229,1
episode_01525,149900,PAYMENT_METHOD_INVALID,upi,pending,1,2,215,0.0,1,3,True,False,HIGH,SEND_NUDGE,none,19.472,1
episode_01526,29900,UNKNOWN,card,pending,1,3,233,0.0,0,0,True,False,MEDIUM,REQUEST_CARD_UPDATE,none,52.567,1
episode_01527,69900,PAYMENT_METHOD_INVALID,card,pending,2,2,292,0.333333,3,2,True,False,MEDIUM,REQUEST_CARD_UPDATE,none,55.457,0
episode_01528,29900,BANK_OR_NETWORK,upi,pending,2,1,129,0.0,0,1,True,False,MEDIUM,REQUEST_CARD_UPDATE,none,35.457,1
episode_01529,149900,BANK_OR_NETWORK,card,pending,3,3,96,0.0,2,0,True,True,HIGH,REQUEST_CARD_UPDATE,high,36.149,0
episode_01530,29900,CUSTOMER_AUTH_FAILURE,card,halted,2,1,202,0.0,0,0,False,False,HIGH,REQUEST_CARD_UPDATE,none,19.185,0
episode_01531,69900,TEMPORARY_FUNDS,card,pending,3,1,97,0.0,3,0,True,False,HIGH,REQUEST_CARD_UPDATE,none,25.682,0
episode_01532,69900,CUSTOMER_AUTH_FAILURE,upi,pending,1,3,190,0.0,1,1,True,False,MEDIUM,WAIT_NATIVE_RETRY,none,41.627,1
episode_01533,29900,PAYMENT_METHOD_INVALID,card,pending,2,1,189,1.0,1,0,True,False,MEDIUM,SEND_NUDGE,none,11.955,0
episode_01534,29900,CUSTOMER_AUTH_FAILURE,card,pending,4,1,110,0.0,1,0,True,False,HIGH,STOP_AND_ESCALATE,none,16.693,0
episode_01535,29900,BANK_OR_NETWORK,card,halted,2,1,398,0.0,1,3,False,True,HIGH,WAIT_NATIVE_RETRY,medium,5.83,0
episode_01536,69900,MANDATE_OR_AUTH_INVALID,netbanking,pending,3,3,97,1.0,2,0,True,False,HIGH,SEND_NUDGE,none,25.592,1
episode_01537,29900,TEMPORARY_FUNDS,card,pending,1,1,400,0.0,0,0,True,False,HIGH,WAIT_NATIVE_RETRY,none,23.426,0
episode_01538,69900,TEMPORARY_FUNDS,unknown,pending,1,3,335,0.5,6,0,True,False,HIGH,STOP_AND_ESCALATE,none,15.581,0
episode_01539,29900,MANDATE_OR_AUTH_INVALID,netbanking,halted,6,1,351,0.0,2,0,False,False,HIGH,WAIT_NATIVE_RETRY,none,19.526,0
episode_01540,149900,TEMPORARY_FUNDS,emandate,halted,2,1,71,0.0,2,2,False,False,MEDIUM,WAIT_NATIVE_RETRY,none,23.749,1
episode_01541,29900,BANK_OR_NETWORK,emandate,pending,3,3,88,1.0,2,0,True,False,LOW,REQUEST_CARD_UPDATE,none,5.388,0
episode_01542,69900,TEMPORARY_FUNDS,netbanking,halted,2,2,56,0.0,1,1,False,False,HIGH,STOP_AND_ESCALATE,none,37.494,1
episode_01543,149900,UNKNOWN,upi,pending,1,3,124,0.333333,3,3,True,True,LOW,WAIT_NATIVE_RETRY,medium,28.165,1
episode_01544,29900,TEMPORARY_FUNDS,upi,halted,2,2,59,0.75,4,1,False,False,HIGH,SEND_NUDGE,none,54.6,1
episode_01545,29900,TEMPORARY_FUNDS,card,pending,1,1,52,0.0,2,0,True,False,MEDIUM,WAIT_NATIVE_RETRY,none,53.838,0
episode_01546,29900,PAYMENT_METHOD_INVALID,emandate,pending,1,2,37,0.0,5,0,True,False,HIGH,WAIT_NATIVE_RETRY,none,27.257,1
episode_01547,69900,PAYMENT_METHOD_INVALID,card,pending,3,2,235,0.666667,3,1,True,False,HIGH,WAIT_NATIVE_RETRY,none,112.296,1
episode_01548,29900,TEMPORARY_FUNDS,card,pending,2,2,241,0.333333,3,0,True,False,HIGH,REQUEST_CARD_UPDATE,none,11.953,1
episode_01549,149900,UNKNOWN,upi,halted,1,2,167,0.0,1,1,False,True,MEDIUM,REQUEST_CARD_UPDATE,low,14.226,1
episode_01550,29900,MANDATE_OR_AUTH_INVALID,card,pending,1,3,87,0.0,1,0,True,False,HIGH,WAIT_NATIVE_RETRY,none,9.445,0
episode_01551,69900,TEMPORARY_FUNDS,upi,pending,4,2,252,0.0,1,1,True,False,HIGH,STOP_AND_ESCALATE,none,52.428,0
episode_01552,29900,MANDATE_OR_AUTH_INVALID,card,halted,2,3,222,1.0,1,2,False,False,HIGH,SEND_NUDGE,none,118.961,0
episode_01553,29900,PAYMENT_METHOD_INVALID,card,pending,1,2,130,0.333333,3,0,True,False,HIGH,WAIT_NATIVE_RETRY,none,16.258,1
episode_01554,149900,MANDATE_OR_AUTH_INVALID,emandate,pending,2,1,546,0.0,1,0,True,False,HIGH,REQUEST_CARD_UPDATE,none,9.834,0
episode_01555,69900,TEMPORARY_FUNDS,card,halted,3,3,125,1.0,2,1,False,False,HIGH,SEND_NUDGE,none,15.005,0
episode_01556,29900,BANK_OR_NETWORK,card,halted,5,1,484,0.0,1,1,False,False,MEDIUM,SEND_NUDGE,none,51.912,0
episode_01557,149900,PAYMENT_METHOD_INVALID,unknown,pending,3,1,410,0.0,0,1,True,False,HIGH,STOP_AND_ESCALATE,none,17.724,0
episode_01558,69900,MANDATE_OR_AUTH_INVALID,upi,pending,1,2,78,0.0,0,2,True,False,HIGH,REQUEST_CARD_UPDATE,none,2.733,0
episode_01559,69900,UNKNOWN,netbanking,halted,2,3,53,0.5,2,0,False,False,MEDIUM,WAIT_NATIVE_RETRY,none,60.722,1
episode_01560,29900,PAYMENT_METHOD_INVALID,card,pending,3,3,227,0.142857,7,1,True,False,HIGH,REQUEST_CARD_UPDATE,none,30.966,1
episode_01561,69900,BANK_OR_NETWORK,upi,pending,2,1,344,0.0,2,0,True,True,HIGH,STOP_AND_ESCALATE,medium,14.633,0
episode_01562,29900,BANK_OR_NETWORK,upi,halted,4,1,70,0.0,1,1,False,True,MEDIUM,SEND_NUDGE,high,34.967,0
episode_01563,69900,TEMPORARY_FUNDS,card,pending,1,2,93,0.0,2,1,True,False,MEDIUM,REQUEST_CARD_UPDATE,none,10.207,0
episode_01564,149900,BANK_OR_NETWORK,card,halted,1,2,286,0.0,0,3,False,False,MEDIUM,WAIT_NATIVE_RETRY,none,7.321,1
episode_01565,69900,CUSTOMER_AUTH_FAILURE,card,pending,5,1,180,1.0,1,1,True,False,HIGH,REQUEST_CARD_UPDATE,none,26.219,1
episode_01566,29900,BANK_OR_NETWORK,card,pending,1,1,302,0.0,1,1,True,False,MEDIUM,STOP_AND_ESCALATE,none,33.277,0
episode_01567,29900,PAYMENT_METHOD_INVALID,emandate,pending,3,1,136,0.333333,6,0,True,False,HIGH,SEND_NUDGE,none,52.368,1
episode_01568,29900,TEMPORARY_FUNDS,emandate,pending,2,3,92,0.5,2,0,True,False,LOW,REQUEST_CARD_UPDATE,none,24.365,1
episode_01569,29900,TEMPORARY_FUNDS,upi,pending,1,2,254,0.0,1,2,True,False,MEDIUM,REQUEST_CARD_UPDATE,none,14.491,1
episode_01570,149900,TEMPORARY_FUNDS,card,pending,1,2,440,0.666667,3,0,True,False,MEDIUM,WAIT_NATIVE_RETRY,none,4.968,0
episode_01571,149900,TEMPORARY_FUNDS,emandate,pending,2,2,175,0.0,0,2,True,False,HIGH,SEND_NUDGE,none,26.98,0
episode_01572,29900,UNKNOWN,upi,halted,1,1,65,0.0,3,3,False,False,LOW,REQUEST_CARD_UPDATE,none,35.612,0
episode_01573,29900,TEMPORARY_FUNDS,card,pending,2,2,126,0.666667,3,0,True,False,HIGH,REQUEST_CARD_UPDATE,none,11.098,0
episode_01574,149900,BANK_OR_NETWORK,card,pending,1,3,200,0.0,2,2,True,False,HIGH,SEND_NUDGE,none,13.178,0
episode_01575,69900,CUSTOMER_AUTH_FAILURE,upi,pending,1,1,61,0.5,2,0,True,False,HIGH,STOP_AND_ESCALATE,none,43.611,0
episode_01576,69900,MANDATE_OR_AUTH_INVALID,card,pending,2,1,83,0.0,0,0,True,False,HIGH,STOP_AND_ESCALATE,none,14.434,0
episode_01577,149900,CUSTOMER_AUTH_FAILURE,card,pending,2,3,78,0.0,1,1,True,False,HIGH,SEND_NUDGE,none,28.376,0
episode_01578,29900,BANK_OR_NETWORK,upi,pending,2,4,67,0.0,4,0,True,False,HIGH,REQUEST_CARD_UPDATE,none,33.148,1
episode_01579,69900,CUSTOMER_AUTH_FAILURE,card,pending,1,2,117,0.0,0,1,True,False,HIGH,SEND_NUDGE,none,15.903,1
episode_01580,69900,TEMPORARY_FUNDS,upi,pending,2,3,207,1.0,1,0,True,False,LOW,WAIT_NATIVE_RETRY,none,74.742,1
episode_01581,29900,PAYMENT_METHOD_INVALID,upi,pending,1,3,372,0.0,0,1,True,False,MEDIUM,REQUEST_CARD_UPDATE,none,29.456,1
episode_01582,29900,TEMPORARY_FUNDS,card,pending,2,2,46,0.5,2,2,True,False,HIGH,WAIT_NATIVE_RETRY,none,74.993,1
episode_01583,149900,TEMPORARY_FUNDS,upi,halted,6,1,191,0.25,4,1,False,False,HIGH,STOP_AND_ESCALATE,none,35.843,0
episode_01584,69900,MANDATE_OR_AUTH_INVALID,card,pending,1,1,210,1.0,2,0,True,False,MEDIUM,STOP_AND_ESCALATE,none,54.407,0
episode_01585,69900,UNKNOWN,card,pending,2,2,433,1.0,4,1,True,False,LOW,REQUEST_CARD_UPDATE,none,71.003,1
episode_01586,149900,CUSTOMER_AUTH_FAILURE,card,pending,3,1,106,0.0,1,0,True,False,HIGH,REQUEST_CARD_UPDATE,none,3.824,0
episode_01587,29900,PAYMENT_METHOD_INVALID,upi,halted,2,1,654,1.0,2,0,False,False,MEDIUM,STOP_AND_ESCALATE,none,22.827,1
episode_01588,69900,UNKNOWN,card,halted,2,2,147,0.666667,3,0,False,False,MEDIUM,WAIT_NATIVE_RETRY,none,19.496,0
episode_01589,69900,UNKNOWN,emandate,pending,3,1,85,1.0,2,1,True,False,LOW,REQUEST_CARD_UPDATE,none,63.241,1
episode_01590,29900,PAYMENT_METHOD_INVALID,card,pending,2,3,214,1.0,2,0,True,False,MEDIUM,WAIT_NATIVE_RETRY,none,4.182,1
episode_01591,29900,PAYMENT_METHOD_INVALID,card,pending,1,2,27,0.2,5,0,True,False,HIGH,SEND_NUDGE,none,70.874,1
episode_01592,149900,BANK_OR_NETWORK,card,pending,1,3,148,0.0,1,1,True,False,HIGH,STOP_AND_ESCALATE,none,35.418,1
episode_01593,69900,TEMPORARY_FUNDS,emandate,pending,2,1,243,0.0,0,2,True,False,MEDIUM,SEND_NUDGE,none,70.231,1
episode_01594,69900,TEMPORARY_FUNDS,card,pending,2,3,214,1.0,4,0,True,False,HIGH,SEND_NUDGE,none,27.122,1
episode_01595,149900,TEMPORARY_FUNDS,card,pending,4,1,80,0.0,1,0,True,False,HIGH,REQUEST_CARD_UPDATE,none,27.195,0
episode_01596,149900,UNKNOWN,emandate,halted,3,3,36,0.0,0,0,False,False,LOW,WAIT_NATIVE_RETRY,none,40.13,0
episode_01597,69900,PAYMENT_METHOD_INVALID,card,pending,1,1,115,0.0,1,1,True,False,LOW,WAIT_NATIVE_RETRY,none,15.033,0
episode_01598,29900,PAYMENT_METHOD_INVALID,card,pending,1,1,436,0.0,0,3,True,True,HIGH,WAIT_NATIVE_RETRY,low,3.194,0
episode_01599,69900,MANDATE_OR_AUTH_INVALID,card,pending,3,2,495,0.5,4,1,True,False,HIGH,WAIT_NATIVE_RETRY,none,20.898,0
episode_01600,149900,CUSTOMER_AUTH_FAILURE,card,pending,3,2,107,1.0,1,1,True,False,HIGH,SEND_NUDGE,none,66.059,1
episode_01601,69900,CUSTOMER_AUTH_FAILURE,card,pending,1,3,461,0.5,2,0,True,False,HIGH,STOP_AND_ESCALATE,none,11.133,0
episode_01602,69900,MANDATE_OR_AUTH_INVALID,card,halted,1,3,320,0.25,4,1,False,False,HIGH,WAIT_NATIVE_RETRY,none,9.768,0
episode_01603,69900,TEMPORARY_FUNDS,upi,pending,1,1,61,0.333333,3,0,True,False,LOW,STOP_AND_ESCALATE,none,29.002,0
episode_01604,29900,PAYMENT_METHOD_INVALID,upi,halted,1,2,135,0.0,1,0,False,False,HIGH,REQUEST_CARD_UPDATE,none,93.156,0
episode_01605,29900,UNKNOWN,card,pending,2,2,67,0.0,3,0,True,False,LOW,REQUEST_CARD_UPDATE,none,12.631,1
episode_01606,149900,CUSTOMER_AUTH_FAILURE,card,pending,1,1,27,1.0,2,0,True,False,HIGH,REQUEST_CARD_UPDATE,none,5.442,1
episode_01607,69900,PAYMENT_METHOD_INVALID,emandate,halted,2,3,107,0.333333,3,1,False,False,HIGH,SEND_NUDGE,none,21.34,0
episode_01608,69900,MANDATE_OR_AUTH_INVALID,card,pending,4,2,132,0.0,2,1,True,False,HIGH,REQUEST_CARD_UPDATE,none,16.942,0
episode_01609,29900,PAYMENT_METHOD_INVALID,card,halted,2,1,565,0.4,5,3,False,False,LOW,STOP_AND_ESCALATE,none,6.379,0
episode_01610,69900,CUSTOMER_AUTH_FAILURE,card,halted,3,2,143,0.0,0,0,False,False,HIGH,SEND_NUDGE,none,44.16,0
episode_01611,149900,BANK_OR_NETWORK,card,halted,3,2,278,0.0,0,0,False,False,HIGH,SEND_NUDGE,none,59.622,1
episode_01612,69900,BANK_OR_NETWORK,card,pending,2,3,76,0.0,3,0,True,True,HIGH,WAIT_NATIVE_RETRY,low,26.226,1
episode_01613,149900,TEMPORARY_FUNDS,card,pending,2,1,141,0.0,0,0,True,False,MEDIUM,REQUEST_CARD_UPDATE,none,21.358,0
episode_01614,29900,TEMPORARY_FUNDS,card,pending,1,1,137,0.0,1,0,True,False,MEDIUM,WAIT_NATIVE_RETRY,none,11.239,1
episode_01615,69900,UNKNOWN,card,pending,1,2,374,0.0,1,1,True,False,MEDIUM,STOP_AND_ESCALATE,none,37.217,0
episode_01616,149900,CUSTOMER_AUTH_FAILURE,netbanking,pending,4,2,156,0.5,2,1,True,True,HIGH,WAIT_NATIVE_RETRY,high,31.926,0
episode_01617,69900,TEMPORARY_FUNDS,upi,pending,4,2,338,0.5,2,0,True,False,HIGH,WAIT_NATIVE_RETRY,none,22.05,1
episode_01618,69900,TEMPORARY_FUNDS,unknown,pending,4,1,19,0.5,2,0,True,False,MEDIUM,SEND_NUDGE,none,6.875,1
episode_01619,69900,TEMPORARY_FUNDS,netbanking,pending,3,2,566,0.0,0,1,True,False,MEDIUM,REQUEST_CARD_UPDATE,none,22.02,0
episode_01620,29900,CUSTOMER_AUTH_FAILURE,netbanking,halted,3,2,5,0.0,1,0,False,False,LOW,REQUEST_CARD_UPDATE,none,13.316,0
episode_01621,29900,TEMPORARY_FUNDS,netbanking,pending,2,1,309,0.0,2,0,True,False,HIGH,REQUEST_CARD_UPDATE,none,35.654,1
episode_01622,29900,UNKNOWN,card,pending,2,1,448,0.0,0,0,True,False,MEDIUM,STOP_AND_ESCALATE,none,36.946,0
episode_01623,69900,BANK_OR_NETWORK,card,pending,2,2,37,0.333333,3,1,True,False,HIGH,STOP_AND_ESCALATE,none,17.184,0
episode_01624,149900,TEMPORARY_FUNDS,upi,pending,1,1,242,0.0,1,2,True,False,HIGH,STOP_AND_ESCALATE,none,59.788,0
episode_01625,69900,BANK_OR_NETWORK,upi,halted,2,2,181,0.5,2,1,False,False,HIGH,SEND_NUDGE,none,19.288,1
episode_01626,29900,BANK_OR_NETWORK,card,pending,2,3,272,0.333333,3,0,True,False,HIGH,SEND_NUDGE,none,92.239,0
episode_01627,149900,TEMPORARY_FUNDS,card,pending,3,1,206,0.5,2,0,True,False,HIGH,WAIT_NATIVE_RETRY,none,36.99,1
episode_01628,29900,PAYMENT_METHOD_INVALID,card,halted,3,1,245,1.0,3,0,False,False,HIGH,SEND_NUDGE,none,30.213,1
episode_01629,29900,BANK_OR_NETWORK,unknown,pending,2,2,149,0.0,2,0,True,False,HIGH,STOP_AND_ESCALATE,none,111.543,1
episode_01630,29900,TEMPORARY_FUNDS,card,halted,1,4,97,0.6,5,1,False,False,MEDIUM,STOP_AND_ESCALATE,none,54.754,1
episode_01631,149900,UNKNOWN,card,pending,4,4,140,0.0,3,1,True,False,HIGH,SEND_NUDGE,none,33.719,0
episode_01632,29900,CUSTOMER_AUTH_FAILURE,card,pending,1,3,9,1.0,2,1,True,False,HIGH,SEND_NUDGE,none,26.768,1
episode_01633,29900,MANDATE_OR_AUTH_INVALID,upi,pending,1,1,19,0.5,2,0,True,False,MEDIUM,SEND_NUDGE,none,28.997,1
episode_01634,29900,CUSTOMER_AUTH_FAILURE,card,pending,2,1,600,0.0,0,2,True,False,LOW,REQUEST_CARD_UPDATE,none,45.057,0
episode_01635,29900,PAYMENT_METHOD_INVALID,card,pending,1,2,103,1.0,1,0,True,False,LOW,STOP_AND_ESCALATE,none,25.305,1
episode_01636,69900,PAYMENT_METHOD_INVALID,card,pending,2,1,83,0.0,0,0,True,False,MEDIUM,SEND_NUDGE,none,12.118,0
episode_01637,149900,BANK_OR_NETWORK,upi,pending,2,1,232,0.25,4,0,True,False,HIGH,WAIT_NATIVE_RETRY,none,85.309,1
episode_01638,69900,BANK_OR_NETWORK,card,pending,1,1,71,0.0,1,1,True,False,LOW,WAIT_NATIVE_RETRY,none,40.783,1
episode_01639,69900,PAYMENT_METHOD_INVALID,card,pending,1,1,103,0.0,1,2,True,False,MEDIUM,WAIT_NATIVE_RETRY,none,10.848,0
episode_01640,29900,BANK_OR_NETWORK,card,pending,3,2,51,0.0,1,2,True,True,HIGH,SEND_NUDGE,high,20.156,0
episode_01641,69900,TEMPORARY_FUNDS,upi,pending,2,1,275,0.0,3,1,True,False,MEDIUM,WAIT_NATIVE_RETRY,none,29.756,0
episode_01642,149900,PAYMENT_METHOD_INVALID,card,pending,2,4,116,0.0,4,0,True,False,MEDIUM,SEND_NUDGE,none,28.442,0
episode_01643,29900,CUSTOMER_AUTH_FAILURE,card,pending,3,3,158,0.0,1,0,True,False,HIGH,REQUEST_CARD_UPDATE,none,16.648,0
episode_01644,29900,CUSTOMER_AUTH_FAILURE,upi,halted,2,1,73,0.6,5,1,False,False,MEDIUM,REQUEST_CARD_UPDATE,none,6.357,1
episode_01645,69900,UNKNOWN,card,pending,4,4,78,0.5,2,0,True,False,LOW,SEND_NUDGE,none,106.163,0
episode_01646,69900,PAYMENT_METHOD_INVALID,emandate,pending,2,1,142,0.333333,3,1,True,False,HIGH,REQUEST_CARD_UPDATE,none,8.375,1
episode_01647,29900,BANK_OR_NETWORK,card,pending,1,2,170,0.0,1,0,True,False,MEDIUM,SEND_NUDGE,none,20.404,0
episode_01648,29900,TEMPORARY_FUNDS,upi,halted,2,2,459,0.0,2,1,False,False,HIGH,SEND_NUDGE,none,91.983,1
episode_01649,149900,CUSTOMER_AUTH_FAILURE,card,pending,4,1,85,0.0,0,1,True,False,HIGH,SEND_NUDGE,none,51.69,1
episode_01650,29900,PAYMENT_METHOD_INVALID,card,pending,4,3,97,0.5,2,1,True,False,HIGH,WAIT_NATIVE_RETRY,none,113.898,0
episode_01651,69900,PAYMENT_METHOD_INVALID,card,halted,2,3,107,0.5,4,0,False,False,HIGH,SEND_NUDGE,none,12.313,0
episode_01652,149900,TEMPORARY_FUNDS,card,halted,4,1,416,0.0,4,1,False,False,HIGH,SEND_NUDGE,none,66.158,1
episode_01653,29900,PAYMENT_METHOD_INVALID,upi,pending,2,2,129,0.0,3,0,True,True,MEDIUM,WAIT_NATIVE_RETRY,high,39.086,1
episode_01654,149900,BANK_OR_NETWORK,card,pending,2,1,251,1.0,1,0,True,False,MEDIUM,SEND_NUDGE,none,34.862,0
episode_01655,29900,UNKNOWN,card,halted,4,2,68,0.0,0,0,False,False,LOW,SEND_NUDGE,none,64.066,1
episode_01656,149900,PAYMENT_METHOD_INVALID,card,pending,3,2,75,0.333333,3,0,True,False,MEDIUM,WAIT_NATIVE_RETRY,none,6.974,1
episode_01657,149900,TEMPORARY_FUNDS,card,pending,2,2,255,0.0,5,0,True,False,HIGH,SEND_NUDGE,none,20.417,1
episode_01658,149900,MANDATE_OR_AUTH_INVALID,card,halted,2,2,183,0.0,3,2,False,False,HIGH,STOP_AND_ESCALATE,none,4.507,0
episode_01659,29900,CUSTOMER_AUTH_FAILURE,netbanking,pending,2,1,66,0.0,1,1,True,False,MEDIUM,WAIT_NATIVE_RETRY,none,49.498,0
episode_01660,149900,UNKNOWN,emandate,pending,2,2,120,0.0,0,0,True,False,LOW,SEND_NUDGE,none,56.972,1
episode_01661,149900,MANDATE_OR_AUTH_INVALID,card,pending,3,2,237,0.0,1,0,True,False,HIGH,SEND_NUDGE,none,28.014,0
episode_01662,29900,TEMPORARY_FUNDS,emandate,halted,1,1,25,0.0,2,2,False,False,MEDIUM,WAIT_NATIVE_RETRY,none,61.019,0
episode_01663,69900,PAYMENT_METHOD_INVALID,upi,pending,1,3,202,0.5,4,0,True,False,HIGH,SEND_NUDGE,none,31.972,1
episode_01664,149900,BANK_OR_NETWORK,upi,pending,3,1,233,0.333333,3,0,True,True,MEDIUM,SEND_NUDGE,low,37.159,1
episode_01665,29900,CUSTOMER_AUTH_FAILURE,card,pending,2,2,221,0.0,1,0,True,False,HIGH,WAIT_NATIVE_RETRY,none,74.829,1
episode_01666,69900,TEMPORARY_FUNDS,emandate,halted,3,2,114,0.0,3,1,False,False,MEDIUM,WAIT_NATIVE_RETRY,none,9.223,0
episode_01667,149900,BANK_OR_NETWORK,card,pending,3,2,131,0.0,1,1,True,False,HIGH,WAIT_NATIVE_RETRY,none,31.086,1
episode_01668,149900,TEMPORARY_FUNDS,netbanking,pending,2,1,105,0.0,0,0,True,True,HIGH,SEND_NUDGE,medium,26.903,1
episode_01669,149900,TEMPORARY_FUNDS,card,pending,1,1,187,0.0,2,0,True,False,HIGH,SEND_NUDGE,none,77.342,1
episode_01670,69900,TEMPORARY_FUNDS,card,pending,3,2,101,1.0,2,0,True,False,HIGH,STOP_AND_ESCALATE,none,66.002,0
episode_01671,69900,MANDATE_OR_AUTH_INVALID,card,pending,2,1,201,0.4,5,1,True,False,HIGH,WAIT_NATIVE_RETRY,none,68.03,0
episode_01672,29900,TEMPORARY_FUNDS,emandate,halted,2,2,104,1.0,1,1,False,False,MEDIUM,WAIT_NATIVE_RETRY,none,29.404,0
episode_01673,29900,UNKNOWN,emandate,halted,1,2,60,0.0,2,0,False,False,LOW,SEND_NUDGE,none,37.724,0
episode_01674,29900,BANK_OR_NETWORK,upi,pending,2,2,96,0.5,2,0,True,True,HIGH,SEND_NUDGE,high,9.643,0
episode_01675,69900,CUSTOMER_AUTH_FAILURE,card,pending,2,2,227,0.5,6,2,True,False,LOW,SEND_NUDGE,none,32.046,0
episode_01676,149900,TEMPORARY_FUNDS,card,pending,2,1,85,1.0,1,3,True,False,HIGH,STOP_AND_ESCALATE,none,17.827,0
episode_01677,29900,UNKNOWN,netbanking,pending,1,1,225,0.0,0,1,True,False,LOW,WAIT_NATIVE_RETRY,none,11.617,0
episode_01678,29900,BANK_OR_NETWORK,card,pending,4,2,108,0.0,2,2,True,False,MEDIUM,WAIT_NATIVE_RETRY,none,41.242,0
episode_01679,149900,CUSTOMER_AUTH_FAILURE,card,pending,3,1,59,0.666667,3,0,True,False,MEDIUM,STOP_AND_ESCALATE,none,25.965,1
episode_01680,149900,TEMPORARY_FUNDS,card,halted,1,1,164,0.0,1,1,False,True,MEDIUM,WAIT_NATIVE_RETRY,low,21.45,0
episode_01681,69900,CUSTOMER_AUTH_FAILURE,netbanking,halted,1,3,191,0.0,0,2,False,False,HIGH,SEND_NUDGE,none,14.303,0
episode_01682,69900,TEMPORARY_FUNDS,card,pending,1,1,151,0.5,4,2,True,False,HIGH,REQUEST_CARD_UPDATE,none,40.828,1
episode_01683,149900,MANDATE_OR_AUTH_INVALID,unknown,pending,1,4,34,0.0,0,1,True,False,HIGH,WAIT_NATIVE_RETRY,none,63.074,1
episode_01684,69900,UNKNOWN,netbanking,pending,1,1,106,0.5,2,0,True,False,LOW,SEND_NUDGE,none,39.943,0
episode_01685,149900,BANK_OR_NETWORK,card,pending,2,2,158,0.0,1,0,True,False,HIGH,REQUEST_CARD_UPDATE,none,40.021,0
episode_01686,149900,BANK_OR_NETWORK,card,pending,3,1,27,0.333333,3,0,True,True,HIGH,WAIT_NATIVE_RETRY,medium,72.526,1
episode_01687,29900,CUSTOMER_AUTH_FAILURE,netbanking,halted,3,1,90,1.0,1,1,False,True,HIGH,SEND_NUDGE,low,31.877,0
episode_01688,69900,TEMPORARY_FUNDS,netbanking,halted,2,3,162,0.5,2,1,False,False,MEDIUM,WAIT_NATIVE_RETRY,none,37.004,1
episode_01689,69900,TEMPORARY_FUNDS,upi,pending,1,2,529,0.0,2,2,True,True,MEDIUM,REQUEST_CARD_UPDATE,low,54.628,0
episode_01690,149900,BANK_OR_NETWORK,card,pending,1,1,251,0.5,2,1,True,True,HIGH,STOP_AND_ESCALATE,medium,23.729,0
episode_01691,149900,UNKNOWN,card,pending,2,3,165,0.0,2,1,True,False,LOW,SEND_NUDGE,none,17.093,0
episode_01692,29900,CUSTOMER_AUTH_FAILURE,card,halted,2,1,179,0.5,4,1,False,False,MEDIUM,REQUEST_CARD_UPDATE,none,36.979,0
episode_01693,69900,TEMPORARY_FUNDS,upi,pending,2,2,175,0.333333,3,0,True,False,MEDIUM,WAIT_NATIVE_RETRY,none,5.027,1
episode_01694,29900,TEMPORARY_FUNDS,card,halted,3,1,35,1.0,1,1,False,False,HIGH,REQUEST_CARD_UPDATE,none,21.373,0
episode_01695,69900,TEMPORARY_FUNDS,card,pending,2,4,135,0.0,2,0,True,False,HIGH,STOP_AND_ESCALATE,none,44.15,0
episode_01696,29900,PAYMENT_METHOD_INVALID,upi,pending,3,2,128,0.5,2,1,True,False,HIGH,STOP_AND_ESCALATE,none,20.247,0
episode_01697,149900,UNKNOWN,card,pending,2,3,65,1.0,1,1,True,False,MEDIUM,STOP_AND_ESCALATE,none,10.38,0
episode_01698,69900,BANK_OR_NETWORK,card,pending,4,1,244,0.666667,3,0,True,False,HIGH,REQUEST_CARD_UPDATE,none,22.882,0
episode_01699,149900,CUSTOMER_AUTH_FAILURE,upi,halted,4,1,132,0.0,5,1,False,False,HIGH,SEND_NUDGE,none,83.555,1
episode_01700,149900,UNKNOWN,card,pending,2,3,343,0.5,2,1,True,False,LOW,REQUEST_CARD_UPDATE,none,7.033,1
episode_01701,149900,CUSTOMER_AUTH_FAILURE,netbanking,pending,1,2,63,0.6,5,1,True,True,LOW,REQUEST_CARD_UPDATE,high,0.949,0
episode_01702,29900,UNKNOWN,upi,pending,2,3,352,0.5,2,0,True,True,LOW,SEND_NUDGE,high,36.569,0
episode_01703,69900,PAYMENT_METHOD_INVALID,upi,pending,1,3,34,0.666667,6,0,True,False,HIGH,STOP_AND_ESCALATE,none,20.084,0
episode_01704,69900,BANK_OR_NETWORK,netbanking,pending,1,1,83,0.333333,3,0,True,False,HIGH,STOP_AND_ESCALATE,none,29.195,0
episode_01705,29900,CUSTOMER_AUTH_FAILURE,upi,halted,2,2,72,1.0,1,0,False,False,MEDIUM,SEND_NUDGE,none,23.978,0
episode_01706,149900,BANK_OR_NETWORK,card,pending,3,3,477,0.0,3,1,True,True,HIGH,REQUEST_CARD_UPDATE,low,8.176,0
episode_01707,29900,MANDATE_OR_AUTH_INVALID,card,pending,1,2,217,0.666667,3,2,True,False,HIGH,SEND_NUDGE,none,6.576,0
episode_01708,29900,TEMPORARY_FUNDS,netbanking,pending,4,1,147,0.0,1,2,True,False,HIGH,SEND_NUDGE,none,51.785,1
episode_01709,69900,CUSTOMER_AUTH_FAILURE,netbanking,pending,2,2,77,0.75,4,1,True,False,HIGH,SEND_NUDGE,none,26.77,0
episode_01710,69900,PAYMENT_METHOD_INVALID,netbanking,pending,2,4,98,0.0,0,0,True,False,HIGH,REQUEST_CARD_UPDATE,none,19.756,1
episode_01711,69900,UNKNOWN,card,halted,1,2,233,0.0,0,1,False,False,MEDIUM,REQUEST_CARD_UPDATE,none,29.279,1
episode_01712,69900,TEMPORARY_FUNDS,upi,halted,3,2,113,0.0,2,0,False,False,LOW,WAIT_NATIVE_RETRY,none,3.688,0
episode_01713,149900,PAYMENT_METHOD_INVALID,card,pending,1,1,212,0.666667,3,2,True,False,LOW,WAIT_NATIVE_RETRY,none,54.538,1
episode_01714,69900,UNKNOWN,card,pending,1,1,311,0.666667,3,0,True,False,MEDIUM,REQUEST_CARD_UPDATE,none,5.465,0
episode_01715,29900,TEMPORARY_FUNDS,card,pending,3,1,283,0.0,2,0,True,False,HIGH,SEND_NUDGE,none,45.869,1
episode_01716,29900,MANDATE_OR_AUTH_INVALID,card,pending,2,1,54,0.5,4,0,True,True,HIGH,WAIT_NATIVE_RETRY,medium,36.889,1
episode_01717,29900,CUSTOMER_AUTH_FAILURE,netbanking,pending,2,1,137,0.333333,3,3,True,False,MEDIUM,REQUEST_CARD_UPDATE,none,38.483,1
episode_01718,69900,BANK_OR_NETWORK,upi,pending,1,1,354,0.5,2,2,True,False,HIGH,WAIT_NATIVE_RETRY,none,59.91,0
episode_01719,29900,UNKNOWN,upi,pending,2,2,245,0.0,1,2,True,False,LOW,STOP_AND_ESCALATE,none,42.681,0
episode_01720,29900,UNKNOWN,card,pending,2,2,83,0.5,4,1,True,False,MEDIUM,SEND_NUDGE,none,23.059,0
episode_01721,69900,TEMPORARY_FUNDS,upi,pending,1,2,59,1.0,1,1,True,False,LOW,WAIT_NATIVE_RETRY,none,33.246,1
episode_01722,29900,TEMPORARY_FUNDS,card,halted,1,2,211,0.4,5,2,False,False,MEDIUM,SEND_NUDGE,none,24.617,0
episode_01723,149900,PAYMENT_METHOD_INVALID,card,halted,3,3,201,0.4,5,0,False,False,MEDIUM,STOP_AND_ESCALATE,none,17.771,0
episode_01724,69900,BANK_OR_NETWORK,card,pending,1,1,257,1.0,2,0,True,False,MEDIUM,WAIT_NATIVE_RETRY,none,35.541,1
episode_01725,29900,BANK_OR_NETWORK,netbanking,pending,1,1,116,0.0,2,0,True,False,HIGH,SEND_NUDGE,none,2.779,1
episode_01726,29900,CUSTOMER_AUTH_FAILURE,card,pending,3,3,164,0.666667,3,2,True,False,HIGH,STOP_AND_ESCALATE,none,57.794,0
episode_01727,69900,TEMPORARY_FUNDS,emandate,halted,3,3,127,0.0,3,0,False,False,HIGH,REQUEST_CARD_UPDATE,none,13.916,1
episode_01728,69900,CUSTOMER_AUTH_FAILURE,upi,pending,2,1,142,0.5,2,1,True,False,MEDIUM,SEND_NUDGE,none,49.549,1
episode_01729,29900,UNKNOWN,upi,pending,1,2,315,0.0,4,0,True,False,LOW,STOP_AND_ESCALATE,none,104.171,0
episode_01730,149900,MANDATE_OR_AUTH_INVALID,card,pending,1,3,243,0.5,4,0,True,False,MEDIUM,SEND_NUDGE,none,9.434,0
episode_01731,149900,UNKNOWN,card,pending,1,1,86,0.0,2,0,True,False,HIGH,WAIT_NATIVE_RETRY,none,43.984,0
episode_01732,29900,UNKNOWN,card,pending,2,1,9,0.333333,3,0,True,False,LOW,SEND_NUDGE,none,37.568,0
episode_01733,69900,TEMPORARY_FUNDS,upi,halted,1,1,92,0.666667,3,0,False,False,HIGH,REQUEST_CARD_UPDATE,none,30.616,0
episode_01734,69900,TEMPORARY_FUNDS,upi,pending,3,2,86,0.5,4,0,True,False,MEDIUM,STOP_AND_ESCALATE,none,4.216,0
episode_01735,29900,BANK_OR_NETWORK,card,pending,1,4,94,0.0,0,1,True,True,MEDIUM,REQUEST_CARD_UPDATE,medium,11.669,0
episode_01736,29900,TEMPORARY_FUNDS,emandate,pending,2,2,107,0.0,3,1,True,False,HIGH,WAIT_NATIVE_RETRY,none,32.745,1
episode_01737,29900,PAYMENT_METHOD_INVALID,card,halted,2,1,139,0.0,1,0,False,False,MEDIUM,WAIT_NATIVE_RETRY,none,95.159,0
episode_01738,29900,PAYMENT_METHOD_INVALID,card,pending,1,1,25,0.0,1,0,True,False,HIGH,SEND_NUDGE,none,63.12,1
episode_01739,69900,PAYMENT_METHOD_INVALID,card,pending,3,1,180,0.0,1,0,True,False,HIGH,SEND_NUDGE,none,18.362,0
episode_01740,29900,MANDATE_OR_AUTH_INVALID,upi,pending,3,1,98,0.0,1,1,True,False,LOW,STOP_AND_ESCALATE,none,24.492,0
episode_01741,69900,PAYMENT_METHOD_INVALID,netbanking,pending,2,1,57,0.25,4,0,True,False,HIGH,REQUEST_CARD_UPDATE,none,25.234,1
episode_01742,69900,UNKNOWN,card,pending,4,1,55,1.0,1,0,True,False,MEDIUM,SEND_NUDGE,none,77.393,1
episode_01743,69900,BANK_OR_NETWORK,emandate,pending,2,1,336,0.0,1,2,True,False,HIGH,REQUEST_CARD_UPDATE,none,23.83,0
episode_01744,149900,TEMPORARY_FUNDS,upi,pending,1,3,393,0.0,1,2,True,True,MEDIUM,SEND_NUDGE,medium,45.181,0
episode_01745,69900,UNKNOWN,card,pending,1,1,86,1.0,1,1,True,True,LOW,SEND_NUDGE,medium,59.136,1
episode_01746,29900,CUSTOMER_AUTH_FAILURE,card,pending,2,3,143,0.0,1,1,True,False,MEDIUM,REQUEST_CARD_UPDATE,none,15.851,1
episode_01747,29900,TEMPORARY_FUNDS,card,pending,2,1,149,0.333333,3,0,True,False,HIGH,WAIT_NATIVE_RETRY,none,3.358,1
episode_01748,29900,TEMPORARY_FUNDS,card,pending,3,2,332,0.0,0,0,True,False,MEDIUM,WAIT_NATIVE_RETRY,none,12.039,0
episode_01749,29900,TEMPORARY_FUNDS,upi,pending,4,1,197,0.333333,3,2,True,True,MEDIUM,STOP_AND_ESCALATE,high,39.608,0
episode_01750,29900,PAYMENT_METHOD_INVALID,card,halted,3,2,57,1.0,2,1,False,True,HIGH,STOP_AND_ESCALATE,medium,11.874,0
episode_01751,29900,TEMPORARY_FUNDS,card,halted,5,1,250,0.0,0,0,False,False,LOW,REQUEST_CARD_UPDATE,none,77.926,1
episode_01752,29900,UNKNOWN,card,halted,4,2,54,0.0,2,0,False,False,MEDIUM,WAIT_NATIVE_RETRY,none,3.858,0
episode_01753,69900,TEMPORARY_FUNDS,upi,pending,1,1,360,0.5,2,0,True,False,HIGH,SEND_NUDGE,none,11.692,0
episode_01754,29900,PAYMENT_METHOD_INVALID,netbanking,pending,2,1,294,1.0,1,2,True,False,HIGH,REQUEST_CARD_UPDATE,none,22.277,1
episode_01755,69900,CUSTOMER_AUTH_FAILURE,card,pending,1,4,515,1.0,1,1,True,False,HIGH,SEND_NUDGE,none,13.632,1
episode_01756,69900,BANK_OR_NETWORK,upi,pending,2,3,306,0.0,1,0,True,True,LOW,SEND_NUDGE,low,12.942,0
episode_01757,69900,TEMPORARY_FUNDS,emandate,pending,3,2,185,1.0,1,0,True,False,HIGH,REQUEST_CARD_UPDATE,none,36.033,0
episode_01758,69900,TEMPORARY_FUNDS,card,pending,1,1,197,0.0,0,0,True,False,MEDIUM,STOP_AND_ESCALATE,none,46.329,0
episode_01759,29900,TEMPORARY_FUNDS,upi,pending,3,2,262,0.0,1,3,True,False,HIGH,SEND_NUDGE,none,61.97,0
episode_01760,69900,CUSTOMER_AUTH_FAILURE,upi,pending,2,1,96,0.5,2,1,True,False,HIGH,SEND_NUDGE,none,61.167,1
episode_01761,29900,BANK_OR_NETWORK,card,halted,2,1,66,0.0,1,2,False,False,MEDIUM,SEND_NUDGE,none,30.769,0
episode_01762,29900,UNKNOWN,card,pending,2,1,87,1.0,2,0,True,False,LOW,STOP_AND_ESCALATE,none,9.041,0
episode_01763,69900,UNKNOWN,unknown,pending,1,2,193,1.0,1,1,True,False,LOW,REQUEST_CARD_UPDATE,none,55.145,1
episode_01764,149900,TEMPORARY_FUNDS,card,pending,1,1,156,0.4,5,1,True,False,HIGH,SEND_NUDGE,none,31.899,1
episode_01765,149900,BANK_OR_NETWORK,card,pending,2,4,31,0.5,2,0,True,False,HIGH,REQUEST_CARD_UPDATE,none,32.004,1
episode_01766,29900,UNKNOWN,netbanking,pending,1,2,667,0.0,6,0,True,False,LOW,SEND_NUDGE,none,55.826,0
episode_01767,69900,TEMPORARY_FUNDS,card,pending,2,1,52,0.0,1,3,True,False,MEDIUM,REQUEST_CARD_UPDATE,none,9.636,1
episode_01768,29900,PAYMENT_METHOD_INVALID,upi,pending,2,2,175,1.0,1,3,True,False,MEDIUM,REQUEST_CARD_UPDATE,none,2.664,1
episode_01769,149900,BANK_OR_NETWORK,card,halted,4,1,168,0.0,3,1,False,False,HIGH,SEND_NUDGE,none,28.105,0
episode_01770,149900,UNKNOWN,card,pending,3,2,102,0.0,0,1,True,False,HIGH,WAIT_NATIVE_RETRY,none,38.24,1
episode_01771,29900,PAYMENT_METHOD_INVALID,card,pending,3,2,134,0.0,0,0,True,False,HIGH,WAIT_NATIVE_RETRY,none,18.078,0
episode_01772,69900,UNKNOWN,card,pending,1,1,107,0.0,2,3,True,False,LOW,STOP_AND_ESCALATE,none,41.791,0
episode_01773,149900,MANDATE_OR_AUTH_INVALID,upi,halted,2,1,230,0.333333,3,0,False,False,HIGH,WAIT_NATIVE_RETRY,none,22.939,0
episode_01774,29900,PAYMENT_METHOD_INVALID,upi,halted,1,2,97,0.0,2,0,False,False,HIGH,WAIT_NATIVE_RETRY,none,26.277,0
episode_01775,29900,BANK_OR_NETWORK,card,pending,1,3,174,0.0,1,0,True,False,LOW,SEND_NUDGE,none,79.105,0
episode_01776,69900,TEMPORARY_FUNDS,card,pending,2,3,145,1.0,3,1,True,False,HIGH,STOP_AND_ESCALATE,none,10.376,0
episode_01777,69900,TEMPORARY_FUNDS,card,halted,1,1,91,0.0,3,0,False,False,LOW,STOP_AND_ESCALATE,none,16.073,0
episode_01778,69900,CUSTOMER_AUTH_FAILURE,upi,pending,2,1,54,0.5,2,0,True,False,HIGH,REQUEST_CARD_UPDATE,none,18.931,0
episode_01779,29900,BANK_OR_NETWORK,card,pending,2,3,93,0.5,2,0,True,False,HIGH,REQUEST_CARD_UPDATE,none,62.334,0
episode_01780,29900,UNKNOWN,upi,pending,3,3,202,0.5,2,1,True,False,LOW,WAIT_NATIVE_RETRY,none,5.037,1
episode_01781,69900,MANDATE_OR_AUTH_INVALID,upi,halted,2,3,68,0.5,6,0,False,False,HIGH,STOP_AND_ESCALATE,none,28.042,1
episode_01782,29900,CUSTOMER_AUTH_FAILURE,emandate,pending,2,2,144,0.75,4,0,True,False,MEDIUM,SEND_NUDGE,none,47.146,0
episode_01783,29900,UNKNOWN,card,pending,2,1,72,0.0,0,0,True,True,LOW,REQUEST_CARD_UPDATE,low,67.072,0
episode_01784,29900,PAYMENT_METHOD_INVALID,card,pending,1,5,225,0.5,4,0,True,False,MEDIUM,REQUEST_CARD_UPDATE,none,28.304,1
episode_01785,69900,TEMPORARY_FUNDS,card,pending,1,1,175,0.0,1,1,True,False,HIGH,REQUEST_CARD_UPDATE,none,21.768,0
episode_01786,69900,CUSTOMER_AUTH_FAILURE,card,pending,1,1,45,0.0,2,0,True,False,HIGH,SEND_NUDGE,none,95.348,1
episode_01787,29900,UNKNOWN,netbanking,pending,1,1,170,0.0,2,0,True,False,LOW,REQUEST_CARD_UPDATE,none,2.94,0
episode_01788,29900,PAYMENT_METHOD_INVALID,upi,halted,2,2,23,1.0,2,1,False,False,HIGH,REQUEST_CARD_UPDATE,none,17.71,1
episode_01789,69900,PAYMENT_METHOD_INVALID,upi,halted,3,2,399,0.0,2,1,False,False,HIGH,SEND_NUDGE,none,12.985,1
episode_01790,69900,TEMPORARY_FUNDS,upi,pending,2,2,187,0.5,2,1,True,False,HIGH,REQUEST_CARD_UPDATE,none,35.697,0
episode_01791,69900,CUSTOMER_AUTH_FAILURE,card,pending,2,2,419,1.0,1,1,True,False,HIGH,WAIT_NATIVE_RETRY,none,18.511,1
episode_01792,29900,BANK_OR_NETWORK,card,pending,3,3,132,0.0,1,1,True,False,HIGH,STOP_AND_ESCALATE,none,73.848,0
episode_01793,69900,MANDATE_OR_AUTH_INVALID,card,pending,4,1,261,0.0,0,0,True,False,HIGH,REQUEST_CARD_UPDATE,none,37.149,0
episode_01794,29900,TEMPORARY_FUNDS,card,pending,4,5,162,0.5,2,2,True,False,HIGH,WAIT_NATIVE_RETRY,none,49.605,1
episode_01795,29900,TEMPORARY_FUNDS,upi,halted,3,1,262,0.5,2,0,False,False,MEDIUM,STOP_AND_ESCALATE,none,92.027,0
episode_01796,29900,PAYMENT_METHOD_INVALID,upi,halted,3,3,157,0.0,0,2,False,False,HIGH,WAIT_NATIVE_RETRY,none,14.652,0
episode_01797,29900,TEMPORARY_FUNDS,card,pending,2,4,103,0.0,2,3,True,False,HIGH,SEND_NUDGE,none,8.673,0
episode_01798,69900,PAYMENT_METHOD_INVALID,card,pending,2,2,127,0.0,3,0,True,False,HIGH,SEND_NUDGE,none,13.845,1
episode_01799,29900,TEMPORARY_FUNDS,unknown,pending,1,1,44,0.0,1,0,True,False,MEDIUM,SEND_NUDGE,none,9.278,0
episode_01800,29900,PAYMENT_METHOD_INVALID,card,pending,4,2,252,0.666667,3,0,True,False,HIGH,WAIT_NATIVE_RETRY,none,61.614,1
episode_01801,69900,TEMPORARY_FUNDS,card,halted,3,2,329,0.0,0,0,False,False,HIGH,REQUEST_CARD_UPDATE,none,53.333,0
episode_01802,29900,PAYMENT_METHOD_INVALID,card,halted,1,2,171,0.0,3,1,False,False,HIGH,STOP_AND_ESCALATE,none,41.085,0
episode_01803,69900,TEMPORARY_FUNDS,upi,pending,3,2,243,0.75,4,2,True,False,MEDIUM,WAIT_NATIVE_RETRY,none,21.471,1
episode_01804,69900,CUSTOMER_AUTH_FAILURE,netbanking,pending,1,2,48,0.5,2,1,True,False,LOW,SEND_NUDGE,none,47.548,0
episode_01805,29900,CUSTOMER_AUTH_FAILURE,card,pending,1,2,241,0.25,4,0,True,False,MEDIUM,REQUEST_CARD_UPDATE,none,29.588,0
episode_01806,69900,MANDATE_OR_AUTH_INVALID,emandate,pending,4,3,620,0.0,0,3,True,True,HIGH,WAIT_NATIVE_RETRY,medium,26.41,0
episode_01807,29900,PAYMENT_METHOD_INVALID,card,pending,5,1,154,0.0,1,1,True,False,HIGH,STOP_AND_ESCALATE,none,29.028,0
episode_01808,29900,CUSTOMER_AUTH_FAILURE,unknown,pending,1,2,61,0.0,3,0,True,False,HIGH,SEND_NUDGE,none,77.198,0
episode_01809,29900,TEMPORARY_FUNDS,upi,pending,2,1,271,0.0,1,0,True,False,HIGH,WAIT_NATIVE_RETRY,none,21.466,1
episode_01810,149900,BANK_OR_NETWORK,card,pending,3,4,201,0.75,4,0,True,False,HIGH,STOP_AND_ESCALATE,none,43.993,0
episode_01811,69900,BANK_OR_NETWORK,netbanking,pending,3,1,287,0.0,0,2,True,False,LOW,WAIT_NATIVE_RETRY,none,33.221,1
episode_01812,69900,UNKNOWN,emandate,pending,1,1,187,0.0,1,0,True,False,MEDIUM,WAIT_NATIVE_RETRY,none,4.876,1
episode_01813,29900,CUSTOMER_AUTH_FAILURE,emandate,pending,2,2,423,0.5,2,1,True,False,HIGH,WAIT_NATIVE_RETRY,none,46.708,0
episode_01814,69900,TEMPORARY_FUNDS,card,pending,2,1,32,0.0,1,3,True,False,MEDIUM,WAIT_NATIVE_RETRY,none,3.662,1
episode_01815,29900,UNKNOWN,card,pending,1,2,98,0.5,2,0,True,False,MEDIUM,REQUEST_CARD_UPDATE,none,24.636,0
episode_01816,69900,TEMPORARY_FUNDS,emandate,pending,1,4,60,1.0,2,0,True,False,HIGH,WAIT_NATIVE_RETRY,none,4.399,0
episode_01817,69900,BANK_OR_NETWORK,card,pending,1,1,201,0.0,3,1,True,False,MEDIUM,STOP_AND_ESCALATE,none,47.018,1
episode_01818,149900,TEMPORARY_FUNDS,card,pending,3,1,95,0.0,1,1,True,False,LOW,STOP_AND_ESCALATE,none,66.451,1
episode_01819,29900,TEMPORARY_FUNDS,upi,pending,2,3,132,1.0,2,0,True,False,HIGH,REQUEST_CARD_UPDATE,none,95.476,1
episode_01820,69900,PAYMENT_METHOD_INVALID,card,pending,2,1,154,0.0,4,0,True,False,MEDIUM,WAIT_NATIVE_RETRY,none,21.409,1
episode_01821,69900,TEMPORARY_FUNDS,card,halted,2,3,54,0.0,2,0,False,False,MEDIUM,REQUEST_CARD_UPDATE,none,25.887,0
episode_01822,29900,PAYMENT_METHOD_INVALID,card,halted,3,1,293,1.0,1,1,False,False,HIGH,REQUEST_CARD_UPDATE,none,12.782,0
episode_01823,69900,CUSTOMER_AUTH_FAILURE,upi,halted,1,2,179,0.0,3,1,False,False,HIGH,STOP_AND_ESCALATE,none,47.896,1
episode_01824,69900,TEMPORARY_FUNDS,upi,pending,2,1,217,0.333333,3,0,True,False,HIGH,STOP_AND_ESCALATE,none,41.54,0
episode_01825,69900,PAYMENT_METHOD_INVALID,card,pending,1,4,193,0.333333,3,0,True,False,MEDIUM,STOP_AND_ESCALATE,none,93.092,0
episode_01826,29900,BANK_OR_NETWORK,card,pending,3,1,113,0.0,2,0,True,False,MEDIUM,WAIT_NATIVE_RETRY,none,5.722,1
episode_01827,29900,UNKNOWN,upi,halted,1,2,171,0.0,1,1,False,False,LOW,SEND_NUDGE,none,19.584,0
episode_01828,29900,CUSTOMER_AUTH_FAILURE,upi,pending,2,2,111,0.666667,3,0,True,False,HIGH,WAIT_NATIVE_RETRY,none,22.142,0
episode_01829,149900,PAYMENT_METHOD_INVALID,card,pending,1,2,35,0.5,2,0,True,False,HIGH,STOP_AND_ESCALATE,none,51.415,0
episode_01830,149900,TEMPORARY_FUNDS,emandate,pending,1,1,170,0.0,2,0,True,False,LOW,WAIT_NATIVE_RETRY,none,18.504,0
episode_01831,149900,TEMPORARY_FUNDS,upi,pending,1,4,141,0.0,3,1,True,False,HIGH,REQUEST_CARD_UPDATE,none,16.035,1
episode_01832,29900,BANK_OR_NETWORK,card,pending,2,2,128,0.0,0,0,True,False,MEDIUM,REQUEST_CARD_UPDATE,none,25.996,0
episode_01833,29900,UNKNOWN,card,halted,2,2,142,0.0,2,0,False,False,LOW,WAIT_NATIVE_RETRY,none,11.877,0
episode_01834,29900,BANK_OR_NETWORK,card,pending,1,3,106,1.0,2,0,True,False,LOW,WAIT_NATIVE_RETRY,none,7.039,1
episode_01835,69900,UNKNOWN,upi,halted,2,2,322,0.75,4,0,False,True,MEDIUM,WAIT_NATIVE_RETRY,medium,24.463,0
episode_01836,149900,PAYMENT_METHOD_INVALID,upi,pending,2,2,363,0.0,3,1,True,False,LOW,STOP_AND_ESCALATE,none,19.532,0
episode_01837,149900,TEMPORARY_FUNDS,unknown,pending,3,1,66,1.0,1,2,True,True,HIGH,SEND_NUDGE,high,48.43,1
episode_01838,29900,PAYMENT_METHOD_INVALID,card,pending,2,3,128,0.0,2,3,True,False,HIGH,SEND_NUDGE,none,50.618,0
episode_01839,149900,UNKNOWN,emandate,pending,2,1,126,0.5,2,0,True,False,HIGH,SEND_NUDGE,none,8.519,1
episode_01840,29900,TEMPORARY_FUNDS,card,pending,1,1,130,0.0,2,1,True,False,HIGH,STOP_AND_ESCALATE,none,26.51,1
episode_01841,149900,PAYMENT_METHOD_INVALID,card,pending,3,1,223,0.5,2,1,True,False,HIGH,REQUEST_CARD_UPDATE,none,26.441,0
episode_01842,69900,PAYMENT_METHOD_INVALID,card,halted,2,3,226,1.0,3,1,False,False,MEDIUM,SEND_NUDGE,none,21.464,1
episode_01843,149900,BANK_OR_NETWORK,card,pending,3,3,259,0.0,1,0,True,True,HIGH,SEND_NUDGE,low,82.675,1
episode_01844,69900,TEMPORARY_FUNDS,upi,halted,2,2,83,0.25,4,2,False,False,HIGH,REQUEST_CARD_UPDATE,none,60.804,0
episode_01845,29900,TEMPORARY_FUNDS,upi,pending,1,1,312,0.0,2,0,True,False,HIGH,SEND_NUDGE,none,13.98,0
episode_01846,29900,TEMPORARY_FUNDS,upi,pending,3,1,68,0.0,2,0,True,False,LOW,REQUEST_CARD_UPDATE,none,30.929,1
episode_01847,149900,CUSTOMER_AUTH_FAILURE,upi,halted,1,4,106,0.0,1,2,False,False,MEDIUM,SEND_NUDGE,none,30.339,0
episode_01848,69900,CUSTOMER_AUTH_FAILURE,card,halted,3,2,39,0.0,0,0,False,False,HIGH,SEND_NUDGE,none,44.678,0
episode_01849,69900,MANDATE_OR_AUTH_INVALID,card,halted,1,3,311,0.0,1,0,False,False,HIGH,SEND_NUDGE,none,8.194,0
episode_01850,29900,BANK_OR_NETWORK,card,pending,2,2,89,0.0,0,1,True,False,HIGH,REQUEST_CARD_UPDATE,none,54.172,0
episode_01851,29900,UNKNOWN,card,halted,2,1,70,0.75,4,0,False,False,HIGH,SEND_NUDGE,none,25.081,1
episode_01852,149900,TEMPORARY_FUNDS,upi,halted,3,2,191,1.0,1,0,False,False,HIGH,REQUEST_CARD_UPDATE,none,50.379,0
episode_01853,69900,BANK_OR_NETWORK,upi,pending,2,1,30,0.0,1,1,True,False,HIGH,STOP_AND_ESCALATE,none,65.136,1
episode_01854,69900,MANDATE_OR_AUTH_INVALID,card,pending,1,2,166,0.0,0,2,True,False,MEDIUM,REQUEST_CARD_UPDATE,none,5.937,0
episode_01855,69900,MANDATE_OR_AUTH_INVALID,card,pending,2,2,153,0.0,2,1,True,False,HIGH,STOP_AND_ESCALATE,none,45.115,0
episode_01856,29900,BANK_OR_NETWORK,emandate,halted,4,1,98,0.0,0,0,False,False,HIGH,WAIT_NATIVE_RETRY,none,50.236,1
episode_01857,29900,TEMPORARY_FUNDS,upi,pending,3,3,205,0.666667,3,1,True,False,HIGH,WAIT_NATIVE_RETRY,none,42.487,1
episode_01858,149900,TEMPORARY_FUNDS,card,pending,1,3,78,0.5,2,1,True,False,MEDIUM,WAIT_NATIVE_RETRY,none,116.275,1
episode_01859,149900,BANK_OR_NETWORK,card,halted,5,1,367,0.333333,3,1,False,False,HIGH,REQUEST_CARD_UPDATE,none,54.445,0
episode_01860,69900,PAYMENT_METHOD_INVALID,card,pending,3,1,386,0.0,0,1,True,False,HIGH,REQUEST_CARD_UPDATE,none,16.41,0
episode_01861,29900,MANDATE_OR_AUTH_INVALID,upi,halted,3,1,380,1.0,1,1,False,False,HIGH,REQUEST_CARD_UPDATE,none,18.77,1
episode_01862,69900,PAYMENT_METHOD_INVALID,netbanking,pending,2,3,81,0.0,3,0,True,False,HIGH,STOP_AND_ESCALATE,none,41.365,0
episode_01863,29900,CUSTOMER_AUTH_FAILURE,emandate,pending,2,1,166,0.5,2,0,True,False,HIGH,WAIT_NATIVE_RETRY,none,14.943,1
episode_01864,149900,UNKNOWN,card,pending,2,1,146,0.0,1,1,True,False,LOW,REQUEST_CARD_UPDATE,none,8.183,1
episode_01865,69900,MANDATE_OR_AUTH_INVALID,card,pending,1,1,184,0.0,2,1,True,False,HIGH,SEND_NUDGE,none,9.216,0
episode_01866,69900,BANK_OR_NETWORK,emandate,pending,1,1,93,0.0,2,1,True,False,HIGH,SEND_NUDGE,none,22.751,0
episode_01867,69900,MANDATE_OR_AUTH_INVALID,card,halted,3,2,97,1.0,2,0,False,False,HIGH,SEND_NUDGE,none,38.754,1
episode_01868,69900,TEMPORARY_FUNDS,emandate,halted,1,4,142,0.0,0,3,False,False,HIGH,WAIT_NATIVE_RETRY,none,28.197,0
episode_01869,149900,BANK_OR_NETWORK,emandate,halted,4,3,202,0.333333,3,0,False,False,MEDIUM,STOP_AND_ESCALATE,none,8.839,0
episode_01870,29900,TEMPORARY_FUNDS,upi,pending,2,1,544,0.2,5,1,True,False,HIGH,WAIT_NATIVE_RETRY,none,23.178,0
episode_01871,69900,CUSTOMER_AUTH_FAILURE,netbanking,pending,1,1,576,0.0,2,0,True,False,MEDIUM,SEND_NUDGE,none,23.791,1
episode_01872,29900,PAYMENT_METHOD_INVALID,netbanking,pending,2,3,168,0.5,2,2,True,False,HIGH,REQUEST_CARD_UPDATE,none,55.62,0
episode_01873,69900,BANK_OR_NETWORK,upi,pending,3,1,219,0.571429,7,0,True,False,MEDIUM,WAIT_NATIVE_RETRY,none,37.564,1
episode_01874,69900,UNKNOWN,card,pending,1,2,183,0.2,5,0,True,False,LOW,WAIT_NATIVE_RETRY,none,53.573,0
episode_01875,149900,CUSTOMER_AUTH_FAILURE,netbanking,pending,3,1,179,0.0,1,1,True,False,MEDIUM,REQUEST_CARD_UPDATE,none,25.457,0
episode_01876,149900,PAYMENT_METHOD_INVALID,card,pending,3,1,635,0.0,2,0,True,False,MEDIUM,WAIT_NATIVE_RETRY,none,23.968,0
episode_01877,29900,BANK_OR_NETWORK,card,pending,3,2,37,1.0,2,3,True,True,HIGH,WAIT_NATIVE_RETRY,medium,48.171,1
episode_01878,29900,BANK_OR_NETWORK,card,pending,2,1,193,0.666667,3,0,True,False,HIGH,REQUEST_CARD_UPDATE,none,66.611,0
episode_01879,69900,CUSTOMER_AUTH_FAILURE,emandate,pending,2,2,319,0.0,1,0,True,False,MEDIUM,STOP_AND_ESCALATE,none,17.732,0
episode_01880,69900,BANK_OR_NETWORK,card,pending,3,1,135,0.0,1,0,True,False,HIGH,WAIT_NATIVE_RETRY,none,74.533,0
episode_01881,69900,MANDATE_OR_AUTH_INVALID,card,halted,1,1,138,0.5,2,0,False,False,MEDIUM,SEND_NUDGE,none,49.462,1
episode_01882,29900,UNKNOWN,emandate,halted,4,1,259,1.0,1,1,False,False,MEDIUM,SEND_NUDGE,none,3.35,0
episode_01883,69900,TEMPORARY_FUNDS,card,pending,2,1,73,0.333333,3,0,True,False,HIGH,WAIT_NATIVE_RETRY,none,12.297,1
episode_01884,29900,MANDATE_OR_AUTH_INVALID,upi,pending,1,2,101,0.0,1,0,True,False,HIGH,WAIT_NATIVE_RETRY,none,45.578,0
episode_01885,69900,UNKNOWN,netbanking,halted,2,2,113,0.5,2,1,False,False,HIGH,SEND_NUDGE,none,16.053,1
episode_01886,29900,CUSTOMER_AUTH_FAILURE,unknown,halted,3,1,188,0.5,2,0,False,False,MEDIUM,SEND_NUDGE,none,24.278,1
episode_01887,29900,UNKNOWN,unknown,pending,2,2,322,0.0,1,2,True,False,LOW,STOP_AND_ESCALATE,none,8.285,0
episode_01888,149900,PAYMENT_METHOD_INVALID,netbanking,pending,1,3,146,0.0,2,0,True,False,MEDIUM,SEND_NUDGE,none,30.483,0
episode_01889,29900,BANK_OR_NETWORK,card,halted,3,3,259,0.0,3,0,False,False,HIGH,STOP_AND_ESCALATE,none,18.187,0
episode_01890,29900,PAYMENT_METHOD_INVALID,upi,pending,3,1,82,1.0,5,1,True,False,MEDIUM,WAIT_NATIVE_RETRY,none,102.797,0
episode_01891,29900,BANK_OR_NETWORK,card,halted,1,3,107,0.0,1,0,False,False,HIGH,SEND_NUDGE,none,8.898,0
episode_01892,149900,TEMPORARY_FUNDS,card,pending,3,3,289,1.0,1,1,True,False,HIGH,WAIT_NATIVE_RETRY,none,16.176,1
episode_01893,69900,TEMPORARY_FUNDS,card,pending,3,4,331,0.666667,3,0,True,False,HIGH,STOP_AND_ESCALATE,none,5.226,0
episode_01894,149900,BANK_OR_NETWORK,upi,pending,2,4,112,0.0,1,2,True,False,HIGH,WAIT_NATIVE_RETRY,none,8.945,0
episode_01895,69900,UNKNOWN,card,pending,1,1,378,0.666667,3,1,True,False,LOW,REQUEST_CARD_UPDATE,none,51.967,0
episode_01896,69900,TEMPORARY_FUNDS,card,halted,2,2,127,0.2,5,1,False,True,HIGH,SEND_NUDGE,low,32.771,1
episode_01897,29900,TEMPORARY_FUNDS,card,pending,2,2,217,0.4,5,0,True,False,LOW,SEND_NUDGE,none,29.228,1
episode_01898,149900,TEMPORARY_FUNDS,card,pending,2,1,64,0.5,2,0,True,False,MEDIUM,STOP_AND_ESCALATE,none,30.896,0
episode_01899,29900,PAYMENT_METHOD_INVALID,upi,pending,2,1,297,0.0,3,0,True,False,HIGH,WAIT_NATIVE_RETRY,none,4.465,1
episode_01900,69900,UNKNOWN,card,pending,1,3,149,0.0,1,0,True,False,HIGH,WAIT_NATIVE_RETRY,none,6.39,0
episode_01901,69900,MANDATE_OR_AUTH_INVALID,card,halted,3,1,155,0.0,6,0,False,False,HIGH,REQUEST_CARD_UPDATE,none,21.642,0
episode_01902,69900,UNKNOWN,netbanking,pending,2,2,219,0.0,0,2,True,False,LOW,WAIT_NATIVE_RETRY,none,22.92,1
episode_01903,69900,PAYMENT_METHOD_INVALID,netbanking,pending,4,1,181,0.0,1,0,True,False,HIGH,WAIT_NATIVE_RETRY,none,45.651,0
episode_01904,29900,UNKNOWN,card,pending,2,1,119,0.333333,3,0,True,False,MEDIUM,STOP_AND_ESCALATE,none,32.952,0
episode_01905,29900,TEMPORARY_FUNDS,card,pending,2,3,165,0.0,1,1,True,False,HIGH,REQUEST_CARD_UPDATE,none,30.115,1
episode_01906,149900,BANK_OR_NETWORK,card,halted,3,2,165,0.0,0,0,False,False,MEDIUM,REQUEST_CARD_UPDATE,none,49.821,0
episode_01907,69900,UNKNOWN,upi,pending,1,2,365,0.0,1,0,True,False,HIGH,REQUEST_CARD_UPDATE,none,32.934,1
episode_01908,29900,UNKNOWN,card,pending,2,1,101,0.333333,3,2,True,False,MEDIUM,SEND_NUDGE,none,20.216,0
episode_01909,69900,UNKNOWN,upi,pending,1,2,118,1.0,1,1,True,False,LOW,REQUEST_CARD_UPDATE,none,10.171,0
episode_01910,29900,BANK_OR_NETWORK,emandate,pending,2,2,80,0.0,7,1,True,False,HIGH,WAIT_NATIVE_RETRY,none,12.065,1
episode_01911,29900,TEMPORARY_FUNDS,card,pending,3,2,38,0.25,4,0,True,False,MEDIUM,WAIT_NATIVE_RETRY,none,48.771,1
episode_01912,149900,PAYMENT_METHOD_INVALID,upi,pending,3,2,91,0.333333,3,0,True,False,HIGH,STOP_AND_ESCALATE,none,50.772,0
episode_01913,69900,CUSTOMER_AUTH_FAILURE,card,pending,2,1,205,0.666667,3,0,True,True,HIGH,WAIT_NATIVE_RETRY,medium,11.577,0
episode_01914,29900,PAYMENT_METHOD_INVALID,upi,pending,1,3,167,0.333333,3,0,True,False,HIGH,STOP_AND_ESCALATE,none,61.491,0
episode_01915,149900,TEMPORARY_FUNDS,card,pending,3,2,283,0.0,2,0,True,False,HIGH,WAIT_NATIVE_RETRY,none,65.082,0
episode_01916,29900,TEMPORARY_FUNDS,card,pending,1,1,145,0.0,2,0,True,False,HIGH,SEND_NUDGE,none,82.296,1
episode_01917,69900,TEMPORARY_FUNDS,upi,halted,2,1,455,0.75,4,2,False,False,LOW,STOP_AND_ESCALATE,none,20.366,0
episode_01918,29900,TEMPORARY_FUNDS,upi,halted,1,1,213,0.25,4,1,False,False,HIGH,REQUEST_CARD_UPDATE,none,33.052,0
episode_01919,29900,MANDATE_OR_AUTH_INVALID,card,pending,2,1,71,0.5,2,0,True,True,HIGH,WAIT_NATIVE_RETRY,medium,18.203,1
episode_01920,29900,BANK_OR_NETWORK,card,pending,1,1,181,0.5,2,2,True,False,MEDIUM,WAIT_NATIVE_RETRY,none,31.061,1
episode_01921,69900,MANDATE_OR_AUTH_INVALID,card,halted,1,2,234,0.0,1,2,False,False,HIGH,STOP_AND_ESCALATE,none,16.561,0
episode_01922,69900,MANDATE_OR_AUTH_INVALID,card,pending,2,2,104,0.5,4,0,True,False,HIGH,STOP_AND_ESCALATE,none,27.803,0
episode_01923,69900,PAYMENT_METHOD_INVALID,card,pending,3,1,406,0.666667,3,1,True,False,MEDIUM,REQUEST_CARD_UPDATE,none,20.668,1
episode_01924,29900,MANDATE_OR_AUTH_INVALID,unknown,pending,2,1,53,1.0,1,1,True,False,LOW,SEND_NUDGE,none,50.986,1
episode_01925,69900,CUSTOMER_AUTH_FAILURE,upi,halted,1,1,95,0.666667,3,2,False,False,HIGH,SEND_NUDGE,none,5.891,1
episode_01926,29900,PAYMENT_METHOD_INVALID,upi,pending,2,2,289,0.142857,7,0,True,False,HIGH,WAIT_NATIVE_RETRY,none,21.844,0
episode_01927,149900,BANK_OR_NETWORK,card,pending,3,2,130,0.25,4,0,True,False,HIGH,STOP_AND_ESCALATE,none,16.511,0
episode_01928,29900,UNKNOWN,card,pending,3,1,174,1.0,1,2,True,False,MEDIUM,WAIT_NATIVE_RETRY,none,24.594,0
episode_01929,29900,BANK_OR_NETWORK,netbanking,pending,2,2,187,0.0,2,0,True,False,HIGH,REQUEST_CARD_UPDATE,none,10.211,1
episode_01930,29900,BANK_OR_NETWORK,card,pending,4,1,139,0.0,3,1,True,False,MEDIUM,REQUEST_CARD_UPDATE,none,31.001,0
episode_01931,149900,PAYMENT_METHOD_INVALID,card,pending,2,1,115,0.5,2,0,True,False,HIGH,SEND_NUDGE,none,42.668,0
episode_01932,149900,BANK_OR_NETWORK,unknown,pending,3,4,218,0.0,1,0,True,True,MEDIUM,STOP_AND_ESCALATE,medium,17.289,0
episode_01933,69900,UNKNOWN,upi,pending,3,1,85,0.0,0,0,True,False,LOW,WAIT_NATIVE_RETRY,none,45.205,1
episode_01934,69900,PAYMENT_METHOD_INVALID,netbanking,pending,1,5,81,1.0,2,1,True,False,HIGH,SEND_NUDGE,none,19.211,1
episode_01935,149900,BANK_OR_NETWORK,card,pending,1,3,77,1.0,2,0,True,False,HIGH,WAIT_NATIVE_RETRY,none,13.397,1
episode_01936,29900,CUSTOMER_AUTH_FAILURE,card,pending,1,1,456,0.0,3,0,True,False,HIGH,WAIT_NATIVE_RETRY,none,13.077,0
episode_01937,69900,BANK_OR_NETWORK,emandate,pending,1,1,255,0.0,2,2,True,False,HIGH,SEND_NUDGE,none,37.858,0
episode_01938,69900,PAYMENT_METHOD_INVALID,card,pending,1,2,42,1.0,2,0,True,False,HIGH,WAIT_NATIVE_RETRY,none,13.356,0
episode_01939,149900,MANDATE_OR_AUTH_INVALID,card,pending,3,2,213,0.25,4,2,True,False,MEDIUM,SEND_NUDGE,none,10.737,0
episode_01940,29900,CUSTOMER_AUTH_FAILURE,upi,pending,2,1,386,1.0,1,0,True,False,HIGH,WAIT_NATIVE_RETRY,none,55.648,0
episode_01941,149900,PAYMENT_METHOD_INVALID,upi,pending,1,1,154,0.0,1,1,True,False,HIGH,REQUEST_CARD_UPDATE,none,51.625,0
episode_01942,69900,UNKNOWN,card,pending,3,1,161,1.0,2,0,True,False,LOW,SEND_NUDGE,none,7.345,0
episode_01943,69900,UNKNOWN,card,pending,2,1,542,0.5,2,0,True,False,HIGH,WAIT_NATIVE_RETRY,none,9.428,0
episode_01944,29900,UNKNOWN,card,halted,3,3,110,0.0,1,0,False,False,LOW,REQUEST_CARD_UPDATE,none,10.78,0
episode_01945,29900,TEMPORARY_FUNDS,card,pending,1,3,80,0.0,1,0,True,False,MEDIUM,SEND_NUDGE,none,11.33,0
episode_01946,149900,BANK_OR_NETWORK,emandate,halted,2,2,436,0.666667,3,1,False,False,HIGH,REQUEST_CARD_UPDATE,none,39.969,0
episode_01947,29900,TEMPORARY_FUNDS,card,pending,5,1,66,1.0,2,3,True,False,HIGH,REQUEST_CARD_UPDATE,none,3.913,0
episode_01948,149900,PAYMENT_METHOD_INVALID,card,pending,2,2,123,1.0,3,1,True,False,HIGH,REQUEST_CARD_UPDATE,none,4.714,1
episode_01949,69900,TEMPORARY_FUNDS,upi,pending,1,1,139,0.0,0,0,True,False,HIGH,STOP_AND_ESCALATE,none,42.573,0
episode_01950,29900,UNKNOWN,upi,pending,2,2,182,1.0,3,3,True,True,HIGH,SEND_NUDGE,low,35.435,0
episode_01951,69900,PAYMENT_METHOD_INVALID,upi,pending,3,3,279,1.0,1,1,True,False,MEDIUM,STOP_AND_ESCALATE,none,5.851,0
episode_01952,69900,MANDATE_OR_AUTH_INVALID,card,pending,2,1,84,1.0,3,2,True,False,MEDIUM,REQUEST_CARD_UPDATE,none,9.944,1
episode_01953,69900,CUSTOMER_AUTH_FAILURE,upi,pending,1,2,173,1.0,1,0,True,False,HIGH,SEND_NUDGE,none,54.146,0
episode_01954,29900,PAYMENT_METHOD_INVALID,upi,pending,1,2,167,1.0,2,0,True,False,LOW,STOP_AND_ESCALATE,none,39.351,1
episode_01955,69900,TEMPORARY_FUNDS,card,halted,2,2,161,1.0,4,0,False,False,HIGH,WAIT_NATIVE_RETRY,none,42.224,1
episode_01956,29900,CUSTOMER_AUTH_FAILURE,card,pending,2,1,170,0.6,5,1,True,False,HIGH,WAIT_NATIVE_RETRY,none,96.675,0
episode_01957,29900,PAYMENT_METHOD_INVALID,card,halted,3,2,103,0.0,0,0,False,False,HIGH,WAIT_NATIVE_RETRY,none,37.015,0
episode_01958,69900,UNKNOWN,card,pending,2,3,71,0.0,0,3,True,False,LOW,SEND_NUDGE,none,14.397,0
episode_01959,69900,UNKNOWN,emandate,pending,2,4,532,1.0,1,2,True,False,LOW,SEND_NUDGE,none,18.366,0
episode_01960,29900,BANK_OR_NETWORK,emandate,pending,1,1,148,0.0,1,0,True,False,MEDIUM,WAIT_NATIVE_RETRY,none,58.843,1
episode_01961,29900,PAYMENT_METHOD_INVALID,card,pending,4,2,86,0.5,4,1,True,True,HIGH,STOP_AND_ESCALATE,medium,17.784,0
episode_01962,69900,TEMPORARY_FUNDS,netbanking,pending,2,1,58,0.5,4,0,True,True,HIGH,REQUEST_CARD_UPDATE,medium,72.923,1
episode_01963,149900,CUSTOMER_AUTH_FAILURE,card,pending,1,1,132,0.4,5,1,True,False,HIGH,SEND_NUDGE,none,31.777,1
episode_01964,29900,MANDATE_OR_AUTH_INVALID,card,pending,1,1,138,0.0,1,2,True,False,HIGH,WAIT_NATIVE_RETRY,none,12.258,0
episode_01965,29900,CUSTOMER_AUTH_FAILURE,card,pending,3,2,384,0.0,0,1,True,False,HIGH,SEND_NUDGE,none,49.346,0
episode_01966,29900,UNKNOWN,card,halted,5,2,176,0.5,2,0,False,False,LOW,STOP_AND_ESCALATE,none,10.634,0
episode_01967,69900,TEMPORARY_FUNDS,emandate,pending,4,2,499,0.0,1,1,True,False,MEDIUM,REQUEST_CARD_UPDATE,none,2.523,0
episode_01968,29900,MANDATE_OR_AUTH_INVALID,card,pending,2,1,258,0.5,2,1,True,False,MEDIUM,WAIT_NATIVE_RETRY,none,9.101,1
episode_01969,29900,MANDATE_OR_AUTH_INVALID,upi,pending,2,3,58,0.0,1,1,True,False,HIGH,STOP_AND_ESCALATE,none,58.578,1
episode_01970,69900,TEMPORARY_FUNDS,upi,pending,2,1,100,1.0,1,2,True,False,LOW,WAIT_NATIVE_RETRY,none,5.176,1
episode_01971,29900,PAYMENT_METHOD_INVALID,card,pending,1,1,178,0.0,1,2,True,False,MEDIUM,WAIT_NATIVE_RETRY,none,54.223,0
episode_01972,69900,TEMPORARY_FUNDS,card,halted,2,1,263,0.0,1,0,False,False,MEDIUM,WAIT_NATIVE_RETRY,none,25.358,0
episode_01973,29900,BANK_OR_NETWORK,upi,pending,3,1,91,1.0,2,0,True,True,HIGH,STOP_AND_ESCALATE,medium,19.181,1
episode_01974,29900,BANK_OR_NETWORK,upi,pending,1,3,82,0.0,0,0,True,False,HIGH,WAIT_NATIVE_RETRY,none,7.73,1
episode_01975,149900,BANK_OR_NETWORK,upi,pending,2,2,175,0.833333,6,1,True,False,MEDIUM,SEND_NUDGE,none,45.656,0
episode_01976,69900,TEMPORARY_FUNDS,card,halted,2,2,162,0.0,4,0,False,False,MEDIUM,REQUEST_CARD_UPDATE,none,22.073,0
episode_01977,149900,CUSTOMER_AUTH_FAILURE,emandate,pending,3,2,128,0.333333,3,0,True,False,MEDIUM,WAIT_NATIVE_RETRY,none,34.148,0
episode_01978,29900,CUSTOMER_AUTH_FAILURE,emandate,pending,3,1,495,0.0,0,1,True,False,HIGH,SEND_NUDGE,none,56.278,1
episode_01979,69900,TEMPORARY_FUNDS,card,pending,1,2,64,0.0,1,0,True,False,MEDIUM,REQUEST_CARD_UPDATE,none,36.075,0
episode_01980,29900,MANDATE_OR_AUTH_INVALID,card,pending,3,1,101,0.5,2,2,True,False,MEDIUM,WAIT_NATIVE_RETRY,none,34.675,0
episode_01981,29900,PAYMENT_METHOD_INVALID,card,pending,2,1,192,1.0,3,1,True,False,HIGH,REQUEST_CARD_UPDATE,none,124.668,1
episode_01982,69900,CUSTOMER_AUTH_FAILURE,upi,pending,1,3,130,0.0,1,2,True,False,HIGH,WAIT_NATIVE_RETRY,none,94.688,1
episode_01983,149900,TEMPORARY_FUNDS,card,pending,3,3,181,0.0,2,1,True,False,LOW,SEND_NUDGE,none,56.239,0
episode_01984,149900,CUSTOMER_AUTH_FAILURE,card,pending,1,2,101,0.0,3,1,True,False,HIGH,WAIT_NATIVE_RETRY,none,18.388,1
episode_01985,69900,BANK_OR_NETWORK,upi,pending,1,1,99,0.0,3,0,True,False,HIGH,STOP_AND_ESCALATE,none,23.374,0
episode_01986,29900,MANDATE_OR_AUTH_INVALID,card,pending,3,1,241,1.0,1,2,True,False,HIGH,STOP_AND_ESCALATE,none,28.783,0
episode_01987,69900,BANK_OR_NETWORK,upi,pending,2,2,21,0.0,2,0,True,False,HIGH,STOP_AND_ESCALATE,none,50.202,0
episode_01988,149900,TEMPORARY_FUNDS,upi,pending,3,2,360,0.0,3,1,True,False,MEDIUM,SEND_NUDGE,none,26.625,0
episode_01989,149900,MANDATE_OR_AUTH_INVALID,card,pending,2,4,434,0.25,4,0,True,False,MEDIUM,STOP_AND_ESCALATE,none,20.859,0
episode_01990,29900,UNKNOWN,card,pending,3,1,62,0.25,4,1,True,True,LOW,WAIT_NATIVE_RETRY,low,10.839,0
episode_01991,69900,MANDATE_OR_AUTH_INVALID,card,pending,1,3,388,1.0,2,1,True,False,HIGH,SEND_NUDGE,none,35.379,1
episode_01992,29900,CUSTOMER_AUTH_FAILURE,card,pending,1,1,156,1.0,1,1,True,False,MEDIUM,SEND_NUDGE,none,11.715,1
episode_01993,69900,CUSTOMER_AUTH_FAILURE,netbanking,pending,1,1,304,0.0,1,0,True,False,HIGH,REQUEST_CARD_UPDATE,none,31.927,1
episode_01994,149900,BANK_OR_NETWORK,upi,halted,1,1,336,0.0,1,2,False,False,HIGH,WAIT_NATIVE_RETRY,none,19.642,0
episode_01995,29900,TEMPORARY_FUNDS,card,pending,2,2,310,1.0,1,2,True,False,HIGH,SEND_NUDGE,none,21.867,0
episode_01996,29900,PAYMENT_METHOD_INVALID,card,halted,3,1,131,0.0,2,0,False,False,HIGH,STOP_AND_ESCALATE,none,98.49,1
episode_01997,29900,TEMPORARY_FUNDS,upi,halted,3,1,188,0.0,1,0,False,False,MEDIUM,WAIT_NATIVE_RETRY,none,29.618,0
episode_01998,149900,UNKNOWN,upi,pending,1,2,182,0.5,4,0,True,False,LOW,REQUEST_CARD_UPDATE,none,65.152,0
episode_01999,69900,MANDATE_OR_AUTH_INVALID,upi,halted,3,2,34,0.8,5,2,False,False,HIGH,WAIT_NATIVE_RETRY,none,37.635,0
episode_02000,29900,PAYMENT_METHOD_INVALID,card,pending,3,1,279,0.0,0,0,True,True,HIGH,STOP_AND_ESCALATE,medium,12.676,0
episode_02001,69900,BANK_OR_NETWORK,netbanking,pending,1,2,523,0.25,4,2,True,True,HIGH,STOP_AND_ESCALATE,medium,58.49,1
episode_02002,29900,CUSTOMER_AUTH_FAILURE,emandate,pending,1,1,264,0.0,2,1,True,False,MEDIUM,SEND_NUDGE,none,41.042,0
episode_02003,29900,CUSTOMER_AUTH_FAILURE,card,pending,2,2,72,0.5,2,0,True,False,LOW,WAIT_NATIVE_RETRY,none,9.985,0
episode_02004,69900,TEMPORARY_FUNDS,netbanking,pending,2,2,127,0.666667,3,1,True,False,LOW,WAIT_NATIVE_RETRY,none,31.436,1
episode_02005,149900,CUSTOMER_AUTH_FAILURE,unknown,pending,4,4,248,0.5,2,1,True,True,HIGH,REQUEST_CARD_UPDATE,high,26.934,0
episode_02006,69900,TEMPORARY_FUNDS,upi,halted,2,3,23,0.75,4,2,False,False,LOW,REQUEST_CARD_UPDATE,none,17.672,1
episode_02007,29900,PAYMENT_METHOD_INVALID,card,pending,3,1,49,0.5,2,1,True,False,LOW,REQUEST_CARD_UPDATE,none,21.031,0
episode_02008,29900,PAYMENT_METHOD_INVALID,upi,halted,1,3,189,0.0,2,1,False,False,LOW,SEND_NUDGE,none,23.683,0
episode_02009,69900,MANDATE_OR_AUTH_INVALID,card,halted,3,1,220,0.0,4,0,False,False,HIGH,SEND_NUDGE,none,68.972,0
episode_02010,69900,CUSTOMER_AUTH_FAILURE,card,pending,3,1,49,0.0,1,1,True,False,MEDIUM,STOP_AND_ESCALATE,none,25.568,0
episode_02011,69900,BANK_OR_NETWORK,card,pending,3,6,73,0.0,1,2,True,False,MEDIUM,REQUEST_CARD_UPDATE,none,15.883,0
episode_02012,69900,TEMPORARY_FUNDS,upi,pending,2,2,196,0.0,3,0,True,False,HIGH,REQUEST_CARD_UPDATE,none,40.82,0
episode_02013,149900,BANK_OR_NETWORK,card,pending,2,1,171,0.0,0,0,True,False,MEDIUM,REQUEST_CARD_UPDATE,none,56.118,0
episode_02014,29900,PAYMENT_METHOD_INVALID,card,pending,4,4,44,1.0,2,0,True,False,MEDIUM,REQUEST_CARD_UPDATE,none,20.637,1
episode_02015,69900,UNKNOWN,upi,pending,1,3,131,0.0,0,0,True,False,LOW,WAIT_NATIVE_RETRY,none,13.718,1
episode_02016,29900,PAYMENT_METHOD_INVALID,card,pending,1,2,53,0.0,2,1,True,False,MEDIUM,SEND_NUDGE,none,14.787,0
episode_02017,29900,PAYMENT_METHOD_INVALID,card,pending,2,3,321,1.0,1,0,True,False,LOW,STOP_AND_ESCALATE,none,18.944,1
episode_02018,69900,TEMPORARY_FUNDS,card,halted,1,1,56,0.5,2,0,False,False,HIGH,WAIT_NATIVE_RETRY,none,29.26,1
episode_02019,69900,PAYMENT_METHOD_INVALID,unknown,pending,3,2,144,1.0,1,0,True,False,HIGH,SEND_NUDGE,none,71.149,0
episode_02020,149900,MANDATE_OR_AUTH_INVALID,netbanking,pending,1,2,211,0.0,1,1,True,False,MEDIUM,STOP_AND_ESCALATE,none,48.526,0
episode_02021,29900,TEMPORARY_FUNDS,upi,pending,3,1,192,0.0,1,0,True,False,MEDIUM,WAIT_NATIVE_RETRY,none,3.572,1
episode_02022,29900,CUSTOMER_AUTH_FAILURE,netbanking,pending,1,1,124,0.0,0,0,True,False,MEDIUM,WAIT_NATIVE_RETRY,none,29.238,1
episode_02023,29900,BANK_OR_NETWORK,upi,pending,1,2,27,1.0,2,2,True,False,HIGH,REQUEST_CARD_UPDATE,none,11.116,0
episode_02024,29900,PAYMENT_METHOD_INVALID,unknown,halted,2,2,663,0.333333,3,3,False,True,HIGH,WAIT_NATIVE_RETRY,high,98.384,0
episode_02025,29900,UNKNOWN,card,pending,3,2,39,0.0,1,0,True,False,HIGH,WAIT_NATIVE_RETRY,none,19.559,0
episode_02026,29900,CUSTOMER_AUTH_FAILURE,upi,pending,2,1,85,0.0,0,0,True,True,HIGH,WAIT_NATIVE_RETRY,high,21.141,1
episode_02027,69900,PAYMENT_METHOD_INVALID,upi,pending,1,2,102,0.333333,3,1,True,True,HIGH,SEND_NUDGE,high,4.77,1
episode_02028,149900,TEMPORARY_FUNDS,card,pending,6,2,249,0.0,4,0,True,False,MEDIUM,SEND_NUDGE,none,37.399,0
episode_02029,149900,CUSTOMER_AUTH_FAILURE,card,pending,1,1,88,0.4,5,0,True,False,HIGH,WAIT_NATIVE_RETRY,none,42.794,1
episode_02030,29900,TEMPORARY_FUNDS,card,pending,1,1,80,0.0,3,0,True,False,HIGH,SEND_NUDGE,none,31.669,1
episode_02031,29900,UNKNOWN,card,pending,4,1,144,0.0,0,1,True,False,LOW,SEND_NUDGE,none,32.686,1
episode_02032,29900,TEMPORARY_FUNDS,card,pending,3,2,308,0.25,4,0,True,False,HIGH,STOP_AND_ESCALATE,none,11.95,0
episode_02033,69900,BANK_OR_NETWORK,card,halted,3,1,223,0.0,2,1,False,False,HIGH,STOP_AND_ESCALATE,none,24.258,0
episode_02034,29900,UNKNOWN,card,halted,3,2,183,1.0,3,0,False,False,MEDIUM,WAIT_NATIVE_RETRY,none,10.721,0
episode_02035,29900,UNKNOWN,card,pending,2,1,57,0.0,2,3,True,False,MEDIUM,SEND_NUDGE,none,36.943,0
episode_02036,69900,MANDATE_OR_AUTH_INVALID,upi,halted,1,1,209,0.0,1,0,False,False,MEDIUM,SEND_NUDGE,none,5.438,0
episode_02037,29900,UNKNOWN,card,pending,3,1,516,0.666667,3,0,True,False,LOW,WAIT_NATIVE_RETRY,none,18.954,0
episode_02038,69900,PAYMENT_METHOD_INVALID,emandate,pending,2,1,396,0.5,2,2,True,False,MEDIUM,SEND_NUDGE,none,20.796,0
episode_02039,69900,TEMPORARY_FUNDS,upi,pending,3,2,140,0.0,2,2,True,False,HIGH,SEND_NUDGE,none,6.428,1
episode_02040,29900,PAYMENT_METHOD_INVALID,upi,pending,1,3,168,0.0,1,3,True,False,MEDIUM,STOP_AND_ESCALATE,none,6.074,0
episode_02041,29900,BANK_OR_NETWORK,netbanking,pending,2,1,248,0.5,2,2,True,False,MEDIUM,SEND_NUDGE,none,22.617,1
episode_02042,69900,MANDATE_OR_AUTH_INVALID,upi,pending,4,2,42,0.0,3,0,True,False,MEDIUM,SEND_NUDGE,none,16.61,0
episode_02043,69900,BANK_OR_NETWORK,card,pending,3,2,85,0.0,1,0,True,False,HIGH,WAIT_NATIVE_RETRY,none,10.918,1
episode_02044,29900,TEMPORARY_FUNDS,card,halted,3,1,124,0.0,1,0,False,False,MEDIUM,REQUEST_CARD_UPDATE,none,17.949,1
episode_02045,29900,PAYMENT_METHOD_INVALID,upi,pending,2,1,262,0.0,3,1,True,False,MEDIUM,WAIT_NATIVE_RETRY,none,110.273,0
episode_02046,69900,CUSTOMER_AUTH_FAILURE,card,pending,2,1,192,0.0,0,1,True,True,HIGH,REQUEST_CARD_UPDATE,medium,52.088,0
episode_02047,29900,CUSTOMER_AUTH_FAILURE,emandate,pending,1,2,343,0.5,2,0,True,False,HIGH,SEND_NUDGE,none,24.691,1
episode_02048,69900,CUSTOMER_AUTH_FAILURE,netbanking,pending,1,2,315,0.0,2,0,True,False,HIGH,REQUEST_CARD_UPDATE,none,27.087,1
episode_02049,29900,TEMPORARY_FUNDS,card,pending,3,3,312,0.0,1,0,True,False,HIGH,REQUEST_CARD_UPDATE,none,2.919,0
episode_02050,69900,BANK_OR_NETWORK,card,pending,1,1,227,0.0,5,1,True,False,HIGH,REQUEST_CARD_UPDATE,none,27.554,0
episode_02051,29900,BANK_OR_NETWORK,card,pending,2,2,153,0.666667,3,0,True,False,LOW,REQUEST_CARD_UPDATE,none,53.267,0
episode_02052,29900,PAYMENT_METHOD_INVALID,card,pending,1,1,84,0.5,4,0,True,False,HIGH,REQUEST_CARD_UPDATE,none,27.904,1
episode_02053,69900,BANK_OR_NETWORK,card,halted,1,2,11,0.0,4,0,False,False,HIGH,SEND_NUDGE,none,10.35,0
episode_02054,69900,PAYMENT_METHOD_INVALID,card,pending,2,1,161,0.666667,3,1,True,False,HIGH,REQUEST_CARD_UPDATE,none,3.291,1
episode_02055,29900,UNKNOWN,upi,pending,2,2,426,0.0,1,0,True,False,LOW,WAIT_NATIVE_RETRY,none,70.772,1
episode_02056,29900,TEMPORARY_FUNDS,emandate,halted,1,2,79,0.5,2,0,False,False,HIGH,SEND_NUDGE,none,35.131,1
episode_02057,29900,TEMPORARY_FUNDS,card,pending,1,1,86,0.0,4,1,True,False,MEDIUM,REQUEST_CARD_UPDATE,none,21.883,0
episode_02058,149900,MANDATE_OR_AUTH_INVALID,emandate,pending,4,3,261,0.0,1,0,True,False,MEDIUM,REQUEST_CARD_UPDATE,none,35.102,0
episode_02059,29900,TEMPORARY_FUNDS,upi,pending,2,2,162,0.4,5,0,True,False,HIGH,STOP_AND_ESCALATE,none,41.244,1
episode_02060,29900,CUSTOMER_AUTH_FAILURE,card,pending,1,3,139,0.5,4,0,True,False,HIGH,WAIT_NATIVE_RETRY,none,5.763,1
episode_02061,149900,MANDATE_OR_AUTH_INVALID,emandate,pending,2,2,106,0.0,2,0,True,False,HIGH,STOP_AND_ESCALATE,none,19.782,0
episode_02062,149900,TEMPORARY_FUNDS,card,pending,5,1,75,0.0,2,2,True,False,MEDIUM,STOP_AND_ESCALATE,none,35.132,0
episode_02063,149900,BANK_OR_NETWORK,card,halted,2,1,366,1.0,3,3,False,False,HIGH,SEND_NUDGE,none,55.271,0
episode_02064,29900,BANK_OR_NETWORK,card,pending,2,2,153,0.5,2,0,True,False,MEDIUM,SEND_NUDGE,none,37.113,1
episode_02065,69900,BANK_OR_NETWORK,card,pending,1,2,120,0.0,3,0,True,False,HIGH,REQUEST_CARD_UPDATE,none,17.66,1
episode_02066,69900,CUSTOMER_AUTH_FAILURE,card,halted,4,2,39,0.0,3,1,False,False,HIGH,SEND_NUDGE,none,40.995,1
episode_02067,29900,TEMPORARY_FUNDS,card,pending,1,1,138,0.5,2,0,True,False,HIGH,STOP_AND_ESCALATE,none,70.0,1
episode_02068,69900,CUSTOMER_AUTH_FAILURE,unknown,halted,2,2,337,0.0,0,1,False,False,HIGH,STOP_AND_ESCALATE,none,27.53,0
episode_02069,29900,TEMPORARY_FUNDS,emandate,pending,4,3,262,0.0,4,3,True,False,HIGH,REQUEST_CARD_UPDATE,none,50.528,0
episode_02070,69900,TEMPORARY_FUNDS,card,pending,1,4,197,1.0,4,2,True,False,HIGH,SEND_NUDGE,none,6.598,0
episode_02071,29900,BANK_OR_NETWORK,upi,pending,2,1,193,0.0,0,0,True,False,HIGH,SEND_NUDGE,none,19.08,0
episode_02072,29900,TEMPORARY_FUNDS,card,halted,2,2,153,0.0,1,0,False,False,MEDIUM,REQUEST_CARD_UPDATE,none,16.434,1
episode_02073,149900,TEMPORARY_FUNDS,netbanking,pending,2,1,361,0.75,4,1,True,False,HIGH,STOP_AND_ESCALATE,none,30.548,0
episode_02074,69900,BANK_OR_NETWORK,emandate,pending,1,3,103,1.0,2,1,True,False,HIGH,SEND_NUDGE,none,15.214,1
episode_02075,69900,MANDATE_OR_AUTH_INVALID,card,pending,1,2,44,0.333333,3,3,True,False,MEDIUM,STOP_AND_ESCALATE,none,35.826,0
episode_02076,29900,CUSTOMER_AUTH_FAILURE,emandate,halted,2,2,69,0.5,2,2,False,False,HIGH,STOP_AND_ESCALATE,none,40.596,1
episode_02077,29900,TEMPORARY_FUNDS,netbanking,halted,2,4,102,0.0,1,0,False,False,HIGH,SEND_NUDGE,none,24.998,1
episode_02078,29900,PAYMENT_METHOD_INVALID,card,pending,3,1,129,0.0,0,0,True,False,HIGH,REQUEST_CARD_UPDATE,none,47.743,0
episode_02079,149900,TEMPORARY_FUNDS,card,pending,3,2,98,0.0,2,1,True,False,MEDIUM,WAIT_NATIVE_RETRY,none,22.683,1
episode_02080,29900,MANDATE_OR_AUTH_INVALID,upi,pending,3,3,129,0.0,0,1,True,False,HIGH,SEND_NUDGE,none,19.062,1
episode_02081,29900,MANDATE_OR_AUTH_INVALID,netbanking,halted,3,1,322,0.2,5,0,False,False,HIGH,REQUEST_CARD_UPDATE,none,28.344,1
episode_02082,69900,UNKNOWN,card,pending,2,1,303,0.333333,3,1,True,False,LOW,SEND_NUDGE,none,8.078,1
episode_02083,69900,TEMPORARY_FUNDS,upi,pending,2,5,255,1.0,2,0,True,False,HIGH,STOP_AND_ESCALATE,none,50.094,1
episode_02084,29900,TEMPORARY_FUNDS,unknown,pending,2,1,229,0.666667,3,2,True,False,HIGH,REQUEST_CARD_UPDATE,none,24.472,1
episode_02085,69900,TEMPORARY_FUNDS,card,pending,2,1,500,0.0,2,0,True,False,HIGH,STOP_AND_ESCALATE,none,20.227,0
episode_02086,29900,CUSTOMER_AUTH_FAILURE,emandate,pending,1,2,98,1.0,1,0,True,False,HIGH,WAIT_NATIVE_RETRY,none,45.035,0
episode_02087,29900,TEMPORARY_FUNDS,upi,pending,2,1,185,0.5,2,2,True,True,HIGH,STOP_AND_ESCALATE,low,26.59,0
episode_02088,69900,UNKNOWN,upi,pending,3,2,190,0.0,0,0,True,False,LOW,WAIT_NATIVE_RETRY,none,9.602,1
episode_02089,29900,TEMPORARY_FUNDS,netbanking,pending,4,1,84,0.0,2,0,True,False,LOW,STOP_AND_ESCALATE,none,18.21,1
episode_02090,29900,CUSTOMER_AUTH_FAILURE,card,pending,1,3,32,0.5,2,3,True,True,LOW,WAIT_NATIVE_RETRY,low,9.454,1
episode_02091,29900,MANDATE_OR_AUTH_INVALID,card,halted,3,1,197,0.666667,3,0,False,False,LOW,WAIT_NATIVE_RETRY,none,32.532,1
episode_02092,69900,PAYMENT_METHOD_INVALID,card,pending,2,1,457,0.0,1,2,True,False,HIGH,WAIT_NATIVE_RETRY,none,23.681,1
episode_02093,29900,CUSTOMER_AUTH_FAILURE,emandate,pending,1,2,72,1.0,1,0,True,False,MEDIUM,WAIT_NATIVE_RETRY,none,6.302,1
episode_02094,29900,CUSTOMER_AUTH_FAILURE,card,pending,2,3,187,0.0,0,0,True,False,HIGH,REQUEST_CARD_UPDATE,none,58.599,0
episode_02095,69900,TEMPORARY_FUNDS,card,pending,4,2,177,1.0,2,1,True,False,MEDIUM,STOP_AND_ESCALATE,none,25.922,1
episode_02096,29900,PAYMENT_METHOD_INVALID,upi,halted,3,1,238,1.0,1,1,False,False,HIGH,WAIT_NATIVE_RETRY,none,140.144,0
episode_02097,69900,MANDATE_OR_AUTH_INVALID,upi,halted,2,2,43,0.5,2,0,False,False,HIGH,STOP_AND_ESCALATE,none,37.692,0
episode_02098,149900,TEMPORARY_FUNDS,netbanking,halted,3,2,290,1.0,1,1,False,False,HIGH,SEND_NUDGE,none,14.643,1
episode_02099,149900,TEMPORARY_FUNDS,card,pending,1,1,154,0.0,0,0,True,False,HIGH,STOP_AND_ESCALATE,none,28.608,0
episode_02100,149900,UNKNOWN,card,pending,5,4,134,0.333333,3,2,True,False,LOW,REQUEST_CARD_UPDATE,none,13.549,0
episode_02101,29900,UNKNOWN,card,pending,1,1,181,0.0,2,1,True,False,LOW,WAIT_NATIVE_RETRY,none,20.777,0
episode_02102,69900,PAYMENT_METHOD_INVALID,card,pending,3,2,339,1.0,2,1,True,False,HIGH,STOP_AND_ESCALATE,none,66.012,1
episode_02103,69900,BANK_OR_NETWORK,upi,halted,4,1,119,0.333333,3,1,False,False,HIGH,SEND_NUDGE,none,28.118,0
episode_02104,29900,CUSTOMER_AUTH_FAILURE,upi,halted,3,2,293,0.5,2,1,False,False,HIGH,REQUEST_CARD_UPDATE,none,9.578,0
episode_02105,29900,PAYMENT_METHOD_INVALID,emandate,halted,2,1,90,0.5,2,0,False,False,HIGH,WAIT_NATIVE_RETRY,none,25.805,0
episode_02106,69900,MANDATE_OR_AUTH_INVALID,card,pending,2,3,61,0.4,5,0,True,False,MEDIUM,WAIT_NATIVE_RETRY,none,35.433,0
episode_02107,29900,BANK_OR_NETWORK,card,pending,5,1,54,0.0,1,0,True,False,HIGH,STOP_AND_ESCALATE,none,21.339,0
episode_02108,29900,TEMPORARY_FUNDS,upi,pending,1,1,138,0.5,2,2,True,False,MEDIUM,STOP_AND_ESCALATE,none,36.036,0
episode_02109,29900,TEMPORARY_FUNDS,upi,pending,2,2,25,0.0,0,2,True,False,MEDIUM,STOP_AND_ESCALATE,none,109.007,0
episode_02110,29900,UNKNOWN,upi,pending,1,2,178,0.0,3,0,True,False,LOW,REQUEST_CARD_UPDATE,none,33.967,1
episode_02111,29900,TEMPORARY_FUNDS,emandate,pending,2,1,330,0.0,1,3,True,False,MEDIUM,REQUEST_CARD_UPDATE,none,41.307,0
episode_02112,69900,UNKNOWN,upi,pending,3,1,439,0.0,2,0,True,True,LOW,REQUEST_CARD_UPDATE,low,14.98,1
episode_02113,149900,MANDATE_OR_AUTH_INVALID,card,pending,3,1,115,0.5,2,0,True,False,MEDIUM,STOP_AND_ESCALATE,none,70.778,0
episode_02114,69900,TEMPORARY_FUNDS,upi,pending,2,1,86,0.5,4,1,True,False,MEDIUM,SEND_NUDGE,none,29.36,0
episode_02115,69900,PAYMENT_METHOD_INVALID,card,halted,2,2,148,0.0,1,0,False,False,HIGH,REQUEST_CARD_UPDATE,none,20.809,1
episode_02116,29900,TEMPORARY_FUNDS,card,pending,1,1,2,1.0,1,0,True,True,MEDIUM,REQUEST_CARD_UPDATE,high,13.661,0
episode_02117,69900,BANK_OR_NETWORK,card,halted,3,2,196,0.5,2,1,False,False,HIGH,STOP_AND_ESCALATE,none,18.03,1
episode_02118,69900,UNKNOWN,card,pending,1,1,301,0.0,2,2,True,False,MEDIUM,REQUEST_CARD_UPDATE,none,36.006,1
episode_02119,29900,BANK_OR_NETWORK,card,pending,1,3,225,0.5,2,2,True,False,HIGH,WAIT_NATIVE_RETRY,none,1.446,1
episode_02120,29900,PAYMENT_METHOD_INVALID,card,pending,1,3,20,0.0,1,0,True,False,HIGH,SEND_NUDGE,none,21.104,1
episode_02121,149900,BANK_OR_NETWORK,card,pending,1,2,101,0.0,3,1,True,False,HIGH,REQUEST_CARD_UPDATE,none,43.99,0
episode_02122,149900,CUSTOMER_AUTH_FAILURE,upi,halted,2,1,207,0.333333,3,2,False,False,MEDIUM,WAIT_NATIVE_RETRY,none,50.008,0
episode_02123,29900,CUSTOMER_AUTH_FAILURE,card,pending,2,1,101,0.666667,3,0,True,False,MEDIUM,WAIT_NATIVE_RETRY,none,23.499,0
episode_02124,149900,MANDATE_OR_AUTH_INVALID,upi,pending,2,2,155,0.75,4,0,True,False,HIGH,REQUEST_CARD_UPDATE,none,11.604,0
episode_02125,29900,PAYMENT_METHOD_INVALID,card,pending,3,3,48,0.0,0,0,True,False,HIGH,STOP_AND_ESCALATE,none,40.978,0
episode_02126,69900,BANK_OR_NETWORK,card,pending,2,5,61,1.0,4,1,True,True,MEDIUM,STOP_AND_ESCALATE,medium,44.855,1
episode_02127,69900,CUSTOMER_AUTH_FAILURE,card,pending,1,1,208,1.0,1,2,True,False,LOW,WAIT_NATIVE_RETRY,none,31.363,1
episode_02128,29900,PAYMENT_METHOD_INVALID,card,pending,1,2,379,0.0,0,2,True,False,HIGH,REQUEST_CARD_UPDATE,none,45.517,0
episode_02129,69900,PAYMENT_METHOD_INVALID,card,pending,2,2,139,0.75,4,2,True,False,MEDIUM,SEND_NUDGE,none,53.627,1
episode_02130,29900,CUSTOMER_AUTH_FAILURE,upi,halted,4,2,299,0.5,2,0,False,False,HIGH,STOP_AND_ESCALATE,none,29.072,0
episode_02131,29900,CUSTOMER_AUTH_FAILURE,emandate,pending,2,1,211,0.0,1,3,True,False,HIGH,REQUEST_CARD_UPDATE,none,30.426,0
episode_02132,69900,TEMPORARY_FUNDS,emandate,pending,2,2,77,0.0,0,0,True,False,HIGH,WAIT_NATIVE_RETRY,none,28.893,1
episode_02133,69900,TEMPORARY_FUNDS,card,pending,1,1,549,0.0,3,1,True,False,LOW,REQUEST_CARD_UPDATE,none,15.438,1
episode_02134,29900,TEMPORARY_FUNDS,emandate,pending,2,1,161,0.0,1,1,True,True,HIGH,SEND_NUDGE,medium,48.927,0
episode_02135,69900,TEMPORARY_FUNDS,upi,pending,3,2,181,0.5,6,1,True,True,MEDIUM,REQUEST_CARD_UPDATE,medium,28.115,0
episode_02136,149900,TEMPORARY_FUNDS,upi,halted,2,1,47,1.0,2,0,False,False,LOW,WAIT_NATIVE_RETRY,none,79.619,1
episode_02137,29900,MANDATE_OR_AUTH_INVALID,card,pending,3,1,166,0.0,1,0,True,False,MEDIUM,SEND_NUDGE,none,37.805,0
episode_02138,29900,TEMPORARY_FUNDS,emandate,pending,1,1,149,1.0,1,0,True,False,HIGH,REQUEST_CARD_UPDATE,none,38.519,1
episode_02139,69900,TEMPORARY_FUNDS,upi,pending,1,1,128,0.666667,3,1,True,False,MEDIUM,WAIT_NATIVE_RETRY,none,9.561,1
episode_02140,29900,PAYMENT_METHOD_INVALID,emandate,pending,1,1,224,0.666667,3,0,True,False,HIGH,STOP_AND_ESCALATE,none,29.096,0
episode_02141,69900,MANDATE_OR_AUTH_INVALID,emandate,pending,1,2,198,0.0,1,0,True,False,HIGH,SEND_NUDGE,none,63.322,0
episode_02142,29900,TEMPORARY_FUNDS,card,halted,3,2,107,0.0,4,2,False,False,MEDIUM,WAIT_NATIVE_RETRY,none,40.616,0
episode_02143,29900,TEMPORARY_FUNDS,card,pending,1,2,201,0.0,0,0,True,False,MEDIUM,SEND_NUDGE,none,12.99,1
episode_02144,69900,PAYMENT_METHOD_INVALID,emandate,pending,2,1,205,0.0,2,0,True,False,MEDIUM,WAIT_NATIVE_RETRY,none,34.785,1
episode_02145,29900,UNKNOWN,card,pending,2,2,40,0.5,2,0,True,False,LOW,SEND_NUDGE,none,40.824,1
episode_02146,69900,UNKNOWN,card,pending,3,1,245,1.0,1,0,True,False,LOW,WAIT_NATIVE_RETRY,none,27.404,1
episode_02147,29900,BANK_OR_NETWORK,upi,halted,1,2,104,0.0,2,3,False,False,HIGH,SEND_NUDGE,none,3.012,0
episode_02148,149900,TEMPORARY_FUNDS,card,pending,1,4,161,0.0,1,1,True,False,HIGH,WAIT_NATIVE_RETRY,none,17.216,1
episode_02149,69900,PAYMENT_METHOD_INVALID,card,halted,1,1,192,0.25,4,1,False,False,MEDIUM,REQUEST_CARD_UPDATE,none,62.041,1
episode_02150,69900,PAYMENT_METHOD_INVALID,card,pending,3,1,199,0.5,2,1,True,False,MEDIUM,STOP_AND_ESCALATE,none,18.949,0
episode_02151,69900,PAYMENT_METHOD_INVALID,emandate,pending,3,2,274,0.666667,3,0,True,False,HIGH,REQUEST_CARD_UPDATE,none,13.369,0
episode_02152,29900,BANK_OR_NETWORK,card,halted,2,1,44,0.0,1,1,False,False,HIGH,SEND_NUDGE,none,29.418,0
episode_02153,69900,TEMPORARY_FUNDS,netbanking,pending,1,2,76,1.0,2,1,True,False,HIGH,SEND_NUDGE,none,13.057,1
episode_02154,69900,TEMPORARY_FUNDS,netbanking,pending,1,2,195,0.6,5,1,True,False,HIGH,SEND_NUDGE,none,30.622,1
episode_02155,69900,CUSTOMER_AUTH_FAILURE,netbanking,pending,2,1,311,1.0,1,0,True,False,HIGH,REQUEST_CARD_UPDATE,none,53.635,0
episode_02156,29900,BANK_OR_NETWORK,card,pending,2,1,540,1.0,2,0,True,True,HIGH,WAIT_NATIVE_RETRY,medium,34.824,1
episode_02157,29900,CUSTOMER_AUTH_FAILURE,card,pending,2,2,115,0.333333,3,1,True,False,HIGH,WAIT_NATIVE_RETRY,none,4.986,0
episode_02158,149900,CUSTOMER_AUTH_FAILURE,upi,pending,3,2,103,0.0,1,3,True,False,MEDIUM,WAIT_NATIVE_RETRY,none,6.205,0
episode_02159,69900,TEMPORARY_FUNDS,netbanking,pending,2,2,127,0.0,2,0,True,False,HIGH,SEND_NUDGE,none,10.944,1
episode_02160,29900,CUSTOMER_AUTH_FAILURE,upi,halted,2,1,30,0.5,2,0,False,False,HIGH,SEND_NUDGE,none,14.083,0
episode_02161,149900,TEMPORARY_FUNDS,card,pending,1,2,38,0.0,0,0,True,False,HIGH,SEND_NUDGE,none,39.541,0
episode_02162,29900,CUSTOMER_AUTH_FAILURE,upi,pending,4,1,329,0.5,2,1,True,False,HIGH,WAIT_NATIVE_RETRY,none,66.589,1
episode_02163,69900,BANK_OR_NETWORK,upi,pending,1,2,599,0.0,0,0,True,False,MEDIUM,SEND_NUDGE,none,35.307,1
episode_02164,29900,PAYMENT_METHOD_INVALID,card,pending,2,1,24,1.0,2,0,True,False,HIGH,REQUEST_CARD_UPDATE,none,11.247,0
episode_02165,29900,CUSTOMER_AUTH_FAILURE,netbanking,halted,3,3,187,0.0,0,0,False,False,MEDIUM,WAIT_NATIVE_RETRY,none,3.115,0
episode_02166,29900,BANK_OR_NETWORK,upi,pending,2,3,120,0.75,4,2,True,False,HIGH,REQUEST_CARD_UPDATE,none,26.478,0
episode_02167,69900,PAYMENT_METHOD_INVALID,card,halted,1,3,68,0.0,1,2,False,False,LOW,WAIT_NATIVE_RETRY,none,9.322,0
episode_02168,29900,PAYMENT_METHOD_INVALID,upi,pending,1,2,390,1.0,2,1,True,False,HIGH,REQUEST_CARD_UPDATE,none,27.127,0
episode_02169,69900,PAYMENT_METHOD_INVALID,card,pending,3,1,141,0.8,5,0,True,False,HIGH,REQUEST_CARD_UPDATE,none,18.046,0
episode_02170,29900,PAYMENT_METHOD_INVALID,upi,pending,3,2,244,0.0,4,0,True,True,MEDIUM,REQUEST_CARD_UPDATE,medium,77.353,0
episode_02171,69900,CUSTOMER_AUTH_FAILURE,netbanking,pending,2,2,319,1.0,1,0,True,False,MEDIUM,SEND_NUDGE,none,12.613,1
episode_02172,29900,MANDATE_OR_AUTH_INVALID,card,halted,3,1,341,0.5,2,0,False,False,HIGH,SEND_NUDGE,none,30.613,1
episode_02173,29900,CUSTOMER_AUTH_FAILURE,card,pending,1,3,307,0.0,1,1,True,False,MEDIUM,REQUEST_CARD_UPDATE,none,27.58,0
episode_02174,69900,UNKNOWN,card,pending,1,1,210,0.0,2,1,True,False,MEDIUM,SEND_NUDGE,none,27.42,0
episode_02175,29900,BANK_OR_NETWORK,card,halted,1,2,130,1.0,5,1,False,False,HIGH,SEND_NUDGE,none,22.18,0
episode_02176,69900,UNKNOWN,card,pending,3,1,220,0.666667,3,0,True,False,MEDIUM,SEND_NUDGE,none,15.15,0
episode_02177,29900,UNKNOWN,card,pending,2,1,190,1.0,3,1,True,False,LOW,STOP_AND_ESCALATE,none,44.536,0
episode_02178,69900,PAYMENT_METHOD_INVALID,card,pending,2,1,100,0.5,2,0,True,False,HIGH,SEND_NUDGE,none,7.486,0
episode_02179,69900,CUSTOMER_AUTH_FAILURE,netbanking,pending,1,1,176,0.666667,3,0,True,False,HIGH,WAIT_NATIVE_RETRY,none,48.452,1
episode_02180,29900,TEMPORARY_FUNDS,card,halted,1,1,273,0.25,4,3,False,True,LOW,STOP_AND_ESCALATE,high,18.432,1
episode_02181,149900,UNKNOWN,card,pending,2,3,27,0.0,6,0,True,False,LOW,WAIT_NATIVE_RETRY,none,24.186,0
episode_02182,29900,PAYMENT_METHOD_INVALID,emandate,pending,1,2,292,1.0,1,0,True,True,HIGH,SEND_NUDGE,high,48.26,1
episode_02183,69900,CUSTOMER_AUTH_FAILURE,card,pending,3,1,51,0.0,0,0,True,False,MEDIUM,STOP_AND_ESCALATE,none,8.91,0
episode_02184,29900,TEMPORARY_FUNDS,netbanking,pending,2,1,470,0.0,1,2,True,False,HIGH,REQUEST_CARD_UPDATE,none,47.945,0
episode_02185,69900,PAYMENT_METHOD_INVALID,card,pending,1,2,200,0.25,4,0,True,False,HIGH,WAIT_NATIVE_RETRY,none,40.457,1
episode_02186,29900,CUSTOMER_AUTH_FAILURE,upi,halted,1,2,246,0.5,2,0,False,False,HIGH,REQUEST_CARD_UPDATE,none,35.998,0
episode_02187,149900,BANK_OR_NETWORK,upi,halted,5,2,97,0.0,2,2,False,True,HIGH,STOP_AND_ESCALATE,medium,71.19,0
episode_02188,29900,TEMPORARY_FUNDS,upi,pending,1,2,35,0.5,2,0,True,False,HIGH,REQUEST_CARD_UPDATE,none,46.813,1
episode_02189,29900,CUSTOMER_AUTH_FAILURE,upi,pending,1,1,234,1.0,2,0,True,True,MEDIUM,WAIT_NATIVE_RETRY,high,62.175,1
episode_02190,69900,TEMPORARY_FUNDS,upi,halted,1,1,212,1.0,1,0,False,False,HIGH,SEND_NUDGE,none,96.238,0
episode_02191,69900,BANK_OR_NETWORK,card,pending,1,1,186,0.0,0,1,True,False,HIGH,STOP_AND_ESCALATE,none,29.279,1
episode_02192,69900,TEMPORARY_FUNDS,card,halted,5,1,238,0.0,1,0,False,False,HIGH,STOP_AND_ESCALATE,none,18.944,0
episode_02193,69900,BANK_OR_NETWORK,card,pending,1,1,202,1.0,3,0,True,False,HIGH,WAIT_NATIVE_RETRY,none,16.758,1
episode_02194,69900,BANK_OR_NETWORK,card,halted,2,3,69,0.75,4,0,False,False,HIGH,REQUEST_CARD_UPDATE,none,26.882,0
episode_02195,29900,BANK_OR_NETWORK,card,pending,3,1,229,0.0,2,0,True,False,MEDIUM,WAIT_NATIVE_RETRY,none,45.692,1
episode_02196,149900,CUSTOMER_AUTH_FAILURE,card,pending,2,1,131,1.0,1,1,True,False,HIGH,REQUEST_CARD_UPDATE,none,20.011,1
episode_02197,149900,CUSTOMER_AUTH_FAILURE,card,pending,3,1,474,1.0,1,2,True,False,HIGH,WAIT_NATIVE_RETRY,none,3.825,1
episode_02198,149900,PAYMENT_METHOD_INVALID,emandate,pending,1,2,266,0.0,0,0,True,False,HIGH,SEND_NUDGE,none,43.181,1
episode_02199,69900,PAYMENT_METHOD_INVALID,card,halted,2,1,157,0.666667,3,0,False,False,MEDIUM,STOP_AND_ESCALATE,none,52.546,0
episode_02200,29900,BANK_OR_NETWORK,card,pending,1,1,148,0.0,1,0,True,False,HIGH,SEND_NUDGE,none,76.055,0
episode_02201,29900,UNKNOWN,upi,pending,2,1,226,0.0,3,0,True,False,MEDIUM,STOP_AND_ESCALATE,none,57.693,0
episode_02202,149900,BANK_OR_NETWORK,card,halted,3,1,53,0.5,4,1,False,False,MEDIUM,STOP_AND_ESCALATE,none,7.029,0
episode_02203,149900,TEMPORARY_FUNDS,card,halted,2,1,117,1.0,4,0,False,False,HIGH,WAIT_NATIVE_RETRY,none,12.047,0
episode_02204,29900,TEMPORARY_FUNDS,netbanking,halted,3,2,224,0.333333,3,2,False,False,MEDIUM,WAIT_NATIVE_RETRY,none,7.273,0
episode_02205,29900,CUSTOMER_AUTH_FAILURE,netbanking,pending,2,2,174,0.0,0,0,True,False,MEDIUM,STOP_AND_ESCALATE,none,34.346,0
episode_02206,149900,BANK_OR_NETWORK,emandate,pending,3,2,109,1.0,2,0,True,False,MEDIUM,SEND_NUDGE,none,4.796,1
episode_02207,69900,MANDATE_OR_AUTH_INVALID,netbanking,halted,3,2,27,0.5,2,1,False,False,HIGH,STOP_AND_ESCALATE,none,16.225,1
episode_02208,69900,TEMPORARY_FUNDS,upi,pending,3,2,82,1.0,1,3,True,False,HIGH,WAIT_NATIVE_RETRY,none,33.552,1
episode_02209,69900,MANDATE_OR_AUTH_INVALID,card,pending,2,3,176,0.0,1,0,True,False,MEDIUM,STOP_AND_ESCALATE,none,39.127,0
episode_02210,69900,BANK_OR_NETWORK,card,halted,3,2,85,0.5,2,0,False,False,HIGH,REQUEST_CARD_UPDATE,none,12.099,0
episode_02211,69900,PAYMENT_METHOD_INVALID,upi,pending,4,1,102,0.25,4,0,True,False,HIGH,WAIT_NATIVE_RETRY,none,18.491,0
episode_02212,69900,BANK_OR_NETWORK,netbanking,pending,2,1,783,0.4,5,0,True,False,HIGH,REQUEST_CARD_UPDATE,none,30.382,1
episode_02213,69900,UNKNOWN,emandate,halted,1,1,219,0.0,2,2,False,False,MEDIUM,STOP_AND_ESCALATE,none,61.151,0
episode_02214,69900,UNKNOWN,card,pending,3,1,68,0.5,4,0,True,False,LOW,STOP_AND_ESCALATE,none,25.547,1
episode_02215,29900,BANK_OR_NETWORK,card,pending,1,1,228,1.0,2,1,True,False,HIGH,SEND_NUDGE,none,32.179,1
episode_02216,69900,CUSTOMER_AUTH_FAILURE,card,halted,1,1,404,0.0,1,0,False,False,HIGH,SEND_NUDGE,none,32.92,1
episode_02217,69900,MANDATE_OR_AUTH_INVALID,netbanking,halted,2,3,656,0.0,1,0,False,False,HIGH,SEND_NUDGE,none,19.088,0
episode_02218,29900,MANDATE_OR_AUTH_INVALID,netbanking,pending,3,3,72,0.0,1,1,True,False,HIGH,WAIT_NATIVE_RETRY,none,19.015,0
episode_02219,149900,BANK_OR_NETWORK,emandate,pending,3,2,92,0.5,2,0,True,False,MEDIUM,SEND_NUDGE,none,42.304,0
episode_02220,29900,CUSTOMER_AUTH_FAILURE,card,pending,2,1,347,0.0,1,1,True,False,HIGH,SEND_NUDGE,none,70.342,1
episode_02221,29900,TEMPORARY_FUNDS,card,pending,1,1,289,0.0,1,1,True,False,HIGH,STOP_AND_ESCALATE,none,37.443,1
episode_02222,69900,TEMPORARY_FUNDS,card,pending,2,1,38,0.0,3,1,True,False,HIGH,WAIT_NATIVE_RETRY,none,31.479,1
episode_02223,69900,BANK_OR_NETWORK,card,halted,1,4,156,0.166667,6,1,False,False,HIGH,SEND_NUDGE,none,18.938,0
episode_02224,69900,PAYMENT_METHOD_INVALID,card,pending,3,1,256,0.666667,3,0,True,False,LOW,REQUEST_CARD_UPDATE,none,14.552,1
episode_02225,29900,PAYMENT_METHOD_INVALID,netbanking,pending,2,1,68,0.0,1,0,True,False,HIGH,REQUEST_CARD_UPDATE,none,60.653,1
episode_02226,29900,TEMPORARY_FUNDS,upi,pending,1,1,122,0.75,4,0,True,True,HIGH,WAIT_NATIVE_RETRY,high,76.468,1
episode_02227,69900,UNKNOWN,card,halted,3,1,38,0.0,2,1,False,False,MEDIUM,REQUEST_CARD_UPDATE,none,24.494,1
episode_02228,149900,TEMPORARY_FUNDS,card,halted,1,1,155,0.0,1,0,False,False,HIGH,STOP_AND_ESCALATE,none,11.781,0
episode_02229,149900,UNKNOWN,card,pending,1,1,83,0.0,1,0,True,False,LOW,SEND_NUDGE,none,62.496,0
episode_02230,29900,UNKNOWN,emandate,pending,1,1,26,1.0,1,0,True,False,MEDIUM,WAIT_NATIVE_RETRY,none,13.404,1
episode_02231,69900,CUSTOMER_AUTH_FAILURE,netbanking,pending,2,1,139,0.2,5,2,True,False,HIGH,REQUEST_CARD_UPDATE,none,20.62,1
episode_02232,29900,TEMPORARY_FUNDS,card,halted,2,2,33,0.0,4,0,False,False,MEDIUM,REQUEST_CARD_UPDATE,none,30.537,0
episode_02233,149900,BANK_OR_NETWORK,emandate,pending,1,2,197,0.666667,3,1,True,False,HIGH,REQUEST_CARD_UPDATE,none,29.864,0
episode_02234,29900,PAYMENT_METHOD_INVALID,upi,pending,2,4,186,0.0,0,1,True,False,MEDIUM,WAIT_NATIVE_RETRY,none,10.445,0
episode_02235,29900,BANK_OR_NETWORK,emandate,pending,1,1,176,0.0,3,3,True,False,HIGH,WAIT_NATIVE_RETRY,none,17.732,1
episode_02236,149900,TEMPORARY_FUNDS,card,pending,1,2,116,1.0,2,3,True,False,HIGH,REQUEST_CARD_UPDATE,none,6.623,1
episode_02237,29900,PAYMENT_METHOD_INVALID,card,pending,3,2,195,0.0,1,0,True,False,HIGH,WAIT_NATIVE_RETRY,none,48.502,0
episode_02238,29900,PAYMENT_METHOD_INVALID,card,pending,3,3,344,1.0,2,0,True,False,LOW,WAIT_NATIVE_RETRY,none,6.009,1
episode_02239,29900,CUSTOMER_AUTH_FAILURE,card,pending,1,2,181,0.5,2,0,True,False,MEDIUM,STOP_AND_ESCALATE,none,53.935,1
episode_02240,29900,TEMPORARY_FUNDS,card,pending,2,3,152,0.333333,3,0,True,True,MEDIUM,STOP_AND_ESCALATE,medium,15.499,0
episode_02241,149900,TEMPORARY_FUNDS,upi,pending,1,1,69,0.0,3,0,True,False,HIGH,WAIT_NATIVE_RETRY,none,44.23,1
episode_02242,29900,TEMPORARY_FUNDS,emandate,pending,2,1,6,1.0,3,0,True,False,LOW,SEND_NUDGE,none,75.453,1
episode_02243,29900,TEMPORARY_FUNDS,card,halted,1,2,221,0.666667,3,3,False,False,HIGH,SEND_NUDGE,none,51.864,1
episode_02244,69900,MANDATE_OR_AUTH_INVALID,netbanking,pending,1,1,63,0.0,3,1,True,False,HIGH,WAIT_NATIVE_RETRY,none,8.975,0
episode_02245,29900,UNKNOWN,netbanking,halted,3,1,185,0.0,0,0,False,True,LOW,WAIT_NATIVE_RETRY,medium,16.639,0
episode_02246,29900,TEMPORARY_FUNDS,upi,pending,5,3,89,0.0,0,0,True,False,HIGH,REQUEST_CARD_UPDATE,none,26.945,1
episode_02247,69900,TEMPORARY_FUNDS,card,pending,2,3,159,0.0,2,0,True,False,HIGH,STOP_AND_ESCALATE,none,24.603,0
episode_02248,149900,BANK_OR_NETWORK,card,pending,5,2,223,0.5,2,0,True,False,LOW,REQUEST_CARD_UPDATE,none,13.395,1
episode_02249,69900,BANK_OR_NETWORK,upi,pending,2,2,136,0.5,2,1,True,False,HIGH,STOP_AND_ESCALATE,none,22.074,0
episode_02250,69900,UNKNOWN,card,pending,2,2,161,0.0,0,1,True,False,LOW,STOP_AND_ESCALATE,none,50.32,0
episode_02251,69900,TEMPORARY_FUNDS,upi,halted,3,2,442,1.0,1,0,False,False,HIGH,WAIT_NATIVE_RETRY,none,36.397,1
episode_02252,29900,CUSTOMER_AUTH_FAILURE,card,pending,3,3,493,0.0,0,1,True,False,HIGH,STOP_AND_ESCALATE,none,19.801,0
episode_02253,29900,TEMPORARY_FUNDS,card,pending,1,3,218,0.0,2,1,True,False,HIGH,STOP_AND_ESCALATE,none,40.507,1
episode_02254,29900,BANK_OR_NETWORK,netbanking,pending,4,1,66,0.666667,3,0,True,False,HIGH,REQUEST_CARD_UPDATE,none,42.482,0
episode_02255,29900,TEMPORARY_FUNDS,upi,pending,1,3,82,0.5,2,2,True,False,HIGH,REQUEST_CARD_UPDATE,none,12.716,0
episode_02256,69900,PAYMENT_METHOD_INVALID,card,pending,1,2,89,1.0,3,2,True,False,MEDIUM,SEND_NUDGE,none,12.199,0
episode_02257,29900,MANDATE_OR_AUTH_INVALID,emandate,pending,5,1,156,0.0,2,2,True,False,MEDIUM,WAIT_NATIVE_RETRY,none,35.44,0
episode_02258,29900,MANDATE_OR_AUTH_INVALID,netbanking,pending,1,2,86,0.0,3,0,True,False,HIGH,WAIT_NATIVE_RETRY,none,38.581,1
episode_02259,69900,MANDATE_OR_AUTH_INVALID,netbanking,halted,2,1,115,1.0,1,0,False,False,HIGH,WAIT_NATIVE_RETRY,none,22.232,0
episode_02260,149900,CUSTOMER_AUTH_FAILURE,card,halted,4,2,96,0.0,0,1,False,False,MEDIUM,STOP_AND_ESCALATE,none,40.251,0
episode_02261,69900,BANK_OR_NETWORK,netbanking,halted,3,3,366,1.0,1,0,False,False,HIGH,REQUEST_CARD_UPDATE,none,40.58,0
episode_02262,69900,BANK_OR_NETWORK,netbanking,pending,3,2,319,0.0,2,1,True,False,HIGH,SEND_NUDGE,none,3.436,0
episode_02263,29900,TEMPORARY_FUNDS,card,pending,1,1,149,0.5,2,0,True,False,HIGH,WAIT_NATIVE_RETRY,none,21.043,1
episode_02264,69900,TEMPORARY_FUNDS,card,pending,1,1,71,0.666667,6,2,True,False,HIGH,STOP_AND_ESCALATE,none,30.231,0
episode_02265,29900,CUSTOMER_AUTH_FAILURE,card,pending,1,1,151,0.0,1,0,True,False,LOW,SEND_NUDGE,none,30.39,1
episode_02266,69900,CUSTOMER_AUTH_FAILURE,emandate,pending,3,3,162,0.0,2,0,True,False,MEDIUM,SEND_NUDGE,none,30.431,1
episode_02267,29900,TEMPORARY_FUNDS,card,pending,2,2,752,0.0,1,0,True,False,MEDIUM,REQUEST_CARD_UPDATE,none,112.161,1
episode_02268,149900,TEMPORARY_FUNDS,card,halted,1,1,119,0.0,0,0,False,False,HIGH,REQUEST_CARD_UPDATE,none,12.735,1
episode_02269,29900,BANK_OR_NETWORK,card,pending,1,1,253,0.0,1,0,True,False,MEDIUM,SEND_NUDGE,none,65.6,0
episode_02270,29900,TEMPORARY_FUNDS,card,pending,3,1,150,0.0,0,0,True,False,MEDIUM,SEND_NUDGE,none,21.881,1
episode_02271,29900,PAYMENT_METHOD_INVALID,card,pending,1,1,408,0.0,4,1,True,False,MEDIUM,SEND_NUDGE,none,31.227,0
episode_02272,29900,BANK_OR_NETWORK,emandate,pending,1,1,198,0.333333,6,2,True,False,HIGH,WAIT_NATIVE_RETRY,none,20.907,1
episode_02273,149900,MANDATE_OR_AUTH_INVALID,card,pending,2,2,54,0.0,0,0,True,False,MEDIUM,REQUEST_CARD_UPDATE,none,56.623,0
episode_02274,29900,PAYMENT_METHOD_INVALID,netbanking,pending,1,1,321,1.0,1,1,True,True,HIGH,REQUEST_CARD_UPDATE,high,5.372,1
episode_02275,69900,PAYMENT_METHOD_INVALID,card,pending,1,3,49,0.25,4,0,True,False,MEDIUM,STOP_AND_ESCALATE,none,33.552,0
episode_02276,69900,BANK_OR_NETWORK,card,pending,2,3,101,0.0,1,1,True,False,MEDIUM,SEND_NUDGE,none,12.31,1
episode_02277,149900,MANDATE_OR_AUTH_INVALID,card,halted,2,1,172,0.0,1,0,False,False,HIGH,WAIT_NATIVE_RETRY,none,14.903,0
episode_02278,69900,BANK_OR_NETWORK,card,pending,1,1,201,0.4,5,1,True,False,HIGH,WAIT_NATIVE_RETRY,none,6.725,1
episode_02279,69900,BANK_OR_NETWORK,card,pending,4,1,433,0.5,2,2,True,False,HIGH,STOP_AND_ESCALATE,none,23.907,1
episode_02280,69900,PAYMENT_METHOD_INVALID,card,pending,3,1,103,0.75,4,1,True,False,HIGH,REQUEST_CARD_UPDATE,none,11.143,1
episode_02281,69900,TEMPORARY_FUNDS,card,pending,2,1,35,0.0,1,0,True,False,HIGH,REQUEST_CARD_UPDATE,none,100.831,0
episode_02282,69900,MANDATE_OR_AUTH_INVALID,emandate,pending,1,3,152,0.0,1,1,True,False,MEDIUM,STOP_AND_ESCALATE,none,59.15,0
episode_02283,69900,CUSTOMER_AUTH_FAILURE,card,pending,3,1,18,0.0,0,2,True,False,HIGH,WAIT_NATIVE_RETRY,none,26.186,1
episode_02284,29900,CUSTOMER_AUTH_FAILURE,card,pending,2,2,516,0.0,0,0,True,False,HIGH,STOP_AND_ESCALATE,none,65.003,0
episode_02285,69900,BANK_OR_NETWORK,card,pending,1,2,28,1.0,1,0,True,False,HIGH,SEND_NUDGE,none,68.82,0
episode_02286,149900,UNKNOWN,upi,pending,2,4,169,1.0,2,1,True,False,MEDIUM,WAIT_NATIVE_RETRY,none,47.236,1
episode_02287,29900,TEMPORARY_FUNDS,card,pending,3,1,98,0.5,2,0,True,False,HIGH,SEND_NUDGE,none,17.965,1
episode_02288,29900,TEMPORARY_FUNDS,emandate,pending,2,2,91,0.0,0,1,True,False,MEDIUM,STOP_AND_ESCALATE,none,23.554,1
episode_02289,29900,TEMPORARY_FUNDS,card,pending,1,1,196,0.666667,3,0,True,False,HIGH,STOP_AND_ESCALATE,none,8.068,0
episode_02290,29900,CUSTOMER_AUTH_FAILURE,upi,pending,1,3,63,0.5,2,0,True,False,MEDIUM,WAIT_NATIVE_RETRY,none,30.847,1
episode_02291,69900,TEMPORARY_FUNDS,emandate,halted,3,2,105,0.0,1,0,False,False,LOW,SEND_NUDGE,none,22.564,1
episode_02292,29900,UNKNOWN,emandate,pending,2,2,274,0.5,2,0,True,True,LOW,WAIT_NATIVE_RETRY,high,24.848,1
episode_02293,29900,MANDATE_OR_AUTH_INVALID,emandate,pending,1,2,41,0.0,1,0,True,False,MEDIUM,REQUEST_CARD_UPDATE,none,21.187,0
episode_02294,29900,PAYMENT_METHOD_INVALID,upi,halted,1,2,224,0.0,2,0,False,False,HIGH,REQUEST_CARD_UPDATE,none,17.567,1
episode_02295,69900,PAYMENT_METHOD_INVALID,card,pending,3,2,267,0.25,4,2,True,True,HIGH,STOP_AND_ESCALATE,high,8.786,0
episode_02296,29900,MANDATE_OR_AUTH_INVALID,emandate,pending,6,3,37,0.0,2,1,True,False,HIGH,SEND_NUDGE,none,13.797,0
episode_02297,29900,TEMPORARY_FUNDS,netbanking,pending,2,1,30,0.666667,3,1,True,False,HIGH,WAIT_NATIVE_RETRY,none,51.711,1
episode_02298,69900,UNKNOWN,upi,pending,3,2,200,0.0,1,1,True,False,LOW,SEND_NUDGE,none,71.658,0
episode_02299,149900,PAYMENT_METHOD_INVALID,card,pending,4,1,320,1.0,1,2,True,False,HIGH,WAIT_NATIVE_RETRY,none,75.718,1
episode_02300,29900,UNKNOWN,unknown,pending,2,3,289,0.333333,3,2,True,False,LOW,WAIT_NATIVE_RETRY,none,22.924,1
episode_02301,149900,BANK_OR_NETWORK,upi,pending,3,2,188,0.0,1,0,True,False,HIGH,WAIT_NATIVE_RETRY,none,51.634,1
episode_02302,29900,TEMPORARY_FUNDS,unknown,halted,2,4,268,0.0,1,1,False,False,LOW,SEND_NUDGE,none,19.785,0
episode_02303,29900,MANDATE_OR_AUTH_INVALID,unknown,pending,1,2,203,0.0,3,1,True,False,HIGH,SEND_NUDGE,none,13.679,0
episode_02304,69900,TEMPORARY_FUNDS,upi,pending,1,1,185,1.0,2,0,True,False,HIGH,STOP_AND_ESCALATE,none,24.893,1
episode_02305,29900,PAYMENT_METHOD_INVALID,card,pending,2,2,148,0.5,2,1,True,False,HIGH,STOP_AND_ESCALATE,none,9.601,0
episode_02306,149900,CUSTOMER_AUTH_FAILURE,card,pending,5,3,77,0.5,2,0,True,False,HIGH,WAIT_NATIVE_RETRY,none,8.195,1
episode_02307,69900,TEMPORARY_FUNDS,card,pending,5,1,105,0.0,3,1,True,False,HIGH,WAIT_NATIVE_RETRY,none,28.475,1
episode_02308,69900,PAYMENT_METHOD_INVALID,emandate,pending,2,2,585,0.0,2,0,True,False,MEDIUM,SEND_NUDGE,none,52.501,0
episode_02309,29900,TEMPORARY_FUNDS,card,halted,3,4,219,1.0,5,1,False,False,MEDIUM,STOP_AND_ESCALATE,none,27.869,0
episode_02310,69900,TEMPORARY_FUNDS,card,pending,1,1,32,0.0,2,1,True,False,MEDIUM,WAIT_NATIVE_RETRY,none,26.017,0
episode_02311,69900,UNKNOWN,netbanking,halted,2,1,548,0.0,0,0,False,False,LOW,REQUEST_CARD_UPDATE,none,35.728,0
episode_02312,69900,PAYMENT_METHOD_INVALID,card,pending,2,2,98,0.0,1,1,True,False,HIGH,SEND_NUDGE,none,11.485,0
episode_02313,69900,CUSTOMER_AUTH_FAILURE,card,pending,2,2,246,0.0,1,1,True,True,HIGH,STOP_AND_ESCALATE,medium,11.25,1
episode_02314,29900,TEMPORARY_FUNDS,upi,pending,2,1,343,1.0,2,1,True,False,LOW,STOP_AND_ESCALATE,none,87.507,1
episode_02315,149900,CUSTOMER_AUTH_FAILURE,card,pending,3,2,261,0.0,3,0,True,True,HIGH,REQUEST_CARD_UPDATE,medium,49.11,0
episode_02316,29900,CUSTOMER_AUTH_FAILURE,card,pending,2,2,71,0.25,4,0,True,False,HIGH,REQUEST_CARD_UPDATE,none,12.865,0
episode_02317,29900,TEMPORARY_FUNDS,upi,pending,2,1,166,0.0,0,0,True,False,HIGH,STOP_AND_ESCALATE,none,27.925,0
episode_02318,29900,CUSTOMER_AUTH_FAILURE,card,halted,1,1,147,0.0,0,0,False,False,HIGH,STOP_AND_ESCALATE,none,57.526,0
episode_02319,69900,PAYMENT_METHOD_INVALID,card,pending,4,1,265,0.5,2,3,True,False,HIGH,SEND_NUDGE,none,30.001,0
episode_02320,29900,TEMPORARY_FUNDS,card,pending,3,2,68,1.0,2,2,True,True,HIGH,WAIT_NATIVE_RETRY,high,85.102,1
episode_02321,149900,CUSTOMER_AUTH_FAILURE,upi,pending,2,2,199,1.0,1,0,True,False,LOW,STOP_AND_ESCALATE,none,77.393,0
episode_02322,29900,UNKNOWN,card,pending,3,4,70,0.666667,3,0,True,False,LOW,WAIT_NATIVE_RETRY,none,22.734,1
episode_02323,29900,PAYMENT_METHOD_INVALID,upi,halted,1,1,189,0.25,4,0,False,False,LOW,WAIT_NATIVE_RETRY,none,52.324,0
episode_02324,69900,CUSTOMER_AUTH_FAILURE,emandate,halted,1,2,375,0.333333,3,2,False,False,HIGH,STOP_AND_ESCALATE,none,20.097,0
episode_02325,29900,MANDATE_OR_AUTH_INVALID,card,halted,1,2,297,0.5,6,1,False,False,HIGH,REQUEST_CARD_UPDATE,none,23.817,0
episode_02326,29900,MANDATE_OR_AUTH_INVALID,card,pending,4,1,206,1.0,3,0,True,False,LOW,REQUEST_CARD_UPDATE,none,29.971,1
episode_02327,29900,CUSTOMER_AUTH_FAILURE,card,pending,1,2,55,1.0,1,2,True,False,HIGH,SEND_NUDGE,none,42.035,1
episode_02328,149900,BANK_OR_NETWORK,card,pending,5,1,295,0.0,3,0,True,False,MEDIUM,WAIT_NATIVE_RETRY,none,15.295,1
episode_02329,149900,TEMPORARY_FUNDS,card,pending,2,3,140,1.0,1,1,True,False,HIGH,SEND_NUDGE,none,69.146,1
episode_02330,69900,TEMPORARY_FUNDS,card,pending,1,1,150,1.0,3,0,True,False,MEDIUM,WAIT_NATIVE_RETRY,none,7.317,0
episode_02331,29900,UNKNOWN,emandate,halted,2,1,190,0.0,0,1,False,False,LOW,SEND_NUDGE,none,14.625,0
episode_02332,149900,PAYMENT_METHOD_INVALID,card,pending,2,2,206,0.333333,3,0,True,False,HIGH,STOP_AND_ESCALATE,none,33.087,0
episode_02333,149900,BANK_OR_NETWORK,card,halted,1,2,431,1.0,2,0,False,False,HIGH,STOP_AND_ESCALATE,none,5.605,1
episode_02334,149900,MANDATE_OR_AUTH_INVALID,upi,pending,2,3,50,1.0,1,0,True,True,HIGH,STOP_AND_ESCALATE,low,24.749,1
episode_02335,149900,PAYMENT_METHOD_INVALID,card,pending,2,2,69,0.0,1,1,True,False,HIGH,SEND_NUDGE,none,35.955,0
episode_02336,29900,CUSTOMER_AUTH_FAILURE,card,halted,1,1,28,1.0,4,0,False,False,MEDIUM,WAIT_NATIVE_RETRY,none,20.493,1
episode_02337,29900,TEMPORARY_FUNDS,card,pending,1,2,155,0.0,0,2,True,False,HIGH,STOP_AND_ESCALATE,none,78.007,0
episode_02338,69900,UNKNOWN,upi,pending,4,2,345,0.8,5,0,True,False,HIGH,REQUEST_CARD_UPDATE,none,18.797,1
episode_02339,29900,TEMPORARY_FUNDS,card,pending,2,2,175,0.0,2,2,True,False,MEDIUM,SEND_NUDGE,none,3.482,0
episode_02340,29900,UNKNOWN,card,pending,3,1,48,0.333333,3,2,True,False,MEDIUM,WAIT_NATIVE_RETRY,none,15.355,1
episode_02341,29900,BANK_OR_NETWORK,card,pending,5,3,148,0.0,2,1,True,True,HIGH,REQUEST_CARD_UPDATE,high,33.076,1
episode_02342,69900,TEMPORARY_FUNDS,card,pending,1,1,174,0.333333,3,0,True,False,MEDIUM,WAIT_NATIVE_RETRY,none,14.371,0
episode_02343,149900,TEMPORARY_FUNDS,card,pending,2,2,66,1.0,1,0,True,False,HIGH,REQUEST_CARD_UPDATE,none,59.902,1
episode_02344,29900,PAYMENT_METHOD_INVALID,netbanking,halted,1,1,279,0.5,2,0,False,False,LOW,REQUEST_CARD_UPDATE,none,60.102,1
episode_02345,69900,BANK_OR_NETWORK,card,pending,1,2,99,0.0,3,1,True,False,HIGH,STOP_AND_ESCALATE,none,23.795,0
episode_02346,149900,BANK_OR_NETWORK,card,pending,3,2,73,0.5,4,0,True,False,HIGH,REQUEST_CARD_UPDATE,none,11.82,1
episode_02347,29900,PAYMENT_METHOD_INVALID,card,pending,3,1,60,0.0,2,1,True,True,HIGH,WAIT_NATIVE_RETRY,medium,14.807,1
episode_02348,69900,TEMPORARY_FUNDS,netbanking,pending,2,2,286,0.0,3,0,True,False,HIGH,REQUEST_CARD_UPDATE,none,43.117,0
episode_02349,69900,PAYMENT_METHOD_INVALID,card,pending,3,2,139,0.5,2,0,True,False,MEDIUM,REQUEST_CARD_UPDATE,none,18.937,0
episode_02350,149900,TEMPORARY_FUNDS,card,pending,1,1,53,0.0,3,0,True,False,HIGH,SEND_NUDGE,none,48.15,0
episode_02351,69900,MANDATE_OR_AUTH_INVALID,card,pending,3,4,32,0.0,0,0,True,False,MEDIUM,STOP_AND_ESCALATE,none,40.193,0
episode_02352,29900,BANK_OR_NETWORK,netbanking,pending,1,1,91,0.5,2,0,True,False,HIGH,SEND_NUDGE,none,18.252,1
episode_02353,69900,BANK_OR_NETWORK,netbanking,pending,3,3,173,1.0,2,1,True,True,HIGH,REQUEST_CARD_UPDATE,low,0.924,0
episode_02354,29900,TEMPORARY_FUNDS,upi,pending,1,1,140,1.0,4,1,True,False,LOW,REQUEST_CARD_UPDATE,none,78.92,1
episode_02355,69900,BANK_OR_NETWORK,upi,pending,1,2,319,0.5,4,0,True,False,HIGH,WAIT_NATIVE_RETRY,none,50.656,0
episode_02356,69900,BANK_OR_NETWORK,upi,halted,1,2,212,0.75,4,1,False,False,LOW,WAIT_NATIVE_RETRY,none,28.152,1
episode_02357,69900,MANDATE_OR_AUTH_INVALID,emandate,pending,4,3,215,0.0,3,1,True,False,MEDIUM,WAIT_NATIVE_RETRY,none,27.29,1
episode_02358,29900,MANDATE_OR_AUTH_INVALID,card,pending,1,3,13,0.0,2,1,True,False,LOW,REQUEST_CARD_UPDATE,none,26.962,0
episode_02359,29900,MANDATE_OR_AUTH_INVALID,card,halted,1,2,296,0.0,2,2,False,False,HIGH,STOP_AND_ESCALATE,none,60.291,0
episode_02360,149900,TEMPORARY_FUNDS,emandate,pending,2,2,78,0.25,4,0,True,False,MEDIUM,REQUEST_CARD_UPDATE,none,53.174,1
episode_02361,29900,BANK_OR_NETWORK,emandate,pending,2,2,264,0.2,5,1,True,True,HIGH,WAIT_NATIVE_RETRY,low,41.563,1
episode_02362,149900,TEMPORARY_FUNDS,unknown,halted,2,2,45,0.0,1,3,False,False,MEDIUM,WAIT_NATIVE_RETRY,none,17.407,0
episode_02363,69900,TEMPORARY_FUNDS,card,pending,1,1,67,0.0,1,0,True,False,HIGH,REQUEST_CARD_UPDATE,none,22.477,1
episode_02364,69900,BANK_OR_NETWORK,card,pending,2,1,186,0.0,0,0,True,True,MEDIUM,REQUEST_CARD_UPDATE,high,29.982,0
episode_02365,69900,PAYMENT_METHOD_INVALID,card,pending,1,1,351,1.0,1,0,True,False,HIGH,REQUEST_CARD_UPDATE,none,62.305,1
episode_02366,29900,TEMPORARY_FUNDS,upi,halted,3,1,177,0.5,2,0,False,False,LOW,REQUEST_CARD_UPDATE,none,5.842,1
episode_02367,29900,MANDATE_OR_AUTH_INVALID,upi,pending,2,2,143,0.0,1,1,True,False,MEDIUM,STOP_AND_ESCALATE,none,31.088,0
episode_02368,69900,CUSTOMER_AUTH_FAILURE,card,pending,1,1,71,1.0,1,0,True,False,HIGH,REQUEST_CARD_UPDATE,none,1.282,1
episode_02369,149900,TEMPORARY_FUNDS,card,pending,1,2,514,0.25,4,1,True,False,HIGH,SEND_NUDGE,none,21.97,1
episode_02370,149900,CUSTOMER_AUTH_FAILURE,card,pending,3,1,145,0.5,2,1,True,False,MEDIUM,WAIT_NATIVE_RETRY,none,26.498,1
episode_02371,149900,MANDATE_OR_AUTH_INVALID,upi,halted,2,2,334,0.25,4,2,False,False,HIGH,REQUEST_CARD_UPDATE,none,56.742,0
episode_02372,69900,PAYMENT_METHOD_INVALID,emandate,pending,3,1,89,0.0,0,2,True,False,HIGH,REQUEST_CARD_UPDATE,none,33.661,0
episode_02373,69900,PAYMENT_METHOD_INVALID,upi,pending,1,3,80,0.333333,3,1,True,False,LOW,WAIT_NATIVE_RETRY,none,34.95,0
episode_02374,149900,TEMPORARY_FUNDS,upi,pending,2,4,105,0.0,1,0,True,False,HIGH,SEND_NUDGE,none,39.498,1
episode_02375,149900,BANK_OR_NETWORK,card,pending,1,1,147,0.0,0,0,True,False,HIGH,WAIT_NATIVE_RETRY,none,55.68,1
episode_02376,149900,CUSTOMER_AUTH_FAILURE,card,halted,2,4,19,0.0,1,0,False,False,MEDIUM,STOP_AND_ESCALATE,none,42.318,0
episode_02377,29900,TEMPORARY_FUNDS,card,pending,2,2,148,0.5,2,3,True,False,MEDIUM,REQUEST_CARD_UPDATE,none,10.131,1
episode_02378,69900,PAYMENT_METHOD_INVALID,upi,pending,2,3,655,0.0,0,0,True,False,HIGH,SEND_NUDGE,none,72.16,0
episode_02379,69900,PAYMENT_METHOD_INVALID,card,pending,2,2,86,0.5,4,0,True,True,HIGH,WAIT_NATIVE_RETRY,low,12.442,0
episode_02380,149900,PAYMENT_METHOD_INVALID,card,pending,1,1,29,0.666667,3,0,True,False,HIGH,WAIT_NATIVE_RETRY,none,55.903,1
episode_02381,149900,TEMPORARY_FUNDS,netbanking,pending,2,3,78,0.0,0,0,True,False,HIGH,WAIT_NATIVE_RETRY,none,11.082,1
episode_02382,29900,CUSTOMER_AUTH_FAILURE,upi,pending,1,6,284,0.5,2,1,True,True,MEDIUM,WAIT_NATIVE_RETRY,medium,25.157,1
episode_02383,69900,TEMPORARY_FUNDS,card,pending,2,1,268,1.0,1,1,True,False,HIGH,SEND_NUDGE,none,19.742,1
episode_02384,29900,PAYMENT_METHOD_INVALID,card,halted,3,4,143,0.666667,3,0,False,False,HIGH,STOP_AND_ESCALATE,none,97.79,0
episode_02385,69900,CUSTOMER_AUTH_FAILURE,card,pending,2,1,80,0.0,1,0,True,False,HIGH,SEND_NUDGE,none,50.11,1
episode_02386,149900,UNKNOWN,card,halted,1,1,69,0.166667,6,2,False,False,MEDIUM,WAIT_NATIVE_RETRY,none,49.509,1
episode_02387,69900,TEMPORARY_FUNDS,netbanking,pending,1,1,283,0.333333,3,0,True,False,HIGH,STOP_AND_ESCALATE,none,34.28,1
episode_02388,29900,PAYMENT_METHOD_INVALID,card,pending,2,1,294,1.0,2,0,True,False,HIGH,REQUEST_CARD_UPDATE,none,2.642,1
episode_02389,69900,CUSTOMER_AUTH_FAILURE,card,pending,2,1,114,0.0,0,1,True,False,HIGH,STOP_AND_ESCALATE,none,32.126,0
episode_02390,69900,PAYMENT_METHOD_INVALID,netbanking,halted,1,3,93,0.333333,3,2,False,False,MEDIUM,WAIT_NATIVE_RETRY,none,18.253,0
episode_02391,69900,UNKNOWN,card,pending,2,2,143,0.666667,3,2,True,False,LOW,STOP_AND_ESCALATE,none,12.816,0
episode_02392,69900,BANK_OR_NETWORK,upi,pending,1,1,229,1.0,4,1,True,False,HIGH,STOP_AND_ESCALATE,none,8.605,1
episode_02393,69900,MANDATE_OR_AUTH_INVALID,upi,pending,3,4,128,0.0,0,1,True,False,HIGH,WAIT_NATIVE_RETRY,none,35.015,1
episode_02394,149900,BANK_OR_NETWORK,emandate,pending,3,1,79,0.666667,3,0,True,False,HIGH,SEND_NUDGE,none,49.961,0
episode_02395,29900,PAYMENT_METHOD_INVALID,netbanking,pending,1,1,181,0.0,3,0,True,False,HIGH,SEND_NUDGE,none,25.451,0
episode_02396,149900,PAYMENT_METHOD_INVALID,emandate,pending,1,1,195,0.25,4,2,True,False,MEDIUM,REQUEST_CARD_UPDATE,none,44.682,0
episode_02397,149900,CUSTOMER_AUTH_FAILURE,card,halted,3,1,139,0.5,2,2,False,False,LOW,WAIT_NATIVE_RETRY,none,9.615,1
episode_02398,149900,TEMPORARY_FUNDS,upi,pending,2,1,346,0.0,2,0,True,False,MEDIUM,STOP_AND_ESCALATE,none,16.246,1
episode_02399,29900,TEMPORARY_FUNDS,upi,halted,1,2,229,0.0,2,1,False,False,HIGH,REQUEST_CARD_UPDATE,none,20.373,1
episode_02400,69900,BANK_OR_NETWORK,upi,pending,2,1,226,0.333333,3,2,True,False,HIGH,WAIT_NATIVE_RETRY,none,59.092,1
episode_02401,69900,MANDATE_OR_AUTH_INVALID,upi,pending,5,1,49,0.0,3,0,True,False,HIGH,SEND_NUDGE,none,23.134,0
episode_02402,29900,TEMPORARY_FUNDS,upi,pending,2,1,260,0.0,0,0,True,False,HIGH,WAIT_NATIVE_RETRY,none,51.099,1
episode_02403,29900,MANDATE_OR_AUTH_INVALID,upi,halted,1,1,188,0.333333,3,0,False,False,LOW,WAIT_NATIVE_RETRY,none,15.088,0
episode_02404,69900,BANK_OR_NETWORK,card,halted,1,1,256,0.5,2,1,False,False,MEDIUM,WAIT_NATIVE_RETRY,none,7.806,1
episode_02405,29900,TEMPORARY_FUNDS,emandate,pending,3,2,139,1.0,2,1,True,False,HIGH,WAIT_NATIVE_RETRY,none,9.308,1
episode_02406,149900,TEMPORARY_FUNDS,card,pending,2,1,92,0.666667,3,0,True,False,MEDIUM,WAIT_NATIVE_RETRY,none,25.847,1
episode_02407,69900,MANDATE_OR_AUTH_INVALID,emandate,pending,2,1,167,0.0,1,2,True,False,MEDIUM,WAIT_NATIVE_RETRY,none,11.906,0
episode_02408,69900,PAYMENT_METHOD_INVALID,card,pending,4,4,319,0.0,0,0,True,False,MEDIUM,REQUEST_CARD_UPDATE,none,32.057,1
episode_02409,149900,BANK_OR_NETWORK,upi,pending,4,3,60,0.0,1,3,True,False,HIGH,WAIT_NATIVE_RETRY,none,44.866,1
episode_02410,149900,UNKNOWN,upi,pending,2,2,201,0.0,1,0,True,False,LOW,STOP_AND_ESCALATE,none,53.238,0
episode_02411,29900,CUSTOMER_AUTH_FAILURE,card,pending,2,1,454,1.0,1,0,True,False,MEDIUM,REQUEST_CARD_UPDATE,none,3.885,0
episode_02412,29900,PAYMENT_METHOD_INVALID,card,pending,3,1,66,0.5,2,1,True,True,LOW,STOP_AND_ESCALATE,high,77.359,1
episode_02413,29900,BANK_OR_NETWORK,upi,pending,1,3,57,1.0,2,1,True,False,HIGH,REQUEST_CARD_UPDATE,none,17.085,0
episode_02414,69900,PAYMENT_METHOD_INVALID,card,pending,3,1,206,0.0,1,1,True,False,HIGH,SEND_NUDGE,none,59.443,0
episode_02415,29900,CUSTOMER_AUTH_FAILURE,upi,pending,2,2,89,0.0,2,0,True,False,HIGH,SEND_NUDGE,none,24.214,0
episode_02416,29900,CUSTOMER_AUTH_FAILURE,card,pending,2,1,141,1.0,1,0,True,False,HIGH,REQUEST_CARD_UPDATE,none,65.601,1
episode_02417,149900,TEMPORARY_FUNDS,card,pending,2,1,102,0.5,2,1,True,False,LOW,WAIT_NATIVE_RETRY,none,16.821,1
episode_02418,69900,PAYMENT_METHOD_INVALID,card,pending,2,3,131,0.0,0,0,True,False,HIGH,SEND_NUDGE,none,3.001,0
episode_02419,29900,CUSTOMER_AUTH_FAILURE,netbanking,pending,4,1,46,0.5,2,2,True,False,HIGH,REQUEST_CARD_UPDATE,none,35.806,0
episode_02420,29900,BANK_OR_NETWORK,upi,pending,3,3,168,0.5,2,0,True,False,HIGH,STOP_AND_ESCALATE,none,39.425,0
episode_02421,69900,BANK_OR_NETWORK,upi,pending,5,1,161,0.5,2,0,True,False,HIGH,SEND_NUDGE,none,25.486,0
episode_02422,29900,BANK_OR_NETWORK,upi,pending,3,3,70,1.0,1,0,True,True,HIGH,SEND_NUDGE,high,84.657,1
episode_02423,69900,MANDATE_OR_AUTH_INVALID,unknown,pending,2,2,537,1.0,4,3,True,False,LOW,WAIT_NATIVE_RETRY,none,2.721,1
episode_02424,69900,MANDATE_OR_AUTH_INVALID,netbanking,pending,2,2,81,1.0,2,3,True,True,MEDIUM,WAIT_NATIVE_RETRY,medium,20.828,1
episode_02425,69900,CUSTOMER_AUTH_FAILURE,upi,pending,2,2,110,0.5,2,0,True,False,HIGH,SEND_NUDGE,none,17.206,0
episode_02426,29900,PAYMENT_METHOD_INVALID,upi,halted,2,3,236,0.0,0,0,False,False,MEDIUM,WAIT_NATIVE_RETRY,none,12.322,0
episode_02427,29900,BANK_OR_NETWORK,netbanking,pending,1,1,364,0.0,3,2,True,True,HIGH,STOP_AND_ESCALATE,low,37.021,0
episode_02428,29900,MANDATE_OR_AUTH_INVALID,card,pending,1,2,349,0.0,1,0,True,False,HIGH,REQUEST_CARD_UPDATE,none,3.659,0
episode_02429,149900,PAYMENT_METHOD_INVALID,upi,pending,3,2,131,0.5,2,1,True,False,HIGH,REQUEST_CARD_UPDATE,none,9.516,1
episode_02430,69900,CUSTOMER_AUTH_FAILURE,card,pending,1,2,336,0.666667,3,0,True,True,MEDIUM,WAIT_NATIVE_RETRY,medium,18.097,1
episode_02431,149900,TEMPORARY_FUNDS,card,pending,2,1,136,0.0,1,0,True,False,HIGH,STOP_AND_ESCALATE,none,23.395,1
episode_02432,149900,UNKNOWN,card,pending,3,2,414,0.333333,3,2,True,False,LOW,SEND_NUDGE,none,36.985,1
episode_02433,29900,CUSTOMER_AUTH_FAILURE,card,pending,3,2,172,0.0,1,0,True,False,HIGH,WAIT_NATIVE_RETRY,none,12.276,0
episode_02434,149900,TEMPORARY_FUNDS,emandate,halted,2,1,134,0.0,1,2,False,False,MEDIUM,WAIT_NATIVE_RETRY,none,34.281,0
episode_02435,29900,BANK_OR_NETWORK,card,pending,3,3,637,0.571429,7,0,True,False,MEDIUM,STOP_AND_ESCALATE,none,35.362,1
episode_02436,149900,CUSTOMER_AUTH_FAILURE,card,pending,1,1,78,1.0,4,0,True,False,MEDIUM,REQUEST_CARD_UPDATE,none,40.284,1
episode_02437,69900,CUSTOMER_AUTH_FAILURE,card,halted,3,1,342,0.0,1,0,False,False,MEDIUM,WAIT_NATIVE_RETRY,none,12.703,0
episode_02438,69900,MANDATE_OR_AUTH_INVALID,upi,halted,3,1,364,0.0,1,1,False,False,MEDIUM,SEND_NUDGE,none,61.495,0
episode_02439,149900,MANDATE_OR_AUTH_INVALID,card,pending,1,2,177,1.0,3,0,True,False,MEDIUM,STOP_AND_ESCALATE,none,5.457,0
episode_02440,69900,BANK_OR_NETWORK,card,halted,1,1,347,0.5,2,0,False,True,HIGH,STOP_AND_ESCALATE,high,14.641,0
episode_02441,69900,CUSTOMER_AUTH_FAILURE,card,pending,2,3,303,0.0,1,1,True,False,HIGH,SEND_NUDGE,none,65.632,1
episode_02442,149900,BANK_OR_NETWORK,netbanking,pending,3,1,382,0.0,1,2,True,False,HIGH,WAIT_NATIVE_RETRY,none,13.614,1
episode_02443,149900,BANK_OR_NETWORK,unknown,pending,3,2,192,1.0,4,0,True,True,HIGH,SEND_NUDGE,medium,28.63,1
episode_02444,69900,BANK_OR_NETWORK,card,pending,2,4,137,0.0,1,1,True,False,HIGH,REQUEST_CARD_UPDATE,none,29.737,0
episode_02445,29900,TEMPORARY_FUNDS,card,halted,2,1,139,0.0,1,0,False,False,HIGH,WAIT_NATIVE_RETRY,none,52.753,0
episode_02446,69900,BANK_OR_NETWORK,card,pending,1,3,99,0.25,4,0,True,False,HIGH,STOP_AND_ESCALATE,none,24.317,0
episode_02447,29900,PAYMENT_METHOD_INVALID,card,pending,3,1,276,0.5,2,0,True,False,MEDIUM,WAIT_NATIVE_RETRY,none,58.144,0
episode_02448,29900,UNKNOWN,card,halted,2,1,271,0.0,1,0,False,False,LOW,WAIT_NATIVE_RETRY,none,6.313,0
episode_02449,29900,MANDATE_OR_AUTH_INVALID,upi,pending,3,2,54,1.0,2,0,True,False,LOW,STOP_AND_ESCALATE,none,25.987,0
episode_02450,69900,CUSTOMER_AUTH_FAILURE,card,pending,1,2,78,0.0,1,0,True,False,HIGH,SEND_NUDGE,none,36.433,0
episode_02451,69900,PAYMENT_METHOD_INVALID,upi,pending,3,1,106,1.0,1,1,True,False,HIGH,REQUEST_CARD_UPDATE,none,57.242,1
episode_02452,69900,PAYMENT_METHOD_INVALID,card,halted,3,1,152,0.0,2,2,False,False,HIGH,SEND_NUDGE,none,21.377,0
episode_02453,69900,BANK_OR_NETWORK,card,pending,5,1,135,0.5,2,0,True,False,MEDIUM,STOP_AND_ESCALATE,none,7.876,0
episode_02454,29900,CUSTOMER_AUTH_FAILURE,card,halted,3,2,72,0.333333,3,1,False,False,MEDIUM,WAIT_NATIVE_RETRY,none,22.314,0
episode_02455,29900,CUSTOMER_AUTH_FAILURE,upi,pending,5,1,237,0.0,2,1,True,False,HIGH,SEND_NUDGE,none,19.945,0
episode_02456,69900,MANDATE_OR_AUTH_INVALID,netbanking,pending,3,1,172,0.0,1,2,True,False,MEDIUM,STOP_AND_ESCALATE,none,37.527,0
episode_02457,149900,BANK_OR_NETWORK,card,pending,1,1,272,0.0,2,2,True,False,HIGH,SEND_NUDGE,none,20.126,0
episode_02458,29900,PAYMENT_METHOD_INVALID,card,pending,2,3,94,1.0,2,2,True,False,MEDIUM,WAIT_NATIVE_RETRY,none,70.852,0
episode_02459,149900,BANK_OR_NETWORK,card,pending,4,1,105,0.0,1,0,True,False,HIGH,SEND_NUDGE,none,47.671,1
episode_02460,69900,BANK_OR_NETWORK,upi,pending,3,2,57,0.5,2,0,True,False,MEDIUM,WAIT_NATIVE_RETRY,none,56.076,1
episode_02461,69900,PAYMENT_METHOD_INVALID,card,pending,2,2,215,0.5,2,0,True,False,HIGH,SEND_NUDGE,none,84.034,0
episode_02462,69900,PAYMENT_METHOD_INVALID,emandate,pending,1,1,105,1.0,1,0,True,False,MEDIUM,REQUEST_CARD_UPDATE,none,84.486,1
episode_02463,69900,CUSTOMER_AUTH_FAILURE,netbanking,pending,2,1,168,1.0,2,0,True,False,HIGH,WAIT_NATIVE_RETRY,none,45.443,1
episode_02464,149900,MANDATE_OR_AUTH_INVALID,card,pending,2,1,392,0.0,1,0,True,False,HIGH,WAIT_NATIVE_RETRY,none,21.353,0
episode_02465,149900,BANK_OR_NETWORK,upi,pending,1,1,112,0.25,4,0,True,False,HIGH,WAIT_NATIVE_RETRY,none,22.352,1
episode_02466,149900,PAYMENT_METHOD_INVALID,card,pending,2,1,78,0.0,0,0,True,False,HIGH,REQUEST_CARD_UPDATE,none,6.381,1
episode_02467,69900,BANK_OR_NETWORK,card,pending,1,2,148,1.0,3,1,True,False,HIGH,SEND_NUDGE,none,53.315,1
episode_02468,149900,BANK_OR_NETWORK,card,pending,3,1,215,0.0,5,1,True,True,HIGH,WAIT_NATIVE_RETRY,low,1.219,1
episode_02469,69900,TEMPORARY_FUNDS,emandate,pending,1,1,81,0.0,2,1,True,False,MEDIUM,WAIT_NATIVE_RETRY,none,16.093,0
episode_02470,29900,UNKNOWN,card,halted,3,3,369,0.0,4,1,False,False,LOW,REQUEST_CARD_UPDATE,none,32.486,0
episode_02471,69900,PAYMENT_METHOD_INVALID,upi,pending,1,3,367,0.0,0,1,True,False,MEDIUM,SEND_NUDGE,none,21.338,0
episode_02472,69900,CUSTOMER_AUTH_FAILURE,upi,pending,4,1,196,1.0,2,0,True,False,HIGH,WAIT_NATIVE_RETRY,none,44.28,1
episode_02473,29900,PAYMENT_METHOD_INVALID,card,pending,1,1,67,0.333333,3,1,True,False,HIGH,WAIT_NATIVE_RETRY,none,43.915,0
episode_02474,69900,BANK_OR_NETWORK,upi,pending,1,2,96,0.0,2,0,True,False,HIGH,WAIT_NATIVE_RETRY,none,25.806,1
episode_02475,69900,CUSTOMER_AUTH_FAILURE,netbanking,pending,2,2,113,0.0,2,1,True,False,MEDIUM,REQUEST_CARD_UPDATE,none,67.549,1
episode_02476,149900,CUSTOMER_AUTH_FAILURE,card,pending,1,3,226,0.333333,3,0,True,False,HIGH,SEND_NUDGE,none,21.587,1
episode_02477,29900,CUSTOMER_AUTH_FAILURE,upi,pending,2,2,278,0.25,4,0,True,False,HIGH,REQUEST_CARD_UPDATE,none,17.661,0
episode_02478,69900,MANDATE_OR_AUTH_INVALID,card,halted,2,1,155,0.0,2,0,False,True,HIGH,REQUEST_CARD_UPDATE,high,18.631,1
episode_02479,149900,CUSTOMER_AUTH_FAILURE,upi,pending,3,1,110,0.0,0,0,True,False,MEDIUM,STOP_AND_ESCALATE,none,14.701,0
episode_02480,29900,BANK_OR_NETWORK,card,pending,2,3,94,0.25,4,0,True,True,LOW,STOP_AND_ESCALATE,low,43.567,1
episode_02481,29900,PAYMENT_METHOD_INVALID,emandate,halted,3,1,104,0.0,2,0,False,False,MEDIUM,WAIT_NATIVE_RETRY,none,5.916,0
episode_02482,69900,TEMPORARY_FUNDS,card,pending,3,3,61,1.0,3,0,True,False,MEDIUM,SEND_NUDGE,none,34.006,1
episode_02483,29900,BANK_OR_NETWORK,card,pending,2,2,262,0.0,2,0,True,False,HIGH,WAIT_NATIVE_RETRY,none,22.429,1
episode_02484,69900,UNKNOWN,upi,pending,2,2,583,0.0,0,0,True,False,LOW,SEND_NUDGE,none,6.117,1
episode_02485,69900,BANK_OR_NETWORK,upi,pending,4,2,35,0.0,1,1,True,False,HIGH,WAIT_NATIVE_RETRY,none,97.091,1
episode_02486,149900,TEMPORARY_FUNDS,card,halted,1,1,46,0.0,1,0,False,False,HIGH,WAIT_NATIVE_RETRY,none,5.722,0
episode_02487,69900,TEMPORARY_FUNDS,upi,pending,1,2,268,0.0,2,1,True,False,HIGH,WAIT_NATIVE_RETRY,none,11.003,1
episode_02488,149900,CUSTOMER_AUTH_FAILURE,upi,halted,4,2,380,0.0,0,0,False,False,HIGH,REQUEST_CARD_UPDATE,none,31.659,0
episode_02489,69900,BANK_OR_NETWORK,card,pending,4,1,256,0.333333,3,2,True,False,MEDIUM,WAIT_NATIVE_RETRY,none,15.8,1
episode_02490,69900,TEMPORARY_FUNDS,upi,halted,3,2,174,0.142857,7,1,False,False,LOW,STOP_AND_ESCALATE,none,29.574,1
episode_02491,29900,CUSTOMER_AUTH_FAILURE,card,pending,4,1,445,0.0,3,0,True,False,MEDIUM,SEND_NUDGE,none,36.995,0
episode_02492,69900,TEMPORARY_FUNDS,card,pending,2,2,164,0.5,2,1,True,False,HIGH,WAIT_NATIVE_RETRY,none,4.814,1
episode_02493,29900,UNKNOWN,card,pending,1,1,145,0.0,2,1,True,False,MEDIUM,WAIT_NATIVE_RETRY,none,10.734,1
episode_02494,149900,TEMPORARY_FUNDS,unknown,pending,1,2,273,0.0,2,0,True,False,HIGH,WAIT_NATIVE_RETRY,none,51.705,1
episode_02495,29900,PAYMENT_METHOD_INVALID,netbanking,pending,3,1,227,0.5,2,2,True,False,HIGH,WAIT_NATIVE_RETRY,none,24.282,0
episode_02496,29900,TEMPORARY_FUNDS,upi,pending,2,1,27,0.4,5,1,True,False,MEDIUM,REQUEST_CARD_UPDATE,none,10.173,0
episode_02497,29900,TEMPORARY_FUNDS,card,pending,3,1,189,0.8,5,3,True,False,LOW,SEND_NUDGE,none,30.943,1
episode_02498,69900,CUSTOMER_AUTH_FAILURE,unknown,pending,1,1,215,0.0,1,2,True,False,HIGH,SEND_NUDGE,none,75.201,0
episode_02499,69900,CUSTOMER_AUTH_FAILURE,emandate,pending,3,1,166,0.0,1,0,True,False,MEDIUM,SEND_NUDGE,none,10.688,1
episode_02500,69900,TEMPORARY_FUNDS,emandate,pending,1,5,121,0.0,4,1,True,False,HIGH,WAIT_NATIVE_RETRY,none,135.784,0
episode_02501,29900,PAYMENT_METHOD_INVALID,card,pending,4,2,473,0.0,0,1,True,False,LOW,REQUEST_CARD_UPDATE,none,5.229,1
episode_02502,29900,TEMPORARY_FUNDS,card,halted,2,3,165,0.0,1,2,False,False,HIGH,SEND_NUDGE,none,24.094,1
episode_02503,69900,PAYMENT_METHOD_INVALID,card,halted,1,2,93,0.0,1,1,False,False,MEDIUM,WAIT_NATIVE_RETRY,none,20.765,0
episode_02504,149900,BANK_OR_NETWORK,card,pending,2,2,166,0.0,3,0,True,False,HIGH,REQUEST_CARD_UPDATE,none,40.807,1
episode_02505,149900,PAYMENT_METHOD_INVALID,emandate,pending,2,1,312,1.0,1,0,True,False,LOW,REQUEST_CARD_UPDATE,none,14.408,1
episode_02506,69900,BANK_OR_NETWORK,netbanking,pending,2,3,222,0.0,1,0,True,True,HIGH,SEND_NUDGE,medium,72.089,1
episode_02507,29900,TEMPORARY_FUNDS,upi,pending,2,1,436,1.0,2,0,True,False,HIGH,SEND_NUDGE,none,21.024,1
episode_02508,69900,TEMPORARY_FUNDS,upi,halted,1,2,44,0.0,1,0,False,False,HIGH,SEND_NUDGE,none,14.554,1
episode_02509,149900,CUSTOMER_AUTH_FAILURE,card,pending,1,1,141,0.25,4,0,True,False,LOW,SEND_NUDGE,none,11.097,1
episode_02510,69900,PAYMENT_METHOD_INVALID,card,pending,1,3,53,0.5,4,0,True,False,HIGH,REQUEST_CARD_UPDATE,none,44.015,1
episode_02511,69900,TEMPORARY_FUNDS,upi,pending,2,4,122,0.0,2,0,True,False,HIGH,WAIT_NATIVE_RETRY,none,109.102,1
episode_02512,29900,UNKNOWN,emandate,pending,5,2,68,0.333333,6,0,True,False,LOW,STOP_AND_ESCALATE,none,23.344,0
episode_02513,29900,TEMPORARY_FUNDS,unknown,pending,4,2,117,0.333333,3,0,True,False,HIGH,REQUEST_CARD_UPDATE,none,13.329,1
episode_02514,69900,MANDATE_OR_AUTH_INVALID,card,pending,1,1,200,0.0,1,0,True,False,HIGH,WAIT_NATIVE_RETRY,none,20.868,0
episode_02515,149900,TEMPORARY_FUNDS,upi,pending,1,1,55,0.0,2,3,True,False,MEDIUM,STOP_AND_ESCALATE,none,7.749,0
episode_02516,69900,BANK_OR_NETWORK,card,pending,1,2,236,0.0,1,0,True,False,MEDIUM,WAIT_NATIVE_RETRY,none,17.54,1
episode_02517,29900,CUSTOMER_AUTH_FAILURE,card,pending,1,5,351,0.0,0,2,True,False,HIGH,REQUEST_CARD_UPDATE,none,45.456,0
episode_02518,69900,BANK_OR_NETWORK,card,pending,2,2,265,0.5,2,1,True,False,HIGH,WAIT_NATIVE_RETRY,none,13.458,1
episode_02519,69900,MANDATE_OR_AUTH_INVALID,card,pending,3,2,288,0.0,4,0,True,False,MEDIUM,SEND_NUDGE,none,26.534,0
episode_02520,69900,TEMPORARY_FUNDS,netbanking,pending,2,2,259,0.0,1,0,True,False,MEDIUM,STOP_AND_ESCALATE,none,56.104,1
episode_02521,69900,PAYMENT_METHOD_INVALID,card,halted,1,4,79,1.0,1,0,False,False,LOW,STOP_AND_ESCALATE,none,17.449,1
episode_02522,69900,PAYMENT_METHOD_INVALID,card,pending,3,2,113,1.0,1,0,True,False,HIGH,WAIT_NATIVE_RETRY,none,109.35,0
episode_02523,69900,CUSTOMER_AUTH_FAILURE,card,halted,2,2,193,0.0,1,0,False,False,MEDIUM,STOP_AND_ESCALATE,none,18.772,0
episode_02524,29900,TEMPORARY_FUNDS,card,pending,2,1,253,0.0,0,1,True,False,HIGH,REQUEST_CARD_UPDATE,none,32.727,0
episode_02525,29900,MANDATE_OR_AUTH_INVALID,card,pending,2,2,87,0.5,2,1,True,False,HIGH,WAIT_NATIVE_RETRY,none,24.226,0
episode_02526,69900,CUSTOMER_AUTH_FAILURE,netbanking,pending,1,1,151,0.333333,3,0,True,False,MEDIUM,WAIT_NATIVE_RETRY,none,36.048,0
episode_02527,29900,CUSTOMER_AUTH_FAILURE,upi,pending,4,2,244,0.666667,3,1,True,False,HIGH,REQUEST_CARD_UPDATE,none,31.981,0
episode_02528,29900,CUSTOMER_AUTH_FAILURE,card,halted,2,2,62,0.0,1,0,False,False,LOW,WAIT_NATIVE_RETRY,none,46.506,1
episode_02529,149900,PAYMENT_METHOD_INVALID,netbanking,halted,1,2,704,1.0,2,1,False,False,HIGH,WAIT_NATIVE_RETRY,none,4.114,0
episode_02530,29900,TEMPORARY_FUNDS,emandate,pending,2,3,520,1.0,1,1,True,False,HIGH,STOP_AND_ESCALATE,none,68.931,1
episode_02531,69900,TEMPORARY_FUNDS,emandate,pending,2,1,113,0.75,4,1,True,False,HIGH,STOP_AND_ESCALATE,none,19.436,0
episode_02532,149900,MANDATE_OR_AUTH_INVALID,card,halted,2,2,505,0.0,2,0,False,False,HIGH,REQUEST_CARD_UPDATE,none,35.914,0
episode_02533,69900,PAYMENT_METHOD_INVALID,card,halted,1,1,60,0.333333,3,1,False,False,HIGH,WAIT_NATIVE_RETRY,none,17.933,0
episode_02534,149900,BANK_OR_NETWORK,card,pending,2,1,106,0.0,0,3,True,False,HIGH,WAIT_NATIVE_RETRY,none,40.431,1
episode_02535,29900,BANK_OR_NETWORK,card,pending,2,1,438,0.333333,3,0,True,False,MEDIUM,REQUEST_CARD_UPDATE,none,17.946,0
episode_02536,149900,TEMPORARY_FUNDS,unknown,pending,2,1,137,1.0,1,0,True,False,HIGH,WAIT_NATIVE_RETRY,none,12.984,1
episode_02537,69900,TEMPORARY_FUNDS,emandate,halted,3,2,68,0.0,3,0,False,False,HIGH,REQUEST_CARD_UPDATE,none,21.089,1
episode_02538,29900,UNKNOWN,card,pending,3,1,301,0.0,2,0,True,True,LOW,STOP_AND_ESCALATE,low,29.346,1
episode_02539,69900,PAYMENT_METHOD_INVALID,emandate,pending,2,2,661,0.5,2,2,True,False,HIGH,WAIT_NATIVE_RETRY,none,19.019,0
episode_02540,69900,PAYMENT_METHOD_INVALID,card,pending,3,1,99,0.0,3,2,True,False,LOW,WAIT_NATIVE_RETRY,none,12.356,1
episode_02541,29900,TEMPORARY_FUNDS,card,pending,3,1,345,0.0,3,0,True,False,MEDIUM,REQUEST_CARD_UPDATE,none,36.131,0
episode_02542,69900,BANK_OR_NETWORK,emandate,halted,1,2,130,0.0,2,3,False,False,HIGH,WAIT_NATIVE_RETRY,none,20.277,0
episode_02543,149900,TEMPORARY_FUNDS,card,pending,1,2,359,0.25,4,0,True,False,MEDIUM,STOP_AND_ESCALATE,none,25.907,1
episode_02544,149900,MANDATE_OR_AUTH_INVALID,netbanking,pending,3,2,103,0.6,5,0,True,False,HIGH,STOP_AND_ESCALATE,none,7.807,0
episode_02545,29900,UNKNOWN,upi,pending,2,2,102,0.0,1,0,True,False,LOW,WAIT_NATIVE_RETRY,none,21.061,1
episode_02546,29900,MANDATE_OR_AUTH_INVALID,card,pending,1,1,38,0.0,0,2,True,False,MEDIUM,WAIT_NATIVE_RETRY,none,20.521,0
episode_02547,149900,CUSTOMER_AUTH_FAILURE,emandate,pending,1,1,163,0.0,1,3,True,False,HIGH,SEND_NUDGE,none,83.038,0
episode_02548,69900,CUSTOMER_AUTH_FAILURE,upi,pending,1,2,194,0.0,3,0,True,False,HIGH,STOP_AND_ESCALATE,none,25.944,0
episode_02549,29900,BANK_OR_NETWORK,netbanking,pending,2,2,227,1.0,2,0,True,False,HIGH,SEND_NUDGE,none,55.192,1
episode_02550,69900,PAYMENT_METHOD_INVALID,emandate,pending,1,3,174,0.5,4,0,True,False,HIGH,REQUEST_CARD_UPDATE,none,3.098,1
episode_02551,29900,UNKNOWN,card,pending,1,2,204,0.0,0,1,True,False,LOW,REQUEST_CARD_UPDATE,none,21.605,0
episode_02552,69900,UNKNOWN,card,pending,1,1,232,0.0,1,0,True,False,LOW,REQUEST_CARD_UPDATE,none,18.83,0
episode_02553,69900,BANK_OR_NETWORK,card,halted,2,1,103,0.0,0,1,False,False,HIGH,SEND_NUDGE,none,30.401,0
episode_02554,149900,BANK_OR_NETWORK,card,halted,2,3,34,0.0,0,0,False,False,HIGH,STOP_AND_ESCALATE,none,13.785,0
episode_02555,69900,UNKNOWN,netbanking,pending,3,2,247,0.5,4,0,True,False,LOW,SEND_NUDGE,none,14.48,1
episode_02556,149900,PAYMENT_METHOD_INVALID,card,pending,4,3,589,1.0,2,3,True,False,MEDIUM,SEND_NUDGE,none,7.778,1
episode_02557,69900,TEMPORARY_FUNDS,card,pending,2,3,436,0.0,0,3,True,False,HIGH,SEND_NUDGE,none,26.093,0
episode_02558,149900,BANK_OR_NETWORK,unknown,pending,1,1,164,0.0,2,0,True,False,LOW,WAIT_NATIVE_RETRY,none,7.591,1
episode_02559,149900,MANDATE_OR_AUTH_INVALID,unknown,halted,1,1,219,0.0,2,0,False,False,HIGH,WAIT_NATIVE_RETRY,none,37.852,0
episode_02560,29900,CUSTOMER_AUTH_FAILURE,card,pending,1,2,175,0.0,1,0,True,False,HIGH,WAIT_NATIVE_RETRY,none,13.435,0
episode_02561,69900,UNKNOWN,card,pending,2,2,144,0.333333,3,2,True,False,LOW,WAIT_NATIVE_RETRY,none,25.746,1
episode_02562,69900,UNKNOWN,card,pending,2,1,236,0.0,2,3,True,False,LOW,SEND_NUDGE,none,43.389,0
episode_02563,69900,TEMPORARY_FUNDS,emandate,pending,2,1,154,0.0,1,0,True,False,HIGH,WAIT_NATIVE_RETRY,none,27.207,1
episode_02564,69900,BANK_OR_NETWORK,emandate,halted,2,3,261,0.5,2,0,False,True,HIGH,REQUEST_CARD_UPDATE,medium,36.061,0
episode_02565,69900,TEMPORARY_FUNDS,card,halted,4,2,216,0.0,0,0,False,True,HIGH,WAIT_NATIVE_RETRY,low,31.541,1
episode_02566,29900,CUSTOMER_AUTH_FAILURE,card,pending,3,1,42,0.0,2,0,True,False,MEDIUM,WAIT_NATIVE_RETRY,none,24.027,1
episode_02567,69900,PAYMENT_METHOD_INVALID,upi,halted,2,1,364,0.5,2,1,False,False,HIGH,WAIT_NATIVE_RETRY,none,46.996,0
episode_02568,29900,UNKNOWN,card,halted,3,1,248,0.333333,3,0,False,False,HIGH,WAIT_NATIVE_RETRY,none,19.036,0
episode_02569,69900,TEMPORARY_FUNDS,emandate,pending,2,1,110,0.0,2,1,True,False,MEDIUM,STOP_AND_ESCALATE,none,18.824,1
episode_02570,69900,PAYMENT_METHOD_INVALID,emandate,pending,4,1,117,1.0,1,1,True,False,MEDIUM,WAIT_NATIVE_RETRY,none,11.205,1
episode_02571,69900,PAYMENT_METHOD_INVALID,card,pending,2,4,83,0.0,1,0,True,False,HIGH,WAIT_NATIVE_RETRY,none,18.764,0
episode_02572,29900,BANK_OR_NETWORK,card,pending,2,2,133,1.0,1,0,True,False,HIGH,SEND_NUDGE,none,17.974,0
episode_02573,69900,UNKNOWN,card,pending,1,2,412,1.0,1,1,True,False,LOW,WAIT_NATIVE_RETRY,none,42.525,0
episode_02574,29900,TEMPORARY_FUNDS,card,pending,1,1,253,1.0,2,0,True,False,MEDIUM,REQUEST_CARD_UPDATE,none,1.96,0
episode_02575,29900,BANK_OR_NETWORK,card,pending,2,4,279,0.0,0,0,True,False,MEDIUM,WAIT_NATIVE_RETRY,none,57.785,0
episode_02576,29900,PAYMENT_METHOD_INVALID,card,pending,2,1,203,1.0,2,0,True,False,MEDIUM,WAIT_NATIVE_RETRY,none,71.481,1
episode_02577,29900,MANDATE_OR_AUTH_INVALID,card,halted,2,1,14,0.75,4,1,False,False,LOW,WAIT_NATIVE_RETRY,none,30.618,0
episode_02578,69900,UNKNOWN,emandate,pending,3,2,139,0.0,2,2,True,False,LOW,REQUEST_CARD_UPDATE,none,1.215,0
episode_02579,29900,TEMPORARY_FUNDS,emandate,pending,4,2,249,0.0,1,2,True,False,HIGH,REQUEST_CARD_UPDATE,none,30.479,0
episode_02580,29900,TEMPORARY_FUNDS,card,pending,3,1,275,1.0,1,0,True,False,HIGH,SEND_NUDGE,none,37.567,1
episode_02581,29900,TEMPORARY_FUNDS,card,pending,2,1,655,0.5,4,1,True,False,MEDIUM,SEND_NUDGE,none,43.052,0
episode_02582,69900,BANK_OR_NETWORK,card,pending,2,1,531,0.5,2,1,True,False,HIGH,SEND_NUDGE,none,50.88,0
episode_02583,149900,BANK_OR_NETWORK,card,halted,3,3,30,0.8,5,0,False,False,HIGH,REQUEST_CARD_UPDATE,none,45.638,0
episode_02584,29900,MANDATE_OR_AUTH_INVALID,card,halted,2,1,113,1.0,2,0,False,False,HIGH,STOP_AND_ESCALATE,none,41.411,1
episode_02585,69900,TEMPORARY_FUNDS,upi,halted,3,2,100,0.5,2,1,False,False,LOW,REQUEST_CARD_UPDATE,none,27.888,1
episode_02586,69900,TEMPORARY_FUNDS,card,pending,3,2,396,0.666667,3,2,True,False,HIGH,WAIT_NATIVE_RETRY,none,64.999,1
episode_02587,29900,MANDATE_OR_AUTH_INVALID,card,halted,8,2,173,0.5,2,2,False,False,HIGH,SEND_NUDGE,none,55.15,0
episode_02588,29900,CUSTOMER_AUTH_FAILURE,card,pending,2,1,250,0.0,0,2,True,False,LOW,WAIT_NATIVE_RETRY,none,10.938,0
episode_02589,29900,MANDATE_OR_AUTH_INVALID,upi,pending,2,3,81,0.0,1,1,True,False,HIGH,SEND_NUDGE,none,36.19,1
episode_02590,149900,MANDATE_OR_AUTH_INVALID,card,pending,2,2,320,0.0,4,0,True,False,MEDIUM,STOP_AND_ESCALATE,none,28.252,1
episode_02591,69900,TEMPORARY_FUNDS,card,halted,4,3,65,1.0,2,1,False,False,HIGH,REQUEST_CARD_UPDATE,none,8.976,0
episode_02592,69900,BANK_OR_NETWORK,card,pending,1,1,359,0.0,0,0,True,True,HIGH,REQUEST_CARD_UPDATE,high,6.326,1
episode_02593,29900,UNKNOWN,card,pending,4,1,149,0.0,2,2,True,False,MEDIUM,WAIT_NATIVE_RETRY,none,24.571,0
episode_02594,149900,TEMPORARY_FUNDS,unknown,pending,2,1,287,1.0,1,1,True,False,HIGH,WAIT_NATIVE_RETRY,none,18.528,0
episode_02595,69900,CUSTOMER_AUTH_FAILURE,emandate,pending,4,1,445,0.0,0,0,True,False,HIGH,REQUEST_CARD_UPDATE,none,49.836,0
episode_02596,149900,CUSTOMER_AUTH_FAILURE,card,pending,5,1,266,0.333333,3,0,True,False,LOW,SEND_NUDGE,none,48.42,0
episode_02597,29900,TEMPORARY_FUNDS,upi,pending,1,3,452,1.0,3,1,True,False,MEDIUM,REQUEST_CARD_UPDATE,none,10.379,1
episode_02598,149900,TEMPORARY_FUNDS,upi,pending,3,1,82,0.5,2,0,True,False,HIGH,REQUEST_CARD_UPDATE,none,74.896,0
episode_02599,149900,BANK_OR_NETWORK,netbanking,pending,1,1,112,0.333333,3,0,True,False,HIGH,STOP_AND_ESCALATE,none,55.07,0
episode_02600,69900,PAYMENT_METHOD_INVALID,card,pending,2,2,169,1.0,1,3,True,True,HIGH,SEND_NUDGE,high,46.599,0
episode_02601,29900,CUSTOMER_AUTH_FAILURE,card,pending,2,1,268,0.666667,3,0,True,False,HIGH,WAIT_NATIVE_RETRY,none,76.074,1
episode_02602,149900,UNKNOWN,card,pending,1,1,103,0.0,0,1,True,False,LOW,SEND_NUDGE,none,4.99,0
episode_02603,29900,BANK_OR_NETWORK,upi,pending,1,3,100,0.5,2,1,True,False,HIGH,WAIT_NATIVE_RETRY,none,12.012,0
episode_02604,29900,CUSTOMER_AUTH_FAILURE,card,pending,2,1,151,1.0,4,0,True,False,MEDIUM,SEND_NUDGE,none,32.198,1
episode_02605,29900,TEMPORARY_FUNDS,card,pending,4,2,656,1.0,1,0,True,False,HIGH,STOP_AND_ESCALATE,none,19.218,1
episode_02606,29900,TEMPORARY_FUNDS,emandate,pending,3,1,88,1.0,1,0,True,False,HIGH,WAIT_NATIVE_RETRY,none,46.353,1
episode_02607,29900,PAYMENT_METHOD_INVALID,upi,halted,1,2,371,0.0,0,1,False,False,HIGH,WAIT_NATIVE_RETRY,none,24.426,0
episode_02608,29900,CUSTOMER_AUTH_FAILURE,netbanking,pending,3,1,111,0.0,1,1,True,False,HIGH,SEND_NUDGE,none,10.798,0
episode_02609,149900,MANDATE_OR_AUTH_INVALID,upi,pending,2,1,58,1.0,5,1,True,False,HIGH,STOP_AND_ESCALATE,none,19.158,0
episode_02610,69900,MANDATE_OR_AUTH_INVALID,upi,pending,1,1,213,0.0,0,3,True,True,MEDIUM,WAIT_NATIVE_RETRY,high,0.932,1
episode_02611,149900,TEMPORARY_FUNDS,card,pending,2,1,152,0.0,3,0,True,True,LOW,WAIT_NATIVE_RETRY,high,22.117,1
episode_02612,69900,CUSTOMER_AUTH_FAILURE,card,pending,2,2,84,1.0,1,0,True,False,MEDIUM,SEND_NUDGE,none,58.952,0
episode_02613,149900,TEMPORARY_FUNDS,emandate,pending,2,1,49,0.0,1,0,True,False,MEDIUM,STOP_AND_ESCALATE,none,18.648,0
episode_02614,149900,UNKNOWN,card,halted,3,1,149,0.333333,3,1,False,False,MEDIUM,REQUEST_CARD_UPDATE,none,32.083,0
episode_02615,29900,MANDATE_OR_AUTH_INVALID,netbanking,pending,2,1,323,1.0,2,1,True,False,HIGH,STOP_AND_ESCALATE,none,23.695,0
episode_02616,69900,CUSTOMER_AUTH_FAILURE,upi,halted,3,1,91,0.0,1,0,False,False,MEDIUM,REQUEST_CARD_UPDATE,none,26.516,0
episode_02617,69900,BANK_OR_NETWORK,upi,pending,4,2,208,0.0,2,3,True,False,MEDIUM,WAIT_NATIVE_RETRY,none,17.833,1
episode_02618,29900,BANK_OR_NETWORK,upi,pending,2,1,101,0.333333,3,1,True,False,LOW,WAIT_NATIVE_RETRY,none,19.171,1
episode_02619,149900,BANK_OR_NETWORK,card,pending,3,1,435,0.333333,3,1,True,False,LOW,WAIT_NATIVE_RETRY,none,46.42,1
episode_02620,29900,UNKNOWN,netbanking,pending,1,1,52,1.0,1,1,True,False,MEDIUM,STOP_AND_ESCALATE,none,11.396,0
episode_02621,29900,BANK_OR_NETWORK,upi,pending,4,1,124,0.5,2,3,True,False,LOW,WAIT_NATIVE_RETRY,none,59.928,1
episode_02622,69900,MANDATE_OR_AUTH_INVALID,netbanking,pending,3,3,205,0.0,0,0,True,False,HIGH,REQUEST_CARD_UPDATE,none,38.677,0
episode_02623,149900,BANK_OR_NETWORK,card,pending,1,1,274,0.0,1,0,True,False,HIGH,SEND_NUDGE,none,29.059,0
episode_02624,69900,TEMPORARY_FUNDS,card,halted,1,2,89,1.0,4,0,False,False,MEDIUM,WAIT_NATIVE_RETRY,none,26.77,1
episode_02625,69900,PAYMENT_METHOD_INVALID,netbanking,pending,3,3,130,0.0,4,0,True,False,HIGH,STOP_AND_ESCALATE,none,10.861,0
episode_02626,69900,UNKNOWN,upi,halted,4,2,88,0.25,4,2,False,False,LOW,STOP_AND_ESCALATE,none,40.879,0
episode_02627,29900,CUSTOMER_AUTH_FAILURE,upi,pending,1,1,282,1.0,2,0,True,False,MEDIUM,SEND_NUDGE,none,19.317,1
episode_02628,29900,BANK_OR_NETWORK,upi,pending,2,1,70,0.333333,3,0,True,False,HIGH,SEND_NUDGE,none,9.236,0
episode_02629,149900,TEMPORARY_FUNDS,upi,pending,2,3,84,0.666667,3,0,True,False,HIGH,REQUEST_CARD_UPDATE,none,66.613,1
episode_02630,69900,TEMPORARY_FUNDS,netbanking,pending,1,4,82,1.0,3,0,True,False,MEDIUM,STOP_AND_ESCALATE,none,5.51,1
episode_02631,29900,BANK_OR_NETWORK,card,pending,1,2,79,0.166667,6,1,True,False,HIGH,SEND_NUDGE,none,34.11,0
episode_02632,29900,TEMPORARY_FUNDS,emandate,pending,4,2,148,0.0,4,0,True,False,MEDIUM,STOP_AND_ESCALATE,none,17.533,1
episode_02633,69900,CUSTOMER_AUTH_FAILURE,card,pending,1,1,169,0.0,2,2,True,False,MEDIUM,WAIT_NATIVE_RETRY,none,121.033,0
episode_02634,29900,UNKNOWN,card,pending,1,3,130,0.75,4,0,True,True,LOW,SEND_NUDGE,low,27.937,0
episode_02635,149900,PAYMENT_METHOD_INVALID,card,pending,3,1,122,0.5,2,0,True,False,MEDIUM,SEND_NUDGE,none,8.929,0
episode_02636,69900,BANK_OR_NETWORK,upi,pending,4,3,134,0.75,4,1,True,False,LOW,SEND_NUDGE,none,10.132,0
episode_02637,29900,BANK_OR_NETWORK,card,pending,2,4,110,0.571429,7,0,True,False,HIGH,REQUEST_CARD_UPDATE,none,15.899,0
episode_02638,69900,TEMPORARY_FUNDS,emandate,halted,2,1,123,0.5,2,0,False,False,HIGH,WAIT_NATIVE_RETRY,none,24.316,1
episode_02639,29900,TEMPORARY_FUNDS,emandate,pending,1,3,106,0.666667,3,1,True,False,HIGH,SEND_NUDGE,none,7.746,1
episode_02640,29900,MANDATE_OR_AUTH_INVALID,emandate,pending,2,4,359,0.5,4,1,True,False,MEDIUM,SEND_NUDGE,none,9.749,0
episode_02641,149900,CUSTOMER_AUTH_FAILURE,card,pending,2,2,157,0.0,2,1,True,False,LOW,SEND_NUDGE,none,4.654,0
episode_02642,69900,TEMPORARY_FUNDS,card,pending,1,1,81,0.2,5,1,True,False,HIGH,WAIT_NATIVE_RETRY,none,65.105,1
episode_02643,29900,PAYMENT_METHOD_INVALID,card,pending,3,4,150,0.0,4,0,True,False,HIGH,SEND_NUDGE,none,21.583,1
episode_02644,69900,BANK_OR_NETWORK,emandate,halted,1,2,158,1.0,2,1,False,False,MEDIUM,WAIT_NATIVE_RETRY,none,34.144,1
episode_02645,149900,BANK_OR_NETWORK,netbanking,halted,4,2,172,0.0,2,0,False,False,HIGH,REQUEST_CARD_UPDATE,none,72.17,0
episode_02646,29900,PAYMENT_METHOD_INVALID,card,pending,3,3,287,0.333333,3,0,True,False,HIGH,WAIT_NATIVE_RETRY,none,21.247,0
episode_02647,29900,MANDATE_OR_AUTH_INVALID,card,pending,1,3,32,0.5,2,1,True,False,HIGH,STOP_AND_ESCALATE,none,54.726,0
episode_02648,69900,BANK_OR_NETWORK,upi,pending,2,2,66,0.0,0,0,True,False,HIGH,WAIT_NATIVE_RETRY,none,36.364,1
episode_02649,149900,BANK_OR_NETWORK,card,pending,3,3,141,0.0,2,0,True,True,HIGH,WAIT_NATIVE_RETRY,medium,41.122,1
episode_02650,149900,PAYMENT_METHOD_INVALID,netbanking,halted,2,4,212,0.666667,3,0,False,False,HIGH,REQUEST_CARD_UPDATE,none,4.895,1
episode_02651,149900,TEMPORARY_FUNDS,card,pending,2,1,49,0.333333,3,1,True,False,HIGH,STOP_AND_ESCALATE,none,63.062,0
episode_02652,69900,BANK_OR_NETWORK,unknown,halted,2,3,121,1.0,1,2,False,False,HIGH,SEND_NUDGE,none,55.118,1
episode_02653,29900,TEMPORARY_FUNDS,card,pending,2,3,178,0.5,2,0,True,False,HIGH,WAIT_NATIVE_RETRY,none,69.981,1
episode_02654,69900,CUSTOMER_AUTH_FAILURE,upi,pending,5,2,135,0.5,2,1,True,False,HIGH,STOP_AND_ESCALATE,none,6.284,0
episode_02655,69900,UNKNOWN,emandate,halted,3,1,191,1.0,2,1,False,False,MEDIUM,REQUEST_CARD_UPDATE,none,10.626,1
episode_02656,69900,CUSTOMER_AUTH_FAILURE,card,pending,3,4,406,1.0,1,0,True,False,MEDIUM,REQUEST_CARD_UPDATE,none,17.835,0
episode_02657,69900,TEMPORARY_FUNDS,card,pending,3,2,28,0.0,0,0,True,False,HIGH,STOP_AND_ESCALATE,none,51.776,0
episode_02658,29900,CUSTOMER_AUTH_FAILURE,upi,pending,2,3,613,1.0,2,0,True,False,MEDIUM,SEND_NUDGE,none,80.347,1
episode_02659,69900,TEMPORARY_FUNDS,card,pending,4,1,300,0.0,4,0,True,False,LOW,STOP_AND_ESCALATE,none,33.528,0
episode_02660,69900,MANDATE_OR_AUTH_INVALID,emandate,pending,2,1,262,0.333333,3,0,True,False,HIGH,SEND_NUDGE,none,8.032,0
episode_02661,149900,UNKNOWN,card,halted,1,2,271,0.0,1,0,False,False,LOW,STOP_AND_ESCALATE,none,4.181,0
episode_02662,29900,MANDATE_OR_AUTH_INVALID,upi,pending,3,1,194,1.0,2,1,True,True,HIGH,WAIT_NATIVE_RETRY,medium,15.834,0
episode_02663,29900,BANK_OR_NETWORK,card,pending,2,1,227,0.0,2,1,True,False,MEDIUM,SEND_NUDGE,none,25.335,0
episode_02664,149900,UNKNOWN,card,pending,1,2,90,1.0,3,1,True,False,MEDIUM,REQUEST_CARD_UPDATE,none,27.752,0
episode_02665,29900,UNKNOWN,netbanking,halted,1,3,74,0.0,0,0,False,False,MEDIUM,WAIT_NATIVE_RETRY,none,75.905,0
episode_02666,69900,TEMPORARY_FUNDS,upi,pending,2,1,183,0.0,1,0,True,False,MEDIUM,STOP_AND_ESCALATE,none,53.336,0
episode_02667,149900,TEMPORARY_FUNDS,card,halted,3,4,301,0.0,1,0,False,False,LOW,WAIT_NATIVE_RETRY,none,98.683,1
episode_02668,29900,PAYMENT_METHOD_INVALID,emandate,pending,2,1,72,1.0,1,0,True,False,HIGH,WAIT_NATIVE_RETRY,none,13.647,1
episode_02669,69900,BANK_OR_NETWORK,card,pending,3,1,32,0.0,0,0,True,True,HIGH,REQUEST_CARD_UPDATE,low,42.893,0
episode_02670,29900,BANK_OR_NETWORK,card,pending,3,1,176,0.5,2,1,True,False,HIGH,WAIT_NATIVE_RETRY,none,7.519,1
episode_02671,149900,TEMPORARY_FUNDS,netbanking,pending,4,2,257,0.0,0,1,True,False,HIGH,REQUEST_CARD_UPDATE,none,43.646,1
episode_02672,149900,BANK_OR_NETWORK,upi,pending,4,2,201,0.0,3,1,True,False,MEDIUM,WAIT_NATIVE_RETRY,none,34.249,0
episode_02673,69900,PAYMENT_METHOD_INVALID,upi,pending,4,2,58,0.5,2,0,True,False,HIGH,STOP_AND_ESCALATE,none,26.955,1
episode_02674,29900,UNKNOWN,card,pending,1,1,114,0.5,2,0,True,False,HIGH,WAIT_NATIVE_RETRY,none,24.131,1
episode_02675,69900,UNKNOWN,card,pending,2,1,272,1.0,2,0,True,False,HIGH,STOP_AND_ESCALATE,none,18.367,1
episode_02676,149900,TEMPORARY_FUNDS,card,halted,3,1,235,0.0,0,0,False,False,HIGH,REQUEST_CARD_UPDATE,none,43.397,0
episode_02677,149900,UNKNOWN,card,pending,2,1,143,0.0,4,0,True,False,LOW,WAIT_NATIVE_RETRY,none,57.708,0
episode_02678,29900,TEMPORARY_FUNDS,emandate,pending,1,4,170,0.0,4,0,True,False,HIGH,REQUEST_CARD_UPDATE,none,28.442,0
episode_02679,149900,BANK_OR_NETWORK,upi,halted,1,2,213,0.5,4,0,False,True,MEDIUM,REQUEST_CARD_UPDATE,high,20.776,0
episode_02680,149900,TEMPORARY_FUNDS,upi,pending,2,1,312,0.0,0,1,True,False,LOW,STOP_AND_ESCALATE,none,16.166,0
episode_02681,29900,TEMPORARY_FUNDS,card,pending,1,1,32,0.5,2,2,True,False,HIGH,SEND_NUDGE,none,37.84,1
episode_02682,69900,MANDATE_OR_AUTH_INVALID,card,pending,1,1,36,0.0,3,1,True,False,LOW,STOP_AND_ESCALATE,none,16.399,0
episode_02683,29900,TEMPORARY_FUNDS,upi,pending,3,1,143,0.0,1,0,True,False,HIGH,STOP_AND_ESCALATE,none,5.568,0
episode_02684,69900,MANDATE_OR_AUTH_INVALID,emandate,pending,3,2,58,0.0,1,0,True,False,HIGH,WAIT_NATIVE_RETRY,none,27.07,0
episode_02685,29900,UNKNOWN,card,pending,3,3,217,0.5,2,0,True,False,MEDIUM,STOP_AND_ESCALATE,none,101.198,0
episode_02686,69900,BANK_OR_NETWORK,card,halted,1,1,354,1.0,1,1,False,False,MEDIUM,STOP_AND_ESCALATE,none,21.087,0
episode_02687,29900,UNKNOWN,upi,pending,4,1,257,0.0,3,0,True,False,LOW,WAIT_NATIVE_RETRY,none,3.752,0
episode_02688,29900,CUSTOMER_AUTH_FAILURE,card,pending,1,1,95,0.0,1,1,True,False,HIGH,WAIT_NATIVE_RETRY,none,11.687,1
episode_02689,69900,TEMPORARY_FUNDS,card,pending,4,2,73,0.0,1,2,True,False,MEDIUM,REQUEST_CARD_UPDATE,none,44.236,0
episode_02690,149900,PAYMENT_METHOD_INVALID,card,pending,2,3,96,0.666667,3,0,True,False,HIGH,REQUEST_CARD_UPDATE,none,46.882,1
episode_02691,69900,MANDATE_OR_AUTH_INVALID,netbanking,pending,3,4,105,0.5,2,1,True,False,MEDIUM,STOP_AND_ESCALATE,none,39.969,1
episode_02692,149900,PAYMENT_METHOD_INVALID,upi,pending,1,2,189,0.333333,3,3,True,False,HIGH,REQUEST_CARD_UPDATE,none,19.831,1
episode_02693,149900,PAYMENT_METHOD_INVALID,emandate,pending,4,2,29,0.0,3,3,True,False,MEDIUM,STOP_AND_ESCALATE,none,108.03,0
episode_02694,29900,BANK_OR_NETWORK,card,halted,1,1,116,0.0,0,3,False,False,HIGH,SEND_NUDGE,none,32.546,0
episode_02695,149900,TEMPORARY_FUNDS,card,pending,2,1,108,0.5,4,1,True,False,HIGH,SEND_NUDGE,none,1.619,1
episode_02696,29900,TEMPORARY_FUNDS,card,halted,3,2,212,1.0,3,3,False,False,HIGH,WAIT_NATIVE_RETRY,none,19.959,1
episode_02697,29900,CUSTOMER_AUTH_FAILURE,card,pending,1,1,54,0.5,2,0,True,False,HIGH,REQUEST_CARD_UPDATE,none,46.163,0
episode_02698,149900,BANK_OR_NETWORK,netbanking,pending,3,1,341,0.0,3,3,True,False,MEDIUM,SEND_NUDGE,none,24.358,1
episode_02699,29900,CUSTOMER_AUTH_FAILURE,card,pending,3,3,433,0.0,1,0,True,False,MEDIUM,SEND_NUDGE,none,54.251,0
episode_02700,149900,TEMPORARY_FUNDS,upi,pending,1,1,67,0.5,2,0,True,False,HIGH,SEND_NUDGE,none,34.54,0
episode_02701,69900,BANK_OR_NETWORK,upi,pending,3,6,471,0.0,0,0,True,True,HIGH,REQUEST_CARD_UPDATE,low,16.672,0
episode_02702,149900,PAYMENT_METHOD_INVALID,card,halted,1,4,192,0.0,4,0,False,False,LOW,REQUEST_CARD_UPDATE,none,40.51,0
episode_02703,69900,TEMPORARY_FUNDS,upi,pending,2,2,93,0.0,1,2,True,False,MEDIUM,REQUEST_CARD_UPDATE,none,13.772,1
episode_02704,69900,PAYMENT_METHOD_INVALID,netbanking,pending,3,3,63,1.0,2,0,True,False,MEDIUM,STOP_AND_ESCALATE,none,25.128,0
episode_02705,29900,TEMPORARY_FUNDS,card,pending,3,3,212,0.666667,3,1,True,False,LOW,STOP_AND_ESCALATE,none,19.503,1
episode_02706,29900,TEMPORARY_FUNDS,card,pending,2,1,199,0.0,1,2,True,False,LOW,REQUEST_CARD_UPDATE,none,2.205,0
episode_02707,149900,PAYMENT_METHOD_INVALID,upi,pending,3,2,182,1.0,1,0,True,False,MEDIUM,STOP_AND_ESCALATE,none,104.129,0
episode_02708,29900,MANDATE_OR_AUTH_INVALID,card,pending,2,1,355,0.666667,3,0,True,False,HIGH,REQUEST_CARD_UPDATE,none,22.308,0
episode_02709,149900,UNKNOWN,emandate,pending,2,2,181,0.666667,3,0,True,True,LOW,REQUEST_CARD_UPDATE,medium,30.827,0
episode_02710,69900,TEMPORARY_FUNDS,card,pending,2,1,219,0.0,1,1,True,False,MEDIUM,SEND_NUDGE,none,8.667,0
episode_02711,29900,PAYMENT_METHOD_INVALID,card,pending,1,2,89,0.5,2,0,True,False,HIGH,REQUEST_CARD_UPDATE,none,3.021,0
episode_02712,69900,TEMPORARY_FUNDS,card,halted,1,1,284,0.0,1,2,False,False,HIGH,SEND_NUDGE,none,17.111,0
episode_02713,69900,BANK_OR_NETWORK,card,pending,1,1,251,0.0,1,2,True,False,MEDIUM,SEND_NUDGE,none,55.198,0
episode_02714,29900,PAYMENT_METHOD_INVALID,card,pending,1,3,93,0.2,5,0,True,False,HIGH,STOP_AND_ESCALATE,none,44.791,0
episode_02715,29900,UNKNOWN,card,pending,2,3,50,0.0,1,0,True,False,LOW,SEND_NUDGE,none,8.268,0
episode_02716,69900,MANDATE_OR_AUTH_INVALID,upi,pending,2,1,363,0.5,2,0,True,False,HIGH,SEND_NUDGE,none,11.867,0
episode_02717,29900,PAYMENT_METHOD_INVALID,card,halted,2,1,72,0.4,5,0,False,False,HIGH,STOP_AND_ESCALATE,none,20.062,0
episode_02718,29900,BANK_OR_NETWORK,card,halted,2,1,197,0.5,2,0,False,False,MEDIUM,SEND_NUDGE,none,17.128,0
episode_02719,29900,UNKNOWN,card,pending,3,3,445,0.333333,3,2,True,False,LOW,STOP_AND_ESCALATE,none,29.878,0
episode_02720,29900,TEMPORARY_FUNDS,card,pending,3,2,120,0.0,1,0,True,False,HIGH,STOP_AND_ESCALATE,none,11.063,0
episode_02721,69900,TEMPORARY_FUNDS,card,halted,2,1,274,0.0,3,0,False,False,MEDIUM,STOP_AND_ESCALATE,none,9.326,0
episode_02722,69900,TEMPORARY_FUNDS,upi,pending,3,2,38,0.0,0,0,True,False,HIGH,SEND_NUDGE,none,44.349,0
episode_02723,29900,UNKNOWN,upi,pending,4,2,261,0.0,0,1,True,False,LOW,WAIT_NATIVE_RETRY,none,57.659,0
episode_02724,69900,CUSTOMER_AUTH_FAILURE,unknown,pending,2,3,328,0.0,2,1,True,False,HIGH,REQUEST_CARD_UPDATE,none,144.65,0
episode_02725,29900,PAYMENT_METHOD_INVALID,card,pending,3,1,410,0.5,4,0,True,False,HIGH,REQUEST_CARD_UPDATE,none,67.945,0
episode_02726,69900,UNKNOWN,upi,halted,3,1,85,0.5,2,0,False,False,LOW,WAIT_NATIVE_RETRY,none,31.511,0
episode_02727,29900,CUSTOMER_AUTH_FAILURE,upi,pending,3,4,474,0.0,2,1,True,False,HIGH,WAIT_NATIVE_RETRY,none,30.882,0
episode_02728,29900,PAYMENT_METHOD_INVALID,upi,halted,3,1,59,0.0,1,2,False,False,MEDIUM,STOP_AND_ESCALATE,none,13.225,0
episode_02729,69900,TEMPORARY_FUNDS,card,halted,1,1,97,0.0,1,2,False,False,HIGH,SEND_NUDGE,none,2.522,0
episode_02730,29900,PAYMENT_METHOD_INVALID,card,pending,1,4,197,0.0,1,1,True,False,HIGH,WAIT_NATIVE_RETRY,none,52.326,1
episode_02731,69900,TEMPORARY_FUNDS,netbanking,pending,2,3,280,0.0,1,3,True,False,HIGH,REQUEST_CARD_UPDATE,none,35.782,0
episode_02732,69900,BANK_OR_NETWORK,netbanking,pending,1,1,37,0.5,2,0,True,True,HIGH,WAIT_NATIVE_RETRY,high,21.765,1
episode_02733,69900,PAYMENT_METHOD_INVALID,upi,pending,4,2,172,0.0,0,0,True,False,HIGH,WAIT_NATIVE_RETRY,none,52.725,0
episode_02734,149900,TEMPORARY_FUNDS,card,halted,1,2,87,0.666667,3,0,False,False,MEDIUM,WAIT_NATIVE_RETRY,none,6.192,0
episode_02735,69900,BANK_OR_NETWORK,card,pending,2,3,165,0.666667,3,0,True,True,HIGH,WAIT_NATIVE_RETRY,medium,30.596,1
episode_02736,69900,UNKNOWN,upi,pending,2,1,71,0.0,1,1,True,False,HIGH,STOP_AND_ESCALATE,none,39.091,0
episode_02737,69900,PAYMENT_METHOD_INVALID,card,halted,2,1,195,0.0,2,0,False,False,LOW,SEND_NUDGE,none,64.066,0
episode_02738,29900,MANDATE_OR_AUTH_INVALID,card,pending,2,2,60,0.0,1,1,True,False,HIGH,WAIT_NATIVE_RETRY,none,29.446,0
episode_02739,149900,PAYMENT_METHOD_INVALID,card,pending,2,1,206,0.0,1,1,True,False,HIGH,REQUEST_CARD_UPDATE,none,10.743,1
episode_02740,149900,BANK_OR_NETWORK,upi,pending,1,1,69,1.0,1,2,True,True,HIGH,WAIT_NATIVE_RETRY,medium,19.17,1
episode_02741,149900,TEMPORARY_FUNDS,upi,pending,4,2,94,0.0,1,0,True,False,HIGH,SEND_NUDGE,none,12.183,0
episode_02742,149900,UNKNOWN,card,pending,3,2,72,0.666667,3,3,True,False,MEDIUM,REQUEST_CARD_UPDATE,none,25.605,1
episode_02743,29900,UNKNOWN,card,pending,1,1,58,0.0,0,0,True,False,MEDIUM,REQUEST_CARD_UPDATE,none,1.883,0
episode_02744,29900,UNKNOWN,card,pending,2,2,517,0.5,2,3,True,True,LOW,WAIT_NATIVE_RETRY,medium,56.988,1
episode_02745,149900,TEMPORARY_FUNDS,card,pending,1,2,262,0.0,2,0,True,False,HIGH,STOP_AND_ESCALATE,none,9.343,1
episode_02746,29900,PAYMENT_METHOD_INVALID,card,halted,4,2,83,0.0,1,0,False,False,MEDIUM,SEND_NUDGE,none,12.598,1
episode_02747,29900,CUSTOMER_AUTH_FAILURE,card,halted,1,1,280,0.0,4,0,False,True,HIGH,WAIT_NATIVE_RETRY,low,11.182,0
episode_02748,149900,CUSTOMER_AUTH_FAILURE,card,pending,2,2,423,0.5,2,1,True,False,HIGH,REQUEST_CARD_UPDATE,none,6.97,0
episode_02749,69900,BANK_OR_NETWORK,upi,pending,1,2,492,0.0,0,0,True,False,MEDIUM,WAIT_NATIVE_RETRY,none,41.228,1
episode_02750,29900,CUSTOMER_AUTH_FAILURE,card,pending,2,3,578,0.0,0,0,True,False,HIGH,WAIT_NATIVE_RETRY,none,46.719,1
episode_02751,149900,TEMPORARY_FUNDS,netbanking,pending,1,2,201,0.25,4,0,True,False,MEDIUM,STOP_AND_ESCALATE,none,16.421,1
episode_02752,69900,CUSTOMER_AUTH_FAILURE,netbanking,pending,3,1,162,0.0,2,1,True,False,MEDIUM,WAIT_NATIVE_RETRY,none,60.916,0
episode_02753,149900,BANK_OR_NETWORK,netbanking,pending,1,2,86,0.0,1,1,True,False,HIGH,SEND_NUDGE,none,15.268,1
episode_02754,69900,TEMPORARY_FUNDS,upi,pending,2,3,345,0.5,2,1,True,False,LOW,WAIT_NATIVE_RETRY,none,53.095,1
episode_02755,69900,CUSTOMER_AUTH_FAILURE,netbanking,halted,1,4,21,0.333333,3,0,False,False,HIGH,WAIT_NATIVE_RETRY,none,31.886,0
episode_02756,69900,PAYMENT_METHOD_INVALID,emandate,halted,1,1,436,0.25,4,1,False,False,HIGH,WAIT_NATIVE_RETRY,none,47.793,0
episode_02757,149900,MANDATE_OR_AUTH_INVALID,card,pending,3,2,44,0.0,3,0,True,False,HIGH,SEND_NUDGE,none,71.462,0
episode_02758,149900,BANK_OR_NETWORK,card,pending,1,2,310,0.75,4,0,True,False,MEDIUM,WAIT_NATIVE_RETRY,none,32.558,1
episode_02759,69900,MANDATE_OR_AUTH_INVALID,emandate,pending,1,1,179,0.333333,3,1,True,False,HIGH,SEND_NUDGE,none,3.84,0
episode_02760,69900,MANDATE_OR_AUTH_INVALID,card,pending,2,2,88,0.0,2,1,True,False,MEDIUM,WAIT_NATIVE_RETRY,none,10.652,1
episode_02761,29900,PAYMENT_METHOD_INVALID,emandate,pending,3,1,265,1.0,1,0,True,True,HIGH,SEND_NUDGE,medium,10.058,0
episode_02762,29900,TEMPORARY_FUNDS,emandate,halted,2,1,77,1.0,1,1,False,False,HIGH,WAIT_NATIVE_RETRY,none,16.459,0
episode_02763,69900,TEMPORARY_FUNDS,upi,pending,3,1,89,0.0,2,3,True,False,HIGH,REQUEST_CARD_UPDATE,none,24.796,1
episode_02764,69900,MANDATE_OR_AUTH_INVALID,emandate,pending,2,2,357,0.0,1,0,True,True,MEDIUM,SEND_NUDGE,medium,70.684,0
episode_02765,29900,PAYMENT_METHOD_INVALID,card,pending,5,3,57,0.333333,3,3,True,False,HIGH,WAIT_NATIVE_RETRY,none,23.013,0
episode_02766,29900,PAYMENT_METHOD_INVALID,card,halted,2,2,50,0.333333,3,1,False,False,MEDIUM,STOP_AND_ESCALATE,none,24.757,0
episode_02767,69900,UNKNOWN,card,pending,4,2,338,0.0,1,0,True,False,LOW,WAIT_NATIVE_RETRY,none,37.79,1
episode_02768,69900,CUSTOMER_AUTH_FAILURE,upi,pending,1,1,23,0.25,4,2,True,False,HIGH,SEND_NUDGE,none,57.549,1
episode_02769,69900,UNKNOWN,card,pending,1,2,125,1.0,2,3,True,False,LOW,WAIT_NATIVE_RETRY,none,4.75,1
episode_02770,69900,CUSTOMER_AUTH_FAILURE,upi,pending,1,1,256,0.0,3,0,True,False,HIGH,REQUEST_CARD_UPDATE,none,22.099,0
episode_02771,29900,TEMPORARY_FUNDS,card,pending,1,1,654,0.666667,3,1,True,True,HIGH,SEND_NUDGE,medium,22.242,1
episode_02772,29900,UNKNOWN,card,pending,2,2,517,1.0,1,3,True,False,HIGH,SEND_NUDGE,none,36.443,0
episode_02773,149900,TEMPORARY_FUNDS,card,pending,1,2,104,0.0,2,2,True,False,HIGH,REQUEST_CARD_UPDATE,none,36.361,0
episode_02774,69900,MANDATE_OR_AUTH_INVALID,card,pending,1,4,76,1.0,1,0,True,False,HIGH,SEND_NUDGE,none,26.274,1
episode_02775,29900,BANK_OR_NETWORK,card,pending,5,2,130,0.0,1,1,True,True,MEDIUM,WAIT_NATIVE_RETRY,high,45.934,1
episode_02776,29900,TEMPORARY_FUNDS,card,pending,3,1,194,0.0,1,3,True,False,MEDIUM,WAIT_NATIVE_RETRY,none,26.078,1
episode_02777,149900,BANK_OR_NETWORK,card,pending,1,2,52,0.5,2,2,True,False,HIGH,STOP_AND_ESCALATE,none,14.779,0
episode_02778,149900,CUSTOMER_AUTH_FAILURE,card,pending,1,2,117,0.0,0,0,True,False,MEDIUM,WAIT_NATIVE_RETRY,none,10.833,0
episode_02779,69900,PAYMENT_METHOD_INVALID,card,pending,1,2,274,0.5,2,0,True,False,MEDIUM,WAIT_NATIVE_RETRY,none,20.425,1
episode_02780,69900,BANK_OR_NETWORK,card,pending,3,1,280,1.0,1,1,True,True,HIGH,WAIT_NATIVE_RETRY,low,13.092,1
episode_02781,149900,TEMPORARY_FUNDS,emandate,pending,2,2,129,0.0,2,2,True,False,HIGH,WAIT_NATIVE_RETRY,none,5.247,1
episode_02782,29900,UNKNOWN,card,pending,3,2,560,0.5,4,1,True,False,LOW,STOP_AND_ESCALATE,none,41.919,0
episode_02783,29900,BANK_OR_NETWORK,card,halted,2,2,171,0.0,1,1,False,False,HIGH,SEND_NUDGE,none,14.993,1
episode_02784,29900,TEMPORARY_FUNDS,card,pending,3,1,154,0.0,0,1,True,False,HIGH,WAIT_NATIVE_RETRY,none,12.76,1
episode_02785,69900,CUSTOMER_AUTH_FAILURE,upi,pending,2,1,316,0.0,0,0,True,False,HIGH,SEND_NUDGE,none,41.112,0
episode_02786,29900,PAYMENT_METHOD_INVALID,emandate,pending,1,2,276,0.0,0,0,True,False,MEDIUM,WAIT_NATIVE_RETRY,none,29.683,1
episode_02787,29900,TEMPORARY_FUNDS,card,pending,3,1,171,1.0,1,0,True,False,MEDIUM,SEND_NUDGE,none,48.258,1
episode_02788,29900,BANK_OR_NETWORK,card,pending,3,2,72,0.0,3,0,True,False,MEDIUM,WAIT_NATIVE_RETRY,none,55.742,1
episode_02789,69900,BANK_OR_NETWORK,card,halted,3,1,273,0.5,2,0,False,True,HIGH,SEND_NUDGE,medium,36.482,1
episode_02790,69900,BANK_OR_NETWORK,unknown,pending,2,1,72,0.333333,3,0,True,False,MEDIUM,SEND_NUDGE,none,59.372,0
episode_02791,149900,TEMPORARY_FUNDS,netbanking,pending,5,3,66,0.2,5,0,True,False,HIGH,REQUEST_CARD_UPDATE,none,39.927,1
episode_02792,29900,PAYMENT_METHOD_INVALID,netbanking,halted,1,1,208,0.75,4,1,False,False,MEDIUM,REQUEST_CARD_UPDATE,none,45.178,1
episode_02793,29900,PAYMENT_METHOD_INVALID,card,pending,4,1,426,0.333333,9,0,True,False,LOW,SEND_NUDGE,none,86.851,0
episode_02794,29900,PAYMENT_METHOD_INVALID,card,halted,1,1,164,0.0,5,1,False,False,HIGH,STOP_AND_ESCALATE,none,36.121,0
episode_02795,149900,BANK_OR_NETWORK,card,pending,2,1,422,0.0,1,2,True,False,HIGH,WAIT_NATIVE_RETRY,none,84.705,1
episode_02796,69900,PAYMENT_METHOD_INVALID,card,halted,3,1,151,0.0,2,0,False,False,HIGH,WAIT_NATIVE_RETRY,none,3.096,0
episode_02797,29900,CUSTOMER_AUTH_FAILURE,upi,halted,3,2,162,1.0,3,0,False,False,HIGH,REQUEST_CARD_UPDATE,none,21.778,0
episode_02798,69900,PAYMENT_METHOD_INVALID,emandate,pending,2,1,130,0.333333,3,1,True,False,HIGH,REQUEST_CARD_UPDATE,none,23.172,1
episode_02799,29900,PAYMENT_METHOD_INVALID,card,pending,2,2,123,0.0,0,2,True,False,HIGH,SEND_NUDGE,none,24.89,0
episode_02800,29900,UNKNOWN,card,pending,1,2,360,0.25,4,0,True,False,LOW,SEND_NUDGE,none,26.504,0
episode_02801,69900,BANK_OR_NETWORK,netbanking,pending,2,1,200,0.0,1,1,True,False,MEDIUM,SEND_NUDGE,none,29.58,0
episode_02802,69900,UNKNOWN,card,pending,2,1,340,0.333333,3,0,True,False,MEDIUM,SEND_NUDGE,none,32.139,0
episode_02803,29900,BANK_OR_NETWORK,upi,pending,1,4,112,0.5,2,0,True,False,HIGH,REQUEST_CARD_UPDATE,none,110.457,1
episode_02804,29900,PAYMENT_METHOD_INVALID,card,pending,1,2,59,0.166667,6,1,True,False,HIGH,SEND_NUDGE,none,16.128,1
episode_02805,29900,PAYMENT_METHOD_INVALID,card,halted,2,1,119,0.0,1,0,False,False,HIGH,SEND_NUDGE,none,73.155,1
episode_02806,29900,PAYMENT_METHOD_INVALID,upi,halted,1,1,109,1.0,2,0,False,False,MEDIUM,WAIT_NATIVE_RETRY,none,4.939,1
episode_02807,29900,PAYMENT_METHOD_INVALID,card,pending,2,2,556,0.0,0,2,True,False,LOW,SEND_NUDGE,none,64.351,1
episode_02808,69900,PAYMENT_METHOD_INVALID,card,pending,3,2,427,0.333333,3,0,True,False,HIGH,STOP_AND_ESCALATE,none,44.36,0
episode_02809,29900,TEMPORARY_FUNDS,upi,pending,2,2,191,0.666667,3,1,True,False,MEDIUM,SEND_NUDGE,none,27.799,0
episode_02810,29900,PAYMENT_METHOD_INVALID,card,halted,1,3,206,0.0,1,2,False,False,LOW,REQUEST_CARD_UPDATE,none,30.759,1
episode_02811,149900,BANK_OR_NETWORK,card,pending,2,2,146,0.0,1,1,True,False,HIGH,REQUEST_CARD_UPDATE,none,1.915,0
episode_02812,149900,MANDATE_OR_AUTH_INVALID,card,pending,6,1,273,0.4,5,1,True,False,HIGH,SEND_NUDGE,none,26.203,0
episode_02813,69900,BANK_OR_NETWORK,upi,halted,1,2,164,0.0,0,0,False,False,MEDIUM,WAIT_NATIVE_RETRY,none,25.098,1
episode_02814,29900,PAYMENT_METHOD_INVALID,upi,halted,3,1,443,0.0,2,2,False,False,HIGH,WAIT_NATIVE_RETRY,none,8.527,0
episode_02815,29900,PAYMENT_METHOD_INVALID,netbanking,pending,2,3,328,1.0,1,0,True,False,HIGH,WAIT_NATIVE_RETRY,none,9.445,0
episode_02816,29900,TEMPORARY_FUNDS,card,halted,3,2,140,0.0,1,0,False,False,HIGH,WAIT_NATIVE_RETRY,none,6.007,1
episode_02817,29900,TEMPORARY_FUNDS,card,pending,1,2,88,1.0,2,0,True,False,HIGH,SEND_NUDGE,none,47.514,1
episode_02818,29900,TEMPORARY_FUNDS,upi,pending,4,2,112,1.0,2,1,True,False,HIGH,REQUEST_CARD_UPDATE,none,32.283,1
episode_02819,29900,MANDATE_OR_AUTH_INVALID,card,halted,2,2,241,1.0,2,1,False,False,HIGH,STOP_AND_ESCALATE,none,5.527,0
episode_02820,69900,BANK_OR_NETWORK,netbanking,pending,3,1,312,0.25,4,2,True,False,MEDIUM,STOP_AND_ESCALATE,none,15.248,0
episode_02821,29900,PAYMENT_METHOD_INVALID,unknown,pending,1,3,86,0.0,4,0,True,False,HIGH,REQUEST_CARD_UPDATE,none,21.483,1
episode_02822,29900,BANK_OR_NETWORK,upi,pending,2,1,128,0.0,2,0,True,False,LOW,WAIT_NATIVE_RETRY,none,43.598,1
episode_02823,29900,BANK_OR_NETWORK,upi,halted,2,2,60,0.0,0,0,False,False,HIGH,WAIT_NATIVE_RETRY,none,23.007,1
episode_02824,69900,TEMPORARY_FUNDS,upi,pending,2,1,65,0.5,2,1,True,False,HIGH,REQUEST_CARD_UPDATE,none,43.11,0
episode_02825,69900,PAYMENT_METHOD_INVALID,emandate,pending,2,3,215,0.2,5,1,True,False,MEDIUM,REQUEST_CARD_UPDATE,none,16.14,0
episode_02826,149900,PAYMENT_METHOD_INVALID,card,pending,4,1,24,0.0,1,1,True,False,MEDIUM,REQUEST_CARD_UPDATE,none,21.64,0
episode_02827,29900,CUSTOMER_AUTH_FAILURE,emandate,pending,1,3,184,0.6,5,1,True,False,MEDIUM,REQUEST_CARD_UPDATE,none,20.461,0
episode_02828,69900,UNKNOWN,upi,pending,3,2,150,0.0,2,0,True,False,LOW,REQUEST_CARD_UPDATE,none,11.797,0
episode_02829,149900,PAYMENT_METHOD_INVALID,card,halted,3,1,540,0.0,3,1,False,False,HIGH,WAIT_NATIVE_RETRY,none,39.584,0
episode_02830,29900,BANK_OR_NETWORK,card,pending,2,1,123,0.8,5,1,True,False,HIGH,STOP_AND_ESCALATE,none,16.466,1
episode_02831,149900,TEMPORARY_FUNDS,card,pending,3,3,257,0.666667,3,0,True,False,HIGH,REQUEST_CARD_UPDATE,none,27.233,1
episode_02832,149900,PAYMENT_METHOD_INVALID,card,pending,1,1,219,0.0,1,0,True,False,MEDIUM,REQUEST_CARD_UPDATE,none,84.237,1
episode_02833,149900,PAYMENT_METHOD_INVALID,card,pending,4,1,114,0.0,3,0,True,True,HIGH,WAIT_NATIVE_RETRY,medium,52.181,0
episode_02834,29900,CUSTOMER_AUTH_FAILURE,card,pending,4,2,258,0.666667,3,1,True,False,HIGH,WAIT_NATIVE_RETRY,none,61.221,1
episode_02835,69900,MANDATE_OR_AUTH_INVALID,emandate,pending,2,2,137,0.0,4,0,True,False,MEDIUM,SEND_NUDGE,none,15.666,0
episode_02836,29900,CUSTOMER_AUTH_FAILURE,upi,halted,1,1,114,1.0,2,0,False,False,HIGH,REQUEST_CARD_UPDATE,none,27.965,0
episode_02837,149900,TEMPORARY_FUNDS,card,pending,4,2,18,1.0,1,0,True,False,HIGH,SEND_NUDGE,none,9.424,0
episode_02838,149900,TEMPORARY_FUNDS,card,pending,3,2,132,0.0,0,0,True,False,MEDIUM,STOP_AND_ESCALATE,none,13.565,0
episode_02839,29900,CUSTOMER_AUTH_FAILURE,card,pending,1,1,81,0.0,1,0,True,False,MEDIUM,REQUEST_CARD_UPDATE,none,20.16,0
episode_02840,149900,PAYMENT_METHOD_INVALID,card,halted,2,2,63,0.0,3,1,False,False,MEDIUM,SEND_NUDGE,none,24.811,0
episode_02841,149900,CUSTOMER_AUTH_FAILURE,card,pending,3,2,321,0.0,1,0,True,False,LOW,STOP_AND_ESCALATE,none,36.176,1
episode_02842,69900,UNKNOWN,upi,pending,3,1,206,0.0,3,0,True,False,LOW,REQUEST_CARD_UPDATE,none,24.276,0
episode_02843,69900,MANDATE_OR_AUTH_INVALID,card,pending,3,2,160,0.666667,3,0,True,False,HIGH,STOP_AND_ESCALATE,none,9.831,0
episode_02844,149900,CUSTOMER_AUTH_FAILURE,card,halted,1,1,260,0.5,4,1,False,False,HIGH,REQUEST_CARD_UPDATE,none,161.735,1
episode_02845,69900,BANK_OR_NETWORK,card,pending,4,1,70,0.0,1,0,True,False,MEDIUM,WAIT_NATIVE_RETRY,none,20.646,1
episode_02846,69900,BANK_OR_NETWORK,card,halted,4,1,104,0.2,5,0,False,True,MEDIUM,SEND_NUDGE,high,35.975,0
episode_02847,149900,TEMPORARY_FUNDS,upi,pending,2,1,156,0.0,2,1,True,False,MEDIUM,WAIT_NATIVE_RETRY,none,23.683,1
episode_02848,69900,TEMPORARY_FUNDS,upi,pending,1,2,182,0.0,1,2,True,False,HIGH,SEND_NUDGE,none,23.627,1
episode_02849,149900,PAYMENT_METHOD_INVALID,upi,pending,1,2,140,0.0,1,1,True,False,HIGH,STOP_AND_ESCALATE,none,12.741,0
episode_02850,29900,UNKNOWN,emandate,pending,2,1,190,1.0,3,1,True,False,LOW,STOP_AND_ESCALATE,none,51.721,0
episode_02851,69900,BANK_OR_NETWORK,card,pending,1,1,628,0.0,2,0,True,False,HIGH,SEND_NUDGE,none,18.066,0
episode_02852,149900,TEMPORARY_FUNDS,card,pending,1,2,61,0.5,2,0,True,False,HIGH,WAIT_NATIVE_RETRY,none,14.422,1
episode_02853,69900,BANK_OR_NETWORK,card,pending,2,2,100,0.0,2,0,True,True,MEDIUM,SEND_NUDGE,medium,27.144,1
episode_02854,29900,TEMPORARY_FUNDS,card,pending,5,2,42,0.666667,3,3,True,False,HIGH,REQUEST_CARD_UPDATE,none,23.754,0
episode_02855,69900,TEMPORARY_FUNDS,upi,pending,2,1,118,0.0,0,2,True,False,HIGH,WAIT_NATIVE_RETRY,none,11.144,1
episode_02856,149900,UNKNOWN,card,pending,2,1,388,0.333333,3,1,True,False,LOW,REQUEST_CARD_UPDATE,none,50.901,0
episode_02857,29900,BANK_OR_NETWORK,card,pending,2,5,156,0.0,1,0,True,True,MEDIUM,STOP_AND_ESCALATE,medium,6.719,0
episode_02858,149900,TEMPORARY_FUNDS,card,halted,2,1,90,0.0,2,1,False,False,HIGH,SEND_NUDGE,none,107.044,0
episode_02859,149900,PAYMENT_METHOD_INVALID,emandate,pending,1,1,81,0.0,2,1,True,False,HIGH,REQUEST_CARD_UPDATE,none,40.858,1
episode_02860,69900,PAYMENT_METHOD_INVALID,upi,pending,3,1,178,0.0,1,2,True,False,MEDIUM,REQUEST_CARD_UPDATE,none,17.3,0
episode_02861,69900,BANK_OR_NETWORK,unknown,pending,2,2,228,0.0,1,2,True,True,HIGH,STOP_AND_ESCALATE,medium,40.924,1
episode_02862,149900,TEMPORARY_FUNDS,card,pending,2,1,323,0.4,5,0,True,False,MEDIUM,SEND_NUDGE,none,6.687,1
episode_02863,69900,BANK_OR_NETWORK,card,halted,1,1,177,0.8,5,3,False,False,HIGH,STOP_AND_ESCALATE,none,16.349,0
episode_02864,29900,BANK_OR_NETWORK,card,pending,1,3,152,0.0,2,0,True,False,HIGH,REQUEST_CARD_UPDATE,none,61.273,0
episode_02865,69900,BANK_OR_NETWORK,card,halted,3,1,348,0.0,2,2,False,False,LOW,REQUEST_CARD_UPDATE,none,36.117,0
episode_02866,69900,TEMPORARY_FUNDS,upi,pending,1,1,139,0.0,2,0,True,False,HIGH,REQUEST_CARD_UPDATE,none,44.426,1
episode_02867,29900,PAYMENT_METHOD_INVALID,upi,pending,2,1,376,1.0,1,1,True,False,MEDIUM,STOP_AND_ESCALATE,none,78.311,0
episode_02868,29900,PAYMENT_METHOD_INVALID,upi,halted,2,1,76,0.333333,3,1,False,False,MEDIUM,SEND_NUDGE,none,15.732,0
episode_02869,29900,TEMPORARY_FUNDS,unknown,pending,2,3,99,0.0,1,1,True,False,MEDIUM,REQUEST_CARD_UPDATE,none,34.147,0
episode_02870,69900,UNKNOWN,card,halted,3,2,101,0.333333,3,1,False,False,LOW,STOP_AND_ESCALATE,none,19.661,0
episode_02871,29900,TEMPORARY_FUNDS,card,pending,1,1,134,0.0,3,0,True,False,HIGH,REQUEST_CARD_UPDATE,none,41.143,1
episode_02872,149900,PAYMENT_METHOD_INVALID,upi,pending,7,1,86,0.0,0,0,True,False,MEDIUM,SEND_NUDGE,none,38.618,0
episode_02873,69900,TEMPORARY_FUNDS,card,pending,2,2,71,0.0,1,0,True,False,MEDIUM,WAIT_NATIVE_RETRY,none,37.955,1
episode_02874,69900,MANDATE_OR_AUTH_INVALID,card,pending,2,2,42,0.0,1,0,True,False,HIGH,REQUEST_CARD_UPDATE,none,16.715,0
episode_02875,69900,CUSTOMER_AUTH_FAILURE,card,pending,1,3,127,0.0,0,0,True,False,HIGH,SEND_NUDGE,none,14.51,1
episode_02876,149900,BANK_OR_NETWORK,netbanking,pending,2,3,51,0.0,1,0,True,True,MEDIUM,WAIT_NATIVE_RETRY,high,16.964,1
episode_02877,69900,TEMPORARY_FUNDS,card,pending,2,2,126,1.0,1,0,True,False,HIGH,SEND_NUDGE,none,18.71,1
episode_02878,69900,UNKNOWN,netbanking,pending,1,1,383,0.5,2,1,True,False,LOW,STOP_AND_ESCALATE,none,40.492,1
episode_02879,29900,MANDATE_OR_AUTH_INVALID,card,halted,2,2,12,0.0,0,2,False,False,MEDIUM,SEND_NUDGE,none,8.083,0
episode_02880,149900,UNKNOWN,upi,pending,2,1,269,0.5,2,1,True,False,LOW,STOP_AND_ESCALATE,none,37.091,0
episode_02881,69900,BANK_OR_NETWORK,card,pending,2,1,134,1.0,2,1,True,False,HIGH,WAIT_NATIVE_RETRY,none,10.173,1
episode_02882,149900,MANDATE_OR_AUTH_INVALID,unknown,pending,3,2,180,1.0,2,1,True,False,HIGH,REQUEST_CARD_UPDATE,none,47.576,0
episode_02883,29900,TEMPORARY_FUNDS,upi,pending,4,1,87,0.0,0,0,True,False,MEDIUM,SEND_NUDGE,none,50.86,0
episode_02884,69900,UNKNOWN,card,pending,2,3,158,0.5,2,0,True,True,LOW,WAIT_NATIVE_RETRY,high,24.77,1
episode_02885,69900,UNKNOWN,card,pending,3,2,103,0.0,1,2,True,False,LOW,SEND_NUDGE,none,11.44,0
episode_02886,69900,BANK_OR_NETWORK,emandate,halted,2,3,232,0.0,0,0,False,False,HIGH,REQUEST_CARD_UPDATE,none,27.569,0
episode_02887,69900,CUSTOMER_AUTH_FAILURE,card,pending,3,3,85,0.5,2,0,True,False,HIGH,WAIT_NATIVE_RETRY,none,35.706,1
episode_02888,149900,TEMPORARY_FUNDS,card,pending,2,2,206,0.0,1,1,True,False,MEDIUM,SEND_NUDGE,none,10.328,0
episode_02889,69900,CUSTOMER_AUTH_FAILURE,netbanking,pending,1,2,507,1.0,2,2,True,False,HIGH,STOP_AND_ESCALATE,none,49.245,0
episode_02890,149900,BANK_OR_NETWORK,card,pending,2,2,88,1.0,4,0,True,False,MEDIUM,WAIT_NATIVE_RETRY,none,82.276,1
episode_02891,69900,BANK_OR_NETWORK,card,pending,3,2,76,0.0,2,0,True,False,HIGH,WAIT_NATIVE_RETRY,none,2.66,1
episode_02892,29900,TEMPORARY_FUNDS,upi,pending,3,3,119,1.0,1,1,True,False,HIGH,STOP_AND_ESCALATE,none,47.961,0
episode_02893,29900,TEMPORARY_FUNDS,card,pending,2,2,154,1.0,2,1,True,False,MEDIUM,STOP_AND_ESCALATE,none,64.619,1
episode_02894,149900,MANDATE_OR_AUTH_INVALID,emandate,pending,1,2,27,0.75,4,2,True,False,HIGH,STOP_AND_ESCALATE,none,34.485,1
episode_02895,69900,TEMPORARY_FUNDS,netbanking,pending,3,2,211,0.0,0,0,True,False,MEDIUM,STOP_AND_ESCALATE,none,51.617,0
episode_02896,69900,CUSTOMER_AUTH_FAILURE,card,halted,4,1,88,0.5,2,0,False,False,LOW,REQUEST_CARD_UPDATE,none,66.235,1
episode_02897,69900,TEMPORARY_FUNDS,card,pending,2,1,117,0.4,5,0,True,False,HIGH,REQUEST_CARD_UPDATE,none,44.578,0
episode_02898,149900,UNKNOWN,netbanking,pending,2,1,84,0.5,2,1,True,False,MEDIUM,WAIT_NATIVE_RETRY,none,26.088,0
episode_02899,149900,MANDATE_OR_AUTH_INVALID,card,pending,1,1,192,0.0,1,1,True,False,HIGH,SEND_NUDGE,none,19.695,0
episode_02900,29900,UNKNOWN,card,pending,2,1,152,0.0,1,0,True,False,LOW,WAIT_NATIVE_RETRY,none,65.139,1
episode_02901,29900,UNKNOWN,card,pending,1,2,185,0.0,0,1,True,False,MEDIUM,SEND_NUDGE,none,14.924,0
episode_02902,149900,CUSTOMER_AUTH_FAILURE,netbanking,pending,1,1,67,0.0,3,0,True,True,MEDIUM,WAIT_NATIVE_RETRY,high,37.935,1
episode_02903,69900,TEMPORARY_FUNDS,netbanking,pending,1,1,437,0.0,0,1,True,False,LOW,REQUEST_CARD_UPDATE,none,22.844,0
episode_02904,149900,UNKNOWN,emandate,halted,2,1,211,0.0,1,0,False,False,LOW,SEND_NUDGE,none,35.329,0
episode_02905,69900,MANDATE_OR_AUTH_INVALID,card,pending,2,1,92,0.333333,3,1,True,False,LOW,WAIT_NATIVE_RETRY,none,8.541,0
episode_02906,29900,CUSTOMER_AUTH_FAILURE,upi,pending,2,2,40,0.5,2,2,True,False,HIGH,REQUEST_CARD_UPDATE,none,19.284,1
episode_02907,69900,BANK_OR_NETWORK,netbanking,pending,4,1,244,0.0,0,1,True,False,LOW,REQUEST_CARD_UPDATE,none,30.127,0
episode_02908,69900,PAYMENT_METHOD_INVALID,card,pending,2,1,263,0.0,0,0,True,False,HIGH,WAIT_NATIVE_RETRY,none,52.06,0
episode_02909,29900,TEMPORARY_FUNDS,netbanking,pending,2,2,169,1.0,1,0,True,False,LOW,SEND_NUDGE,none,132.84,0
episode_02910,29900,TEMPORARY_FUNDS,card,pending,1,1,53,0.333333,3,2,True,False,HIGH,SEND_NUDGE,none,40.654,0
episode_02911,69900,TEMPORARY_FUNDS,emandate,pending,4,1,263,0.2,5,0,True,False,MEDIUM,SEND_NUDGE,none,64.654,0
episode_02912,29900,BANK_OR_NETWORK,card,pending,2,3,99,0.5,2,0,True,False,HIGH,STOP_AND_ESCALATE,none,32.101,0
episode_02913,69900,CUSTOMER_AUTH_FAILURE,card,pending,1,1,147,0.0,3,1,True,False,MEDIUM,SEND_NUDGE,none,13.492,1
episode_02914,149900,CUSTOMER_AUTH_FAILURE,card,pending,1,2,69,0.0,2,0,True,False,HIGH,WAIT_NATIVE_RETRY,none,26.133,1
episode_02915,149900,BANK_OR_NETWORK,card,pending,1,2,45,1.0,2,1,True,True,HIGH,STOP_AND_ESCALATE,high,72.499,0
episode_02916,69900,TEMPORARY_FUNDS,card,pending,1,1,237,1.0,2,0,True,False,MEDIUM,REQUEST_CARD_UPDATE,none,20.913,1
episode_02917,69900,CUSTOMER_AUTH_FAILURE,netbanking,pending,2,1,155,1.0,1,1,True,True,HIGH,SEND_NUDGE,low,32.388,1
episode_02918,29900,BANK_OR_NETWORK,emandate,pending,2,2,85,0.0,0,0,True,False,HIGH,WAIT_NATIVE_RETRY,none,62.903,1
episode_02919,29900,MANDATE_OR_AUTH_INVALID,card,halted,2,2,235,0.666667,3,2,False,False,HIGH,SEND_NUDGE,none,14.016,0
episode_02920,149900,TEMPORARY_FUNDS,upi,pending,3,3,209,0.0,3,0,True,False,HIGH,REQUEST_CARD_UPDATE,none,81.672,1
episode_02921,69900,UNKNOWN,unknown,halted,5,2,85,0.5,2,0,False,False,MEDIUM,SEND_NUDGE,none,24.892,0
episode_02922,149900,TEMPORARY_FUNDS,card,pending,2,2,25,0.25,4,0,True,False,HIGH,REQUEST_CARD_UPDATE,none,59.234,1
episode_02923,29900,CUSTOMER_AUTH_FAILURE,netbanking,pending,3,2,151,0.666667,3,0,True,False,HIGH,WAIT_NATIVE_RETRY,none,14.617,1
episode_02924,29900,PAYMENT_METHOD_INVALID,netbanking,pending,2,3,281,0.2,5,1,True,False,HIGH,REQUEST_CARD_UPDATE,none,54.842,0
episode_02925,69900,MANDATE_OR_AUTH_INVALID,upi,pending,3,1,55,1.0,1,1,True,False,LOW,REQUEST_CARD_UPDATE,none,43.486,0
episode_02926,29900,TEMPORARY_FUNDS,card,pending,2,2,179,0.0,4,1,True,False,HIGH,REQUEST_CARD_UPDATE,none,40.511,0
episode_02927,29900,MANDATE_OR_AUTH_INVALID,upi,pending,3,1,96,0.0,6,1,True,False,HIGH,WAIT_NATIVE_RETRY,none,3.909,1
episode_02928,149900,PAYMENT_METHOD_INVALID,upi,pending,2,1,148,0.333333,3,0,True,False,HIGH,SEND_NUDGE,none,9.656,1
episode_02929,69900,MANDATE_OR_AUTH_INVALID,emandate,pending,1,1,85,0.166667,6,0,True,False,HIGH,WAIT_NATIVE_RETRY,none,26.799,1
episode_02930,69900,UNKNOWN,upi,pending,2,2,117,0.25,4,0,True,False,LOW,WAIT_NATIVE_RETRY,none,18.453,1
episode_02931,69900,CUSTOMER_AUTH_FAILURE,card,pending,1,2,53,0.0,2,1,True,False,LOW,STOP_AND_ESCALATE,none,23.533,0
episode_02932,149900,UNKNOWN,card,pending,1,1,98,1.0,1,0,True,False,LOW,SEND_NUDGE,none,2.442,1
episode_02933,149900,CUSTOMER_AUTH_FAILURE,card,pending,2,2,58,0.0,1,0,True,False,MEDIUM,WAIT_NATIVE_RETRY,none,3.123,1
episode_02934,69900,TEMPORARY_FUNDS,card,pending,1,4,379,0.0,0,0,True,False,HIGH,WAIT_NATIVE_RETRY,none,35.735,1
episode_02935,69900,PAYMENT_METHOD_INVALID,upi,halted,2,3,50,1.0,1,0,False,False,HIGH,SEND_NUDGE,none,17.162,1
episode_02936,69900,TEMPORARY_FUNDS,card,halted,1,1,128,0.0,4,0,False,False,HIGH,REQUEST_CARD_UPDATE,none,13.49,0
episode_02937,29900,TEMPORARY_FUNDS,upi,pending,3,3,266,0.0,1,1,True,False,MEDIUM,STOP_AND_ESCALATE,none,13.991,0
episode_02938,29900,PAYMENT_METHOD_INVALID,emandate,pending,1,1,56,0.0,1,0,True,False,MEDIUM,REQUEST_CARD_UPDATE,none,48.011,1
episode_02939,29900,TEMPORARY_FUNDS,card,pending,2,2,727,0.0,1,1,True,False,MEDIUM,WAIT_NATIVE_RETRY,none,5.739,0
episode_02940,149900,TEMPORARY_FUNDS,upi,halted,3,1,377,0.5,2,0,False,False,HIGH,STOP_AND_ESCALATE,none,28.94,1
episode_02941,149900,TEMPORARY_FUNDS,card,pending,5,1,179,0.0,1,2,True,False,HIGH,SEND_NUDGE,none,17.697,0
episode_02942,69900,MANDATE_OR_AUTH_INVALID,netbanking,pending,2,2,168,0.0,1,0,True,False,MEDIUM,REQUEST_CARD_UPDATE,none,1.431,1
episode_02943,29900,TEMPORARY_FUNDS,emandate,pending,2,2,111,0.666667,3,0,True,False,HIGH,WAIT_NATIVE_RETRY,none,38.026,0
episode_02944,29900,MANDATE_OR_AUTH_INVALID,card,pending,1,1,122,1.0,1,0,True,False,HIGH,SEND_NUDGE,none,11.772,1
episode_02945,69900,CUSTOMER_AUTH_FAILURE,card,pending,2,2,281,1.0,1,0,True,False,HIGH,SEND_NUDGE,none,18.634,1
episode_02946,69900,UNKNOWN,card,pending,2,3,235,1.0,1,2,True,False,MEDIUM,STOP_AND_ESCALATE,none,19.783,0
episode_02947,29900,TEMPORARY_FUNDS,card,pending,3,3,96,0.0,3,0,True,False,MEDIUM,WAIT_NATIVE_RETRY,none,11.712,1
episode_02948,69900,UNKNOWN,upi,halted,2,2,69,1.0,3,0,False,True,HIGH,SEND_NUDGE,medium,33.483,1
episode_02949,69900,UNKNOWN,upi,pending,1,1,155,1.0,2,0,True,False,LOW,REQUEST_CARD_UPDATE,none,33.73,0
episode_02950,69900,CUSTOMER_AUTH_FAILURE,card,pending,1,1,404,1.0,2,0,True,True,HIGH,WAIT_NATIVE_RETRY,medium,41.556,1
episode_02951,69900,CUSTOMER_AUTH_FAILURE,unknown,halted,2,2,240,0.0,2,0,False,False,MEDIUM,SEND_NUDGE,none,65.159,1
episode_02952,29900,TEMPORARY_FUNDS,unknown,pending,2,1,534,1.0,2,2,True,False,MEDIUM,SEND_NUDGE,none,20.316,1
episode_02953,29900,TEMPORARY_FUNDS,card,halted,2,4,450,0.5,2,1,False,True,HIGH,STOP_AND_ESCALATE,high,39.04,1
episode_02954,69900,TEMPORARY_FUNDS,card,pending,1,1,143,0.0,4,0,True,False,LOW,WAIT_NATIVE_RETRY,none,91.528,1
episode_02955,29900,CUSTOMER_AUTH_FAILURE,upi,pending,3,2,117,0.0,2,0,True,False,HIGH,SEND_NUDGE,none,13.968,1
episode_02956,29900,UNKNOWN,card,pending,2,4,111,0.0,2,0,True,False,LOW,STOP_AND_ESCALATE,none,34.976,0
episode_02957,29900,BANK_OR_NETWORK,card,pending,1,1,129,0.0,2,3,True,True,LOW,SEND_NUDGE,high,55.372,0
episode_02958,69900,MANDATE_OR_AUTH_INVALID,upi,pending,1,1,266,0.0,1,0,True,False,HIGH,STOP_AND_ESCALATE,none,16.333,1
episode_02959,69900,BANK_OR_NETWORK,upi,pending,1,2,196,0.0,3,0,True,False,HIGH,STOP_AND_ESCALATE,none,3.777,0
episode_02960,29900,BANK_OR_NETWORK,upi,halted,4,1,385,0.5,2,0,False,False,MEDIUM,WAIT_NATIVE_RETRY,none,21.67,1
episode_02961,69900,PAYMENT_METHOD_INVALID,emandate,pending,2,2,132,0.6,5,1,True,False,LOW,WAIT_NATIVE_RETRY,none,11.579,1
episode_02962,69900,BANK_OR_NETWORK,upi,pending,4,3,127,0.0,3,0,True,False,MEDIUM,WAIT_NATIVE_RETRY,none,30.771,1
episode_02963,69900,CUSTOMER_AUTH_FAILURE,card,pending,1,1,117,0.166667,6,0,True,True,HIGH,SEND_NUDGE,medium,22.401,1
episode_02964,69900,CUSTOMER_AUTH_FAILURE,netbanking,halted,3,2,189,0.0,2,0,False,False,HIGH,SEND_NUDGE,none,34.806,1
episode_02965,29900,TEMPORARY_FUNDS,netbanking,halted,2,3,134,0.0,0,1,False,False,HIGH,WAIT_NATIVE_RETRY,none,19.382,0
episode_02966,149900,CUSTOMER_AUTH_FAILURE,card,halted,2,2,284,0.0,3,1,False,False,HIGH,SEND_NUDGE,none,19.586,0
episode_02967,69900,TEMPORARY_FUNDS,upi,pending,3,1,84,0.0,1,0,True,False,HIGH,STOP_AND_ESCALATE,none,91.75,0
episode_02968,29900,UNKNOWN,card,pending,2,1,329,1.0,1,1,True,False,MEDIUM,REQUEST_CARD_UPDATE,none,32.858,0
episode_02969,29900,TEMPORARY_FUNDS,netbanking,pending,2,3,71,0.0,0,1,True,False,HIGH,REQUEST_CARD_UPDATE,none,65.954,0
episode_02970,29900,PAYMENT_METHOD_INVALID,card,halted,3,3,42,0.0,0,0,False,True,HIGH,SEND_NUDGE,medium,9.415,0
episode_02971,29900,UNKNOWN,upi,pending,1,2,298,0.8,5,1,True,False,MEDIUM,STOP_AND_ESCALATE,none,14.168,0
episode_02972,69900,BANK_OR_NETWORK,card,pending,1,3,156,0.0,0,1,True,False,HIGH,WAIT_NATIVE_RETRY,none,75.422,1
episode_02973,69900,CUSTOMER_AUTH_FAILURE,card,pending,4,1,53,0.2,5,0,True,False,HIGH,SEND_NUDGE,none,3.886,1
episode_02974,69900,PAYMENT_METHOD_INVALID,card,pending,6,3,357,0.0,0,0,True,False,HIGH,SEND_NUDGE,none,19.164,0
episode_02975,29900,BANK_OR_NETWORK,upi,halted,1,2,69,0.75,4,3,False,True,MEDIUM,SEND_NUDGE,medium,17.746,0
episode_02976,69900,PAYMENT_METHOD_INVALID,netbanking,pending,2,1,30,0.0,0,0,True,False,HIGH,REQUEST_CARD_UPDATE,none,28.005,1
episode_02977,69900,TEMPORARY_FUNDS,upi,pending,2,2,306,0.0,3,0,True,False,HIGH,SEND_NUDGE,none,11.232,1
episode_02978,29900,TEMPORARY_FUNDS,emandate,pending,2,2,363,0.0,2,0,True,False,HIGH,REQUEST_CARD_UPDATE,none,69.558,0
episode_02979,69900,UNKNOWN,card,pending,4,1,30,0.0,4,0,True,False,LOW,SEND_NUDGE,none,35.428,0
episode_02980,149900,MANDATE_OR_AUTH_INVALID,card,pending,3,1,240,0.5,2,0,True,True,HIGH,REQUEST_CARD_UPDATE,medium,19.039,0
episode_02981,69900,BANK_OR_NETWORK,upi,pending,1,1,151,1.0,1,3,True,False,HIGH,WAIT_NATIVE_RETRY,none,24.709,1
episode_02982,69900,BANK_OR_NETWORK,netbanking,pending,3,1,217,0.0,0,2,True,False,LOW,REQUEST_CARD_UPDATE,none,16.795,0
episode_02983,29900,TEMPORARY_FUNDS,card,pending,5,1,171,0.333333,3,2,True,False,LOW,WAIT_NATIVE_RETRY,none,10.563,1
episode_02984,149900,PAYMENT_METHOD_INVALID,card,halted,3,3,256,0.0,4,0,False,False,HIGH,REQUEST_CARD_UPDATE,none,107.398,1
episode_02985,29900,CUSTOMER_AUTH_FAILURE,card,pending,2,2,101,0.0,3,2,True,False,MEDIUM,WAIT_NATIVE_RETRY,none,43.584,0
episode_02986,69900,MANDATE_OR_AUTH_INVALID,netbanking,pending,1,2,136,0.666667,3,1,True,False,LOW,STOP_AND_ESCALATE,none,3.904,0
episode_02987,69900,BANK_OR_NETWORK,card,pending,1,1,218,0.0,4,1,True,False,MEDIUM,SEND_NUDGE,none,8.968,1
episode_02988,29900,UNKNOWN,card,pending,1,3,276,1.0,2,1,True,False,LOW,REQUEST_CARD_UPDATE,none,8.831,1
episode_02989,69900,MANDATE_OR_AUTH_INVALID,card,pending,2,5,228,0.333333,3,0,True,False,HIGH,SEND_NUDGE,none,109.348,0
episode_02990,29900,TEMPORARY_FUNDS,netbanking,halted,3,1,190,0.0,0,3,False,False,HIGH,SEND_NUDGE,none,9.577,0
episode_02991,149900,PAYMENT_METHOD_INVALID,netbanking,halted,2,2,71,0.0,1,0,False,False,HIGH,REQUEST_CARD_UPDATE,none,23.968,1
episode_02992,29900,UNKNOWN,upi,pending,2,1,223,0.0,1,1,True,False,LOW,STOP_AND_ESCALATE,none,51.279,1
episode_02993,69900,TEMPORARY_FUNDS,netbanking,pending,1,3,289,0.0,2,0,True,False,MEDIUM,WAIT_NATIVE_RETRY,none,22.257,1
episode_02994,29900,PAYMENT_METHOD_INVALID,emandate,pending,3,3,70,0.0,2,0,True,False,MEDIUM,STOP_AND_ESCALATE,none,8.001,0
episode_02995,149900,CUSTOMER_AUTH_FAILURE,card,pending,1,2,74,0.0,2,2,True,True,HIGH,REQUEST_CARD_UPDATE,low,31.854,0
episode_02996,149900,UNKNOWN,card,pending,2,2,113,1.0,1,0,True,False,LOW,STOP_AND_ESCALATE,none,45.289,0
episode_02997,29900,BANK_OR_NETWORK,upi,halted,1,1,352,1.0,1,2,False,True,MEDIUM,SEND_NUDGE,medium,1.79,1
episode_02998,29900,MANDATE_OR_AUTH_INVALID,card,pending,3,1,13,1.0,2,0,True,False,HIGH,SEND_NUDGE,none,29.7,1
episode_02999,149900,PAYMENT_METHOD_INVALID,card,halted,4,1,160,0.0,4,1,False,False,MEDIUM,SEND_NUDGE,none,1.885,1
episode_03000,29900,UNKNOWN,card,pending,1,2,50,0.333333,3,1,True,False,MEDIUM,SEND_NUDGE,none,15.473,1
episode_03001,69900,CUSTOMER_AUTH_FAILURE,upi,halted,5,2,46,1.0,1,0,False,False,MEDIUM,WAIT_NATIVE_RETRY,none,77.452,1
episode_03002,69900,TEMPORARY_FUNDS,card,halted,3,1,151,0.0,2,0,False,False,HIGH,WAIT_NATIVE_RETRY,none,81.006,0
episode_03003,29900,UNKNOWN,upi,pending,3,3,148,0.0,2,1,True,False,LOW,STOP_AND_ESCALATE,none,28.995,0
episode_03004,69900,PAYMENT_METHOD_INVALID,netbanking,pending,2,2,93,0.75,4,1,True,False,MEDIUM,SEND_NUDGE,none,60.496,1
episode_03005,29900,TEMPORARY_FUNDS,card,pending,2,2,214,0.0,0,1,True,False,HIGH,REQUEST_CARD_UPDATE,none,44.15,1
episode_03006,69900,TEMPORARY_FUNDS,card,pending,1,3,293,1.0,1,0,True,False,HIGH,STOP_AND_ESCALATE,none,8.749,1
episode_03007,29900,BANK_OR_NETWORK,card,pending,2,1,185,0.5,2,0,True,False,MEDIUM,WAIT_NATIVE_RETRY,none,36.054,1
episode_03008,29900,BANK_OR_NETWORK,upi,pending,1,1,415,1.0,2,0,True,False,HIGH,SEND_NUDGE,none,11.958,1
episode_03009,69900,CUSTOMER_AUTH_FAILURE,emandate,pending,1,1,122,0.75,4,1,True,False,HIGH,WAIT_NATIVE_RETRY,none,4.401,1
episode_03010,69900,UNKNOWN,emandate,halted,2,3,373,1.0,1,1,False,False,LOW,WAIT_NATIVE_RETRY,none,2.606,0
episode_03011,29900,BANK_OR_NETWORK,upi,pending,6,1,68,0.0,0,0,True,False,MEDIUM,STOP_AND_ESCALATE,none,32.65,0
episode_03012,69900,CUSTOMER_AUTH_FAILURE,card,pending,1,2,288,0.2,5,0,True,False,MEDIUM,REQUEST_CARD_UPDATE,none,77.71,0
episode_03013,69900,BANK_OR_NETWORK,upi,pending,6,1,331,1.0,1,0,True,False,HIGH,SEND_NUDGE,none,64.394,0
episode_03014,29900,CUSTOMER_AUTH_FAILURE,upi,pending,4,1,260,0.25,4,2,True,True,MEDIUM,REQUEST_CARD_UPDATE,medium,30.433,0
episode_03015,69900,CUSTOMER_AUTH_FAILURE,upi,pending,2,1,13,0.0,2,2,True,False,MEDIUM,SEND_NUDGE,none,22.058,0
episode_03016,149900,PAYMENT_METHOD_INVALID,upi,pending,3,2,468,0.0,2,0,True,False,HIGH,SEND_NUDGE,none,22.724,0
episode_03017,69900,TEMPORARY_FUNDS,upi,pending,4,2,95,1.0,1,0,True,False,LOW,STOP_AND_ESCALATE,none,26.983,1
episode_03018,149900,BANK_OR_NETWORK,upi,halted,3,1,126,0.5,2,2,False,False,MEDIUM,SEND_NUDGE,none,12.538,0
episode_03019,69900,BANK_OR_NETWORK,netbanking,pending,2,2,116,0.0,0,0,True,False,LOW,WAIT_NATIVE_RETRY,none,46.557,1
episode_03020,69900,TEMPORARY_FUNDS,card,halted,3,1,55,0.0,3,0,False,False,HIGH,REQUEST_CARD_UPDATE,none,18.356,0
episode_03021,29900,UNKNOWN,card,pending,1,1,115,1.0,1,0,True,False,LOW,WAIT_NATIVE_RETRY,none,72.692,1
episode_03022,69900,TEMPORARY_FUNDS,netbanking,pending,1,1,182,0.8,5,0,True,False,HIGH,REQUEST_CARD_UPDATE,none,39.43,1
episode_03023,69900,TEMPORARY_FUNDS,card,pending,4,3,154,0.0,1,1,True,False,HIGH,WAIT_NATIVE_RETRY,none,28.551,1
episode_03024,149900,TEMPORARY_FUNDS,card,pending,2,3,433,0.0,5,0,True,False,HIGH,WAIT_NATIVE_RETRY,none,14.237,1
episode_03025,69900,BANK_OR_NETWORK,card,pending,1,2,35,0.0,1,0,True,False,MEDIUM,STOP_AND_ESCALATE,none,27.508,0
episode_03026,29900,UNKNOWN,card,pending,3,2,54,0.0,0,0,True,False,LOW,SEND_NUDGE,none,25.692,0
episode_03027,149900,MANDATE_OR_AUTH_INVALID,card,pending,3,1,369,1.0,4,2,True,False,HIGH,SEND_NUDGE,none,32.629,0
episode_03028,29900,PAYMENT_METHOD_INVALID,emandate,pending,2,1,88,0.0,4,2,True,False,HIGH,SEND_NUDGE,none,33.31,0
episode_03029,29900,PAYMENT_METHOD_INVALID,upi,halted,3,1,114,1.0,1,1,False,False,HIGH,REQUEST_CARD_UPDATE,none,27.83,0
episode_03030,29900,BANK_OR_NETWORK,card,pending,2,2,667,0.666667,3,0,True,False,HIGH,SEND_NUDGE,none,11.479,0
episode_03031,29900,PAYMENT_METHOD_INVALID,card,pending,2,1,394,0.0,3,0,True,False,HIGH,WAIT_NATIVE_RETRY,none,34.236,1
episode_03032,29900,BANK_OR_NETWORK,card,pending,2,3,344,0.0,3,1,True,False,HIGH,STOP_AND_ESCALATE,none,10.26,0
episode_03033,69900,CUSTOMER_AUTH_FAILURE,card,pending,2,1,119,0.0,1,1,True,False,LOW,WAIT_NATIVE_RETRY,none,20.851,0
episode_03034,69900,BANK_OR_NETWORK,card,pending,2,2,101,0.5,2,0,True,False,HIGH,WAIT_NATIVE_RETRY,none,56.433,1
episode_03035,69900,CUSTOMER_AUTH_FAILURE,card,halted,2,1,50,0.0,4,0,False,False,HIGH,REQUEST_CARD_UPDATE,none,26.416,0
episode_03036,69900,TEMPORARY_FUNDS,upi,pending,2,1,267,1.0,3,1,True,False,HIGH,WAIT_NATIVE_RETRY,none,29.919,1
episode_03037,29900,CUSTOMER_AUTH_FAILURE,card,pending,2,2,100,0.0,2,1,True,False,HIGH,WAIT_NATIVE_RETRY,none,41.28,1
episode_03038,29900,BANK_OR_NETWORK,emandate,halted,2,2,56,0.0,1,0,False,False,HIGH,WAIT_NATIVE_RETRY,none,74.331,0
episode_03039,29900,TEMPORARY_FUNDS,card,halted,1,2,109,0.0,3,0,False,False,HIGH,REQUEST_CARD_UPDATE,none,40.569,1
episode_03040,69900,MANDATE_OR_AUTH_INVALID,card,pending,1,2,160,0.25,4,1,True,True,HIGH,WAIT_NATIVE_RETRY,high,42.424,0
episode_03041,29900,UNKNOWN,card,pending,2,1,19,0.0,3,1,True,True,LOW,WAIT_NATIVE_RETRY,medium,17.671,0
episode_03042,149900,TEMPORARY_FUNDS,card,pending,2,2,322,0.0,2,2,True,False,MEDIUM,STOP_AND_ESCALATE,none,39.782,0
episode_03043,149900,TEMPORARY_FUNDS,upi,pending,3,1,208,0.0,0,2,True,False,MEDIUM,SEND_NUDGE,none,89.235,0
episode_03044,69900,BANK_OR_NETWORK,card,halted,1,2,118,0.0,3,0,False,False,HIGH,WAIT_NATIVE_RETRY,none,13.786,1
episode_03045,69900,MANDATE_OR_AUTH_INVALID,card,pending,2,2,177,0.0,4,0,True,False,HIGH,STOP_AND_ESCALATE,none,15.856,0
episode_03046,149900,PAYMENT_METHOD_INVALID,card,pending,1,1,451,1.0,1,0,True,False,HIGH,REQUEST_CARD_UPDATE,none,21.636,1
episode_03047,149900,TEMPORARY_FUNDS,upi,pending,1,2,79,0.0,1,0,True,False,LOW,SEND_NUDGE,none,31.002,1
episode_03048,69900,CUSTOMER_AUTH_FAILURE,card,pending,5,3,235,0.0,1,1,True,False,HIGH,SEND_NUDGE,none,59.198,1
episode_03049,69900,CUSTOMER_AUTH_FAILURE,card,pending,2,2,134,1.0,2,1,True,False,HIGH,REQUEST_CARD_UPDATE,none,28.131,1
episode_03050,69900,CUSTOMER_AUTH_FAILURE,netbanking,pending,3,2,236,0.5,2,0,True,False,HIGH,SEND_NUDGE,none,13.513,0
episode_03051,29900,CUSTOMER_AUTH_FAILURE,emandate,pending,2,2,42,0.5,2,0,True,False,HIGH,WAIT_NATIVE_RETRY,none,39.494,1
episode_03052,69900,MANDATE_OR_AUTH_INVALID,card,pending,3,1,43,1.0,2,2,True,False,HIGH,STOP_AND_ESCALATE,none,66.208,1
episode_03053,29900,MANDATE_OR_AUTH_INVALID,upi,pending,3,1,106,0.666667,3,1,True,False,HIGH,STOP_AND_ESCALATE,none,15.931,1
episode_03054,29900,TEMPORARY_FUNDS,emandate,pending,2,4,169,0.0,0,1,True,False,HIGH,REQUEST_CARD_UPDATE,none,20.496,1
episode_03055,29900,BANK_OR_NETWORK,upi,pending,1,2,130,0.0,0,0,True,True,MEDIUM,REQUEST_CARD_UPDATE,medium,26.062,0
episode_03056,149900,TEMPORARY_FUNDS,netbanking,pending,2,2,143,1.0,3,0,True,True,HIGH,STOP_AND_ESCALATE,medium,18.648,1
episode_03057,69900,BANK_OR_NETWORK,card,pending,1,2,134,0.0,0,2,True,False,HIGH,REQUEST_CARD_UPDATE,none,43.186,0
episode_03058,69900,BANK_OR_NETWORK,card,pending,2,2,109,0.857143,7,1,True,False,HIGH,SEND_NUDGE,none,38.633,0
episode_03059,29900,CUSTOMER_AUTH_FAILURE,card,halted,1,2,53,0.0,2,2,False,False,HIGH,SEND_NUDGE,none,4.522,0
episode_03060,29900,CUSTOMER_AUTH_FAILURE,upi,pending,1,2,618,0.0,4,1,True,False,MEDIUM,WAIT_NATIVE_RETRY,none,11.727,0
episode_03061,69900,UNKNOWN,card,pending,1,1,254,0.0,2,0,True,True,MEDIUM,REQUEST_CARD_UPDATE,medium,16.458,0
episode_03062,69900,MANDATE_OR_AUTH_INVALID,card,halted,4,2,144,0.333333,3,3,False,False,HIGH,STOP_AND_ESCALATE,none,70.773,0
episode_03063,149900,TEMPORARY_FUNDS,upi,pending,2,2,119,0.0,1,0,True,False,HIGH,REQUEST_CARD_UPDATE,none,43.649,1
episode_03064,149900,BANK_OR_NETWORK,upi,pending,5,2,230,0.0,0,0,True,False,MEDIUM,WAIT_NATIVE_RETRY,none,28.308,0
episode_03065,149900,BANK_OR_NETWORK,card,halted,1,1,276,1.0,1,0,False,False,MEDIUM,STOP_AND_ESCALATE,none,16.305,1
episode_03066,149900,BANK_OR_NETWORK,card,pending,2,2,141,0.0,0,0,True,False,HIGH,SEND_NUDGE,none,19.256,1
episode_03067,29900,PAYMENT_METHOD_INVALID,upi,pending,2,1,238,0.8,5,3,True,False,HIGH,WAIT_NATIVE_RETRY,none,20.903,0
episode_03068,69900,TEMPORARY_FUNDS,upi,pending,2,3,276,0.5,2,0,True,True,HIGH,WAIT_NATIVE_RETRY,medium,11.353,1
episode_03069,69900,BANK_OR_NETWORK,card,pending,2,1,74,0.0,1,0,True,False,HIGH,SEND_NUDGE,none,26.575,0
episode_03070,29900,PAYMENT_METHOD_INVALID,emandate,pending,4,4,98,1.0,3,0,True,False,HIGH,SEND_NUDGE,none,51.765,0
episode_03071,69900,TEMPORARY_FUNDS,emandate,pending,3,1,152,1.0,1,2,True,False,MEDIUM,REQUEST_CARD_UPDATE,none,12.398,1
episode_03072,149900,CUSTOMER_AUTH_FAILURE,card,pending,2,1,20,0.4,5,0,True,True,HIGH,REQUEST_CARD_UPDATE,high,55.357,1
episode_03073,69900,PAYMENT_METHOD_INVALID,emandate,halted,2,1,129,0.0,1,0,False,False,MEDIUM,WAIT_NATIVE_RETRY,none,81.123,1
episode_03074,149900,CUSTOMER_AUTH_FAILURE,upi,pending,3,1,92,0.0,1,2,True,False,LOW,WAIT_NATIVE_RETRY,none,31.693,0
episode_03075,29900,PAYMENT_METHOD_INVALID,card,pending,2,1,158,0.0,1,1,True,False,MEDIUM,STOP_AND_ESCALATE,none,42.395,1
episode_03076,69900,BANK_OR_NETWORK,upi,pending,1,1,121,1.0,1,0,True,False,MEDIUM,SEND_NUDGE,none,10.814,1
episode_03077,69900,PAYMENT_METHOD_INVALID,card,halted,1,2,137,0.333333,3,1,False,False,LOW,REQUEST_CARD_UPDATE,none,59.804,1
episode_03078,69900,TEMPORARY_FUNDS,upi,halted,4,1,211,0.0,0,0,False,False,LOW,SEND_NUDGE,none,79.587,0
episode_03079,29900,MANDATE_OR_AUTH_INVALID,upi,pending,2,1,41,0.5,2,0,True,False,HIGH,WAIT_NATIVE_RETRY,none,56.699,0
episode_03080,149900,BANK_OR_NETWORK,upi,pending,4,1,638,0.0,2,0,True,False,HIGH,WAIT_NATIVE_RETRY,none,71.046,0
episode_03081,149900,TEMPORARY_FUNDS,upi,pending,4,2,273,0.0,1,2,True,True,MEDIUM,REQUEST_CARD_UPDATE,medium,30.585,1
episode_03082,29900,PAYMENT_METHOD_INVALID,card,pending,4,2,149,0.333333,3,2,True,False,HIGH,WAIT_NATIVE_RETRY,none,15.563,0
episode_03083,29900,MANDATE_OR_AUTH_INVALID,upi,pending,2,2,195,0.75,4,0,True,True,HIGH,WAIT_NATIVE_RETRY,medium,19.212,0
episode_03084,29900,TEMPORARY_FUNDS,emandate,pending,1,1,153,1.0,2,2,True,False,HIGH,REQUEST_CARD_UPDATE,none,50.148,1
episode_03085,29900,PAYMENT_METHOD_INVALID,unknown,halted,3,4,157,0.25,4,1,False,False,MEDIUM,WAIT_NATIVE_RETRY,none,45.281,0
episode_03086,69900,UNKNOWN,upi,pending,1,3,88,0.0,2,0,True,False,LOW,SEND_NUDGE,none,13.27,1
episode_03087,29900,BANK_OR_NETWORK,card,pending,2,3,89,1.0,1,3,True,False,MEDIUM,REQUEST_CARD_UPDATE,none,11.779,0
episode_03088,69900,TEMPORARY_FUNDS,card,pending,3,1,39,0.5,2,0,True,False,HIGH,WAIT_NATIVE_RETRY,none,3.232,1
episode_03089,149900,UNKNOWN,upi,pending,3,4,210,0.0,2,0,True,False,MEDIUM,REQUEST_CARD_UPDATE,none,77.232,1
episode_03090,149900,TEMPORARY_FUNDS,emandate,pending,1,2,132,0.0,2,0,True,False,HIGH,SEND_NUDGE,none,28.366,1
episode_03091,29900,BANK_OR_NETWORK,netbanking,pending,4,2,382,0.666667,3,0,True,False,MEDIUM,WAIT_NATIVE_RETRY,none,6.504,1
episode_03092,69900,BANK_OR_NETWORK,card,pending,1,1,119,0.0,0,2,True,False,LOW,REQUEST_CARD_UPDATE,none,20.578,0
episode_03093,69900,TEMPORARY_FUNDS,card,halted,2,1,109,0.333333,3,0,False,False,HIGH,STOP_AND_ESCALATE,none,19.133,1
episode_03094,29900,CUSTOMER_AUTH_FAILURE,card,pending,6,1,169,1.0,1,2,True,False,HIGH,WAIT_NATIVE_RETRY,none,15.603,0
episode_03095,149900,TEMPORARY_FUNDS,upi,pending,2,4,319,0.0,1,2,True,False,HIGH,SEND_NUDGE,none,61.532,0
episode_03096,69900,BANK_OR_NETWORK,card,pending,2,2,27,0.0,2,0,True,True,MEDIUM,REQUEST_CARD_UPDATE,medium,76.317,0
episode_03097,29900,PAYMENT_METHOD_INVALID,card,halted,1,1,37,0.5,2,1,False,False,HIGH,WAIT_NATIVE_RETRY,none,34.358,0
episode_03098,149900,TEMPORARY_FUNDS,card,halted,5,2,783,0.333333,3,2,False,False,HIGH,SEND_NUDGE,none,59.942,0
episode_03099,29900,CUSTOMER_AUTH_FAILURE,netbanking,pending,4,2,78,0.0,2,0,True,False,LOW,STOP_AND_ESCALATE,none,57.104,0
episode_03100,69900,BANK_OR_NETWORK,emandate,halted,3,1,108,1.0,2,0,False,False,HIGH,STOP_AND_ESCALATE,none,14.724,1
episode_03101,29900,TEMPORARY_FUNDS,card,pending,2,1,78,0.5,2,3,True,False,MEDIUM,WAIT_NATIVE_RETRY,none,105.351,1
episode_03102,149900,MANDATE_OR_AUTH_INVALID,card,halted,3,2,122,0.5,2,0,False,False,MEDIUM,STOP_AND_ESCALATE,none,20.415,1
episode_03103,69900,CUSTOMER_AUTH_FAILURE,emandate,pending,1,1,225,0.0,2,0,True,False,MEDIUM,SEND_NUDGE,none,9.146,0
episode_03104,29900,PAYMENT_METHOD_INVALID,upi,pending,2,1,368,0.0,1,0,True,False,HIGH,STOP_AND_ESCALATE,none,27.314,0
episode_03105,29900,TEMPORARY_FUNDS,netbanking,pending,1,2,161,0.0,0,0,True,False,HIGH,SEND_NUDGE,none,27.89,1
episode_03106,149900,MANDATE_OR_AUTH_INVALID,card,pending,5,2,148,0.0,1,0,True,False,HIGH,STOP_AND_ESCALATE,none,55.865,0
episode_03107,29900,PAYMENT_METHOD_INVALID,netbanking,pending,3,2,94,1.0,4,0,True,False,HIGH,STOP_AND_ESCALATE,none,68.804,0
episode_03108,29900,CUSTOMER_AUTH_FAILURE,upi,pending,1,1,140,0.0,2,1,True,False,MEDIUM,SEND_NUDGE,none,112.766,1
episode_03109,69900,TEMPORARY_FUNDS,emandate,pending,1,3,129,0.5,4,1,True,False,MEDIUM,WAIT_NATIVE_RETRY,none,7.514,1
episode_03110,29900,TEMPORARY_FUNDS,card,halted,2,1,165,0.0,1,1,False,False,HIGH,SEND_NUDGE,none,34.947,0
episode_03111,29900,TEMPORARY_FUNDS,card,pending,3,2,231,0.0,2,3,True,False,HIGH,REQUEST_CARD_UPDATE,none,45.123,0
episode_03112,29900,BANK_OR_NETWORK,card,pending,1,1,145,0.0,0,0,True,True,HIGH,REQUEST_CARD_UPDATE,low,38.168,0
episode_03113,29900,TEMPORARY_FUNDS,card,pending,2,2,164,1.0,1,0,True,False,HIGH,STOP_AND_ESCALATE,none,16.323,0
episode_03114,69900,PAYMENT_METHOD_INVALID,upi,halted,1,2,235,1.0,1,0,False,False,HIGH,REQUEST_CARD_UPDATE,none,22.54,1
episode_03115,69900,MANDATE_OR_AUTH_INVALID,card,pending,2,2,151,0.333333,3,0,True,False,MEDIUM,SEND_NUDGE,none,34.231,0
episode_03116,69900,PAYMENT_METHOD_INVALID,card,pending,2,3,93,0.166667,6,0,True,False,HIGH,REQUEST_CARD_UPDATE,none,11.986,0
episode_03117,29900,BANK_OR_NETWORK,netbanking,pending,1,1,80,0.0,1,0,True,False,HIGH,REQUEST_CARD_UPDATE,none,49.411,0
episode_03118,149900,UNKNOWN,emandate,halted,1,1,231,0.0,2,0,False,False,LOW,SEND_NUDGE,none,18.066,0
episode_03119,69900,CUSTOMER_AUTH_FAILURE,card,halted,2,1,100,0.4,5,0,False,False,HIGH,WAIT_NATIVE_RETRY,none,13.649,0
episode_03120,29900,TEMPORARY_FUNDS,card,pending,1,2,231,0.333333,3,0,True,False,HIGH,SEND_NUDGE,none,32.532,1
episode_03121,29900,BANK_OR_NETWORK,emandate,pending,2,1,458,0.0,0,1,True,False,HIGH,REQUEST_CARD_UPDATE,none,3.74,0
episode_03122,69900,CUSTOMER_AUTH_FAILURE,upi,halted,2,2,9,0.333333,3,0,False,False,LOW,WAIT_NATIVE_RETRY,none,47.555,1
episode_03123,69900,PAYMENT_METHOD_INVALID,emandate,pending,1,2,78,0.0,2,1,True,False,HIGH,SEND_NUDGE,none,51.67,0
episode_03124,69900,MANDATE_OR_AUTH_INVALID,upi,pending,2,1,364,0.0,3,0,True,False,HIGH,STOP_AND_ESCALATE,none,61.506,0
episode_03125,29900,PAYMENT_METHOD_INVALID,card,pending,1,1,121,0.0,1,1,True,False,HIGH,REQUEST_CARD_UPDATE,none,31.82,0
episode_03126,29900,TEMPORARY_FUNDS,upi,halted,1,1,298,0.0,1,0,False,False,MEDIUM,SEND_NUDGE,none,106.807,0
episode_03127,29900,UNKNOWN,upi,pending,2,2,375,0.0,0,0,True,False,LOW,REQUEST_CARD_UPDATE,none,59.217,0
episode_03128,149900,CUSTOMER_AUTH_FAILURE,netbanking,pending,3,1,337,1.0,1,1,True,False,MEDIUM,WAIT_NATIVE_RETRY,none,2.173,1
episode_03129,69900,BANK_OR_NETWORK,card,pending,2,1,396,0.0,3,1,True,False,HIGH,STOP_AND_ESCALATE,none,3.402,0
episode_03130,29900,BANK_OR_NETWORK,card,pending,2,1,658,0.0,2,0,True,True,HIGH,WAIT_NATIVE_RETRY,medium,17.925,1
episode_03131,29900,TEMPORARY_FUNDS,card,pending,1,2,132,0.0,2,0,True,False,HIGH,SEND_NUDGE,none,5.277,1
episode_03132,29900,TEMPORARY_FUNDS,card,pending,2,1,505,0.666667,3,1,True,False,MEDIUM,SEND_NUDGE,none,15.579,1
episode_03133,69900,PAYMENT_METHOD_INVALID,card,pending,2,3,248,0.0,1,0,True,False,MEDIUM,SEND_NUDGE,none,14.741,1
episode_03134,149900,BANK_OR_NETWORK,card,pending,2,1,627,0.0,1,2,True,False,MEDIUM,WAIT_NATIVE_RETRY,none,17.536,1
episode_03135,69900,UNKNOWN,card,pending,6,2,239,0.333333,3,0,True,False,MEDIUM,WAIT_NATIVE_RETRY,none,61.103,1
episode_03136,149900,CUSTOMER_AUTH_FAILURE,card,pending,1,1,76,1.0,1,2,True,False,LOW,REQUEST_CARD_UPDATE,none,23.327,0
episode_03137,29900,MANDATE_OR_AUTH_INVALID,emandate,halted,3,1,97,1.0,2,0,False,False,HIGH,SEND_NUDGE,none,10.895,0
episode_03138,29900,BANK_OR_NETWORK,netbanking,halted,3,1,255,0.0,3,0,False,False,HIGH,STOP_AND_ESCALATE,none,29.695,0
episode_03139,29900,BANK_OR_NETWORK,netbanking,pending,3,1,181,0.0,1,0,True,False,HIGH,WAIT_NATIVE_RETRY,none,14.79,0
episode_03140,69900,PAYMENT_METHOD_INVALID,card,pending,4,1,46,0.0,2,2,True,False,HIGH,REQUEST_CARD_UPDATE,none,71.742,1
episode_03141,69900,TEMPORARY_FUNDS,card,pending,1,3,298,1.0,1,0,True,False,MEDIUM,SEND_NUDGE,none,63.438,1
episode_03142,149900,BANK_OR_NETWORK,emandate,pending,4,2,202,0.0,7,0,True,True,MEDIUM,WAIT_NATIVE_RETRY,high,27.32,1
episode_03143,29900,MANDATE_OR_AUTH_INVALID,card,pending,3,3,140,0.75,4,0,True,False,HIGH,STOP_AND_ESCALATE,none,2.737,0
episode_03144,29900,UNKNOWN,card,halted,1,1,168,1.0,2,0,False,False,LOW,STOP_AND_ESCALATE,none,11.285,0
episode_03145,29900,CUSTOMER_AUTH_FAILURE,upi,pending,3,3,148,0.0,1,1,True,False,MEDIUM,WAIT_NATIVE_RETRY,none,15.998,1
episode_03146,149900,TEMPORARY_FUNDS,upi,pending,3,1,168,0.5,2,1,True,False,LOW,SEND_NUDGE,none,20.972,1
episode_03147,29900,PAYMENT_METHOD_INVALID,upi,halted,2,2,199,0.5,4,2,False,False,HIGH,REQUEST_CARD_UPDATE,none,14.229,1
episode_03148,69900,PAYMENT_METHOD_INVALID,card,pending,4,1,113,0.0,0,1,True,False,HIGH,REQUEST_CARD_UPDATE,none,39.799,0
episode_03149,149900,UNKNOWN,upi,pending,2,1,381,0.0,1,1,True,False,LOW,STOP_AND_ESCALATE,none,29.339,0
episode_03150,29900,PAYMENT_METHOD_INVALID,unknown,pending,3,3,14,0.25,4,3,True,False,HIGH,REQUEST_CARD_UPDATE,none,48.422,0
episode_03151,69900,PAYMENT_METHOD_INVALID,card,halted,1,2,244,0.5,2,0,False,False,HIGH,REQUEST_CARD_UPDATE,none,12.188,1
episode_03152,29900,MANDATE_OR_AUTH_INVALID,upi,pending,1,1,79,0.0,1,2,True,False,MEDIUM,REQUEST_CARD_UPDATE,none,43.772,0
episode_03153,29900,BANK_OR_NETWORK,netbanking,halted,3,1,95,1.0,1,2,False,False,HIGH,SEND_NUDGE,none,15.617,0
episode_03154,69900,TEMPORARY_FUNDS,upi,pending,1,2,166,0.0,6,0,True,False,HIGH,WAIT_NATIVE_RETRY,none,6.901,1
episode_03155,149900,BANK_OR_NETWORK,emandate,pending,1,1,122,1.0,1,0,True,False,HIGH,REQUEST_CARD_UPDATE,none,33.013,1
episode_03156,29900,PAYMENT_METHOD_INVALID,upi,pending,1,4,13,0.0,1,1,True,False,HIGH,SEND_NUDGE,none,33.662,1
episode_03157,149900,CUSTOMER_AUTH_FAILURE,card,pending,1,1,111,0.5,2,0,True,False,HIGH,REQUEST_CARD_UPDATE,none,122.763,1
episode_03158,69900,PAYMENT_METHOD_INVALID,card,pending,2,3,262,0.0,2,0,True,False,HIGH,WAIT_NATIVE_RETRY,none,34.981,0
episode_03159,149900,UNKNOWN,netbanking,halted,2,1,236,0.0,0,0,False,False,LOW,REQUEST_CARD_UPDATE,none,10.167,1
episode_03160,149900,BANK_OR_NETWORK,card,halted,2,1,78,1.0,1,1,False,False,MEDIUM,REQUEST_CARD_UPDATE,none,21.641,1
episode_03161,149900,BANK_OR_NETWORK,upi,pending,3,2,138,0.5,2,0,True,False,MEDIUM,STOP_AND_ESCALATE,none,55.697,0
episode_03162,29900,PAYMENT_METHOD_INVALID,card,pending,5,2,39,0.333333,6,3,True,False,LOW,REQUEST_CARD_UPDATE,none,31.446,1
episode_03163,149900,TEMPORARY_FUNDS,card,pending,2,2,222,1.0,1,2,True,False,MEDIUM,SEND_NUDGE,none,7.144,1
episode_03164,29900,MANDATE_OR_AUTH_INVALID,upi,pending,4,4,62,0.0,2,0,True,False,MEDIUM,SEND_NUDGE,none,54.131,0
episode_03165,149900,CUSTOMER_AUTH_FAILURE,card,pending,1,2,320,1.0,2,0,True,False,LOW,STOP_AND_ESCALATE,none,50.06,1
episode_03166,69900,BANK_OR_NETWORK,emandate,halted,2,1,185,0.0,4,0,False,True,MEDIUM,STOP_AND_ESCALATE,high,54.342,0
episode_03167,69900,PAYMENT_METHOD_INVALID,card,halted,2,1,184,0.5,2,2,False,False,LOW,SEND_NUDGE,none,18.546,1
episode_03168,69900,TEMPORARY_FUNDS,upi,halted,3,3,102,1.0,4,0,False,False,MEDIUM,REQUEST_CARD_UPDATE,none,37.383,0
episode_03169,29900,BANK_OR_NETWORK,card,pending,5,2,207,1.0,1,2,True,False,MEDIUM,WAIT_NATIVE_RETRY,none,14.623,1
episode_03170,29900,BANK_OR_NETWORK,upi,pending,3,2,260,0.0,1,1,True,False,HIGH,STOP_AND_ESCALATE,none,26.488,0
episode_03171,149900,BANK_OR_NETWORK,upi,halted,2,1,184,0.0,0,3,False,False,HIGH,WAIT_NATIVE_RETRY,none,4.909,0
episode_03172,69900,BANK_OR_NETWORK,emandate,halted,1,2,373,0.0,3,1,False,False,LOW,WAIT_NATIVE_RETRY,none,52.5,1
episode_03173,29900,CUSTOMER_AUTH_FAILURE,card,pending,1,2,204,0.0,0,0,True,False,MEDIUM,STOP_AND_ESCALATE,none,43.109,1
episode_03174,29900,TEMPORARY_FUNDS,card,pending,3,2,285,0.5,2,1,True,False,MEDIUM,WAIT_NATIVE_RETRY,none,65.646,1
episode_03175,69900,PAYMENT_METHOD_INVALID,emandate,pending,1,4,109,1.0,2,0,True,False,HIGH,SEND_NUDGE,none,12.091,0
episode_03176,149900,CUSTOMER_AUTH_FAILURE,card,pending,1,1,124,0.5,2,0,True,False,HIGH,REQUEST_CARD_UPDATE,none,30.714,0
episode_03177,29900,PAYMENT_METHOD_INVALID,emandate,pending,3,2,112,0.0,4,0,True,False,MEDIUM,SEND_NUDGE,none,7.355,0
episode_03178,29900,BANK_OR_NETWORK,card,pending,3,2,115,0.0,1,0,True,False,MEDIUM,SEND_NUDGE,none,38.777,0
episode_03179,69900,CUSTOMER_AUTH_FAILURE,upi,pending,1,3,34,0.0,1,0,True,False,HIGH,REQUEST_CARD_UPDATE,none,39.614,0
episode_03180,69900,CUSTOMER_AUTH_FAILURE,card,halted,2,4,17,1.0,1,0,False,False,HIGH,REQUEST_CARD_UPDATE,none,104.534,0
episode_03181,69900,TEMPORARY_FUNDS,card,halted,3,1,120,0.0,2,0,False,False,LOW,WAIT_NATIVE_RETRY,none,53.95,0
episode_03182,69900,PAYMENT_METHOD_INVALID,card,pending,2,3,208,0.0,1,1,True,False,HIGH,STOP_AND_ESCALATE,none,4.059,0
episode_03183,29900,UNKNOWN,upi,pending,2,1,153,0.0,3,1,True,True,LOW,SEND_NUDGE,high,69.838,1
episode_03184,29900,MANDATE_OR_AUTH_INVALID,card,pending,3,3,92,0.0,4,1,True,False,HIGH,WAIT_NATIVE_RETRY,none,45.274,0
episode_03185,29900,TEMPORARY_FUNDS,card,pending,2,1,255,0.0,3,1,True,False,HIGH,STOP_AND_ESCALATE,none,41.253,1
episode_03186,69900,PAYMENT_METHOD_INVALID,card,pending,1,1,65,0.0,1,1,True,False,MEDIUM,STOP_AND_ESCALATE,none,3.588,0
episode_03187,29900,TEMPORARY_FUNDS,upi,pending,1,1,183,1.0,1,3,True,False,MEDIUM,WAIT_NATIVE_RETRY,none,22.393,1
episode_03188,69900,TEMPORARY_FUNDS,emandate,pending,3,1,107,0.25,4,0,True,True,HIGH,WAIT_NATIVE_RETRY,low,21.523,1
episode_03189,149900,BANK_OR_NETWORK,netbanking,pending,2,1,307,0.0,2,0,True,False,HIGH,WAIT_NATIVE_RETRY,none,36.836,0
episode_03190,29900,TEMPORARY_FUNDS,upi,halted,3,1,186,1.0,1,1,False,False,MEDIUM,SEND_NUDGE,none,17.357,0
episode_03191,29900,BANK_OR_NETWORK,upi,pending,1,1,164,0.0,1,0,True,True,HIGH,SEND_NUDGE,medium,30.688,1
episode_03192,69900,UNKNOWN,upi,pending,2,1,371,0.0,0,0,True,False,LOW,WAIT_NATIVE_RETRY,none,11.284,1
episode_03193,29900,MANDATE_OR_AUTH_INVALID,card,pending,4,2,200,0.0,3,0,True,False,HIGH,REQUEST_CARD_UPDATE,none,3.901,0
episode_03194,29900,MANDATE_OR_AUTH_INVALID,card,pending,1,2,165,1.0,3,0,True,False,HIGH,SEND_NUDGE,none,54.611,0
episode_03195,149900,TEMPORARY_FUNDS,card,pending,3,3,164,0.666667,3,1,True,False,LOW,REQUEST_CARD_UPDATE,none,30.314,0
episode_03196,149900,MANDATE_OR_AUTH_INVALID,card,pending,3,1,74,0.0,1,1,True,False,HIGH,REQUEST_CARD_UPDATE,none,13.612,0
episode_03197,69900,UNKNOWN,netbanking,pending,2,1,145,1.0,3,0,True,True,LOW,REQUEST_CARD_UPDATE,medium,27.178,1
episode_03198,69900,CUSTOMER_AUTH_FAILURE,card,halted,2,1,220,0.0,3,1,False,False,MEDIUM,STOP_AND_ESCALATE,none,10.498,0
episode_03199,149900,TEMPORARY_FUNDS,card,pending,1,1,50,0.5,2,1,True,False,HIGH,REQUEST_CARD_UPDATE,none,12.346,1
episode_03200,69900,TEMPORARY_FUNDS,card,halted,2,4,374,0.25,4,0,False,False,MEDIUM,SEND_NUDGE,none,11.904,0
episode_03201,69900,PAYMENT_METHOD_INVALID,card,pending,3,1,34,0.25,4,0,True,False,MEDIUM,SEND_NUDGE,none,1.259,0
episode_03202,149900,TEMPORARY_FUNDS,card,pending,2,2,458,0.5,2,1,True,False,LOW,STOP_AND_ESCALATE,none,38.371,1
episode_03203,69900,TEMPORARY_FUNDS,netbanking,pending,1,3,96,0.5,2,1,True,False,HIGH,SEND_NUDGE,none,19.064,0
episode_03204,29900,MANDATE_OR_AUTH_INVALID,unknown,halted,1,4,257,0.0,3,0,False,False,MEDIUM,WAIT_NATIVE_RETRY,none,9.907,0
episode_03205,149900,BANK_OR_NETWORK,card,pending,4,3,37,0.5,2,0,True,False,HIGH,SEND_NUDGE,none,31.744,1
episode_03206,69900,BANK_OR_NETWORK,upi,pending,2,1,118,0.5,4,2,True,False,HIGH,REQUEST_CARD_UPDATE,none,32.238,0
episode_03207,149900,UNKNOWN,card,pending,3,1,72,0.5,2,0,True,False,LOW,REQUEST_CARD_UPDATE,none,2.854,1
episode_03208,29900,BANK_OR_NETWORK,upi,pending,4,2,195,0.0,0,0,True,True,LOW,WAIT_NATIVE_RETRY,medium,68.636,1
episode_03209,29900,CUSTOMER_AUTH_FAILURE,upi,pending,1,2,49,0.5,2,0,True,False,LOW,REQUEST_CARD_UPDATE,none,57.678,1
episode_03210,69900,BANK_OR_NETWORK,card,halted,3,3,136,0.666667,3,1,False,False,HIGH,REQUEST_CARD_UPDATE,none,36.794,0
episode_03211,29900,UNKNOWN,emandate,pending,2,1,700,0.0,1,0,True,False,LOW,SEND_NUDGE,none,13.671,0
episode_03212,69900,UNKNOWN,netbanking,halted,1,2,65,0.5,2,1,False,False,LOW,WAIT_NATIVE_RETRY,none,4.501,0
episode_03213,69900,TEMPORARY_FUNDS,emandate,pending,3,3,102,0.0,2,0,True,False,HIGH,REQUEST_CARD_UPDATE,none,46.21,1
episode_03214,29900,PAYMENT_METHOD_INVALID,unknown,pending,3,3,154,0.0,3,0,True,False,HIGH,WAIT_NATIVE_RETRY,none,20.855,0
episode_03215,69900,MANDATE_OR_AUTH_INVALID,upi,pending,5,1,554,0.0,2,0,True,False,HIGH,WAIT_NATIVE_RETRY,none,11.406,0
episode_03216,69900,BANK_OR_NETWORK,card,pending,4,1,32,1.0,1,1,True,True,MEDIUM,REQUEST_CARD_UPDATE,low,22.093,0
episode_03217,149900,TEMPORARY_FUNDS,unknown,halted,2,2,258,0.0,0,2,False,False,MEDIUM,REQUEST_CARD_UPDATE,none,75.601,1
episode_03218,29900,CUSTOMER_AUTH_FAILURE,unknown,pending,2,1,158,0.333333,3,0,True,False,MEDIUM,STOP_AND_ESCALATE,none,52.545,1
episode_03219,149900,PAYMENT_METHOD_INVALID,card,halted,3,1,735,0.25,4,3,False,False,MEDIUM,WAIT_NATIVE_RETRY,none,33.8,0
episode_03220,69900,BANK_OR_NETWORK,card,pending,5,1,193,0.75,4,0,True,False,HIGH,WAIT_NATIVE_RETRY,none,3.402,1
episode_03221,149900,PAYMENT_METHOD_INVALID,card,pending,1,1,268,0.0,1,0,True,False,MEDIUM,WAIT_NATIVE_RETRY,none,15.768,1
episode_03222,69900,UNKNOWN,emandate,pending,2,2,64,1.0,1,0,True,False,MEDIUM,SEND_NUDGE,none,7.94,1
episode_03223,29900,TEMPORARY_FUNDS,card,pending,2,2,182,0.0,2,2,True,True,HIGH,REQUEST_CARD_UPDATE,high,18.999,1
episode_03224,29900,MANDATE_OR_AUTH_INVALID,emandate,pending,2,2,322,0.333333,3,0,True,False,MEDIUM,REQUEST_CARD_UPDATE,none,14.445,0
episode_03225,29900,CUSTOMER_AUTH_FAILURE,card,pending,3,3,24,0.0,3,0,True,False,HIGH,REQUEST_CARD_UPDATE,none,4.823,0
episode_03226,29900,PAYMENT_METHOD_INVALID,card,pending,1,2,206,0.0,0,2,True,False,LOW,SEND_NUDGE,none,13.326,0
episode_03227,29900,TEMPORARY_FUNDS,netbanking,halted,2,1,125,0.5,4,1,False,False,MEDIUM,WAIT_NATIVE_RETRY,none,8.446,1
episode_03228,149900,UNKNOWN,upi,pending,2,1,158,0.0,3,0,True,False,LOW,STOP_AND_ESCALATE,none,4.922,0
episode_03229,29900,UNKNOWN,netbanking,pending,1,2,297,1.0,1,1,True,False,LOW,SEND_NUDGE,none,11.347,1
episode_03230,29900,CUSTOMER_AUTH_FAILURE,card,pending,2,1,173,0.25,4,1,True,False,LOW,WAIT_NATIVE_RETRY,none,16.874,0
episode_03231,149900,CUSTOMER_AUTH_FAILURE,netbanking,halted,3,2,185,0.666667,3,0,False,False,HIGH,WAIT_NATIVE_RETRY,none,40.102,0
episode_03232,69900,TEMPORARY_FUNDS,emandate,pending,2,2,65,0.666667,3,1,True,False,HIGH,WAIT_NATIVE_RETRY,none,30.236,1
episode_03233,29900,PAYMENT_METHOD_INVALID,card,pending,4,1,61,0.0,0,0,True,False,LOW,WAIT_NATIVE_RETRY,none,31.346,0
episode_03234,69900,TEMPORARY_FUNDS,card,pending,2,1,125,0.6,5,0,True,False,HIGH,REQUEST_CARD_UPDATE,none,3.385,1
episode_03235,29900,CUSTOMER_AUTH_FAILURE,upi,pending,2,1,55,0.5,2,2,True,False,HIGH,REQUEST_CARD_UPDATE,none,12.489,1
episode_03236,149900,PAYMENT_METHOD_INVALID,card,pending,2,2,148,0.666667,3,1,True,False,HIGH,WAIT_NATIVE_RETRY,none,23.445,1
episode_03237,69900,BANK_OR_NETWORK,card,pending,3,3,209,1.0,1,0,True,True,HIGH,WAIT_NATIVE_RETRY,medium,10.073,1
episode_03238,29900,TEMPORARY_FUNDS,upi,pending,5,2,243,1.0,2,1,True,False,HIGH,WAIT_NATIVE_RETRY,none,23.877,1
episode_03239,29900,BANK_OR_NETWORK,card,pending,2,1,210,0.0,0,0,True,False,HIGH,WAIT_NATIVE_RETRY,none,23.17,1
episode_03240,149900,CUSTOMER_AUTH_FAILURE,card,pending,4,2,87,0.0,2,0,True,False,MEDIUM,SEND_NUDGE,none,33.423,1
episode_03241,29900,MANDATE_OR_AUTH_INVALID,upi,pending,2,1,94,1.0,1,0,True,False,HIGH,WAIT_NATIVE_RETRY,none,81.914,0
episode_03242,29900,TEMPORARY_FUNDS,emandate,halted,4,1,141,0.0,0,1,False,False,HIGH,REQUEST_CARD_UPDATE,none,53.568,0
episode_03243,29900,UNKNOWN,netbanking,pending,2,3,157,0.0,1,1,True,False,MEDIUM,REQUEST_CARD_UPDATE,none,3.638,0
episode_03244,69900,MANDATE_OR_AUTH_INVALID,card,pending,1,1,102,0.0,2,0,True,False,LOW,SEND_NUDGE,none,27.651,0
episode_03245,149900,CUSTOMER_AUTH_FAILURE,card,pending,2,1,66,0.0,1,1,True,False,MEDIUM,WAIT_NATIVE_RETRY,none,28.463,1
episode_03246,29900,CUSTOMER_AUTH_FAILURE,card,pending,2,4,90,0.5,2,0,True,False,MEDIUM,REQUEST_CARD_UPDATE,none,3.527,1
episode_03247,69900,CUSTOMER_AUTH_FAILURE,upi,halted,3,2,181,0.2,5,0,False,False,HIGH,WAIT_NATIVE_RETRY,none,19.024,0
episode_03248,149900,MANDATE_OR_AUTH_INVALID,card,pending,1,1,67,0.666667,3,2,True,False,HIGH,REQUEST_CARD_UPDATE,none,3.926,0
episode_03249,69900,TEMPORARY_FUNDS,card,pending,2,4,403,0.333333,3,2,True,False,MEDIUM,WAIT_NATIVE_RETRY,none,18.745,0
episode_03250,29900,BANK_OR_NETWORK,upi,pending,3,2,249,1.0,4,1,True,False,MEDIUM,WAIT_NATIVE_RETRY,none,5.59,0
episode_03251,69900,PAYMENT_METHOD_INVALID,emandate,pending,2,3,149,0.25,4,0,True,False,HIGH,REQUEST_CARD_UPDATE,none,13.22,0
episode_03252,69900,PAYMENT_METHOD_INVALID,card,halted,1,1,207,0.5,2,3,False,False,HIGH,REQUEST_CARD_UPDATE,none,20.498,1
episode_03253,69900,TEMPORARY_FUNDS,upi,pending,2,1,229,0.0,4,1,True,True,HIGH,WAIT_NATIVE_RETRY,high,21.851,1
episode_03254,69900,BANK_OR_NETWORK,card,pending,4,3,221,0.0,2,0,True,True,MEDIUM,WAIT_NATIVE_RETRY,medium,34.871,1
episode_03255,69900,MANDATE_OR_AUTH_INVALID,netbanking,pending,1,1,143,0.5,2,1,True,False,HIGH,WAIT_NATIVE_RETRY,none,21.132,0
episode_03256,69900,PAYMENT_METHOD_INVALID,card,halted,2,1,165,0.0,0,0,False,False,HIGH,SEND_NUDGE,none,50.777,0
episode_03257,29900,PAYMENT_METHOD_INVALID,netbanking,pending,3,1,92,0.2,5,0,True,False,HIGH,WAIT_NATIVE_RETRY,none,23.408,0
episode_03258,149900,BANK_OR_NETWORK,unknown,pending,2,2,136,0.0,3,0,True,True,MEDIUM,REQUEST_CARD_UPDATE,low,13.038,0
episode_03259,29900,PAYMENT_METHOD_INVALID,card,halted,4,2,138,1.0,1,0,False,False,MEDIUM,STOP_AND_ESCALATE,none,14.948,0
episode_03260,69900,TEMPORARY_FUNDS,emandate,halted,2,3,308,1.0,2,3,False,False,LOW,REQUEST_CARD_UPDATE,none,31.172,0
episode_03261,69900,TEMPORARY_FUNDS,upi,pending,2,2,189,0.0,0,0,True,False,MEDIUM,WAIT_NATIVE_RETRY,none,21.962,1
episode_03262,69900,TEMPORARY_FUNDS,card,pending,1,1,304,0.4,5,0,True,False,HIGH,WAIT_NATIVE_RETRY,none,17.325,1
episode_03263,69900,TEMPORARY_FUNDS,upi,pending,2,2,28,0.0,4,0,True,False,HIGH,WAIT_NATIVE_RETRY,none,64.636,1
episode_03264,29900,TEMPORARY_FUNDS,emandate,pending,3,2,59,0.0,0,2,True,False,MEDIUM,REQUEST_CARD_UPDATE,none,65.662,0
episode_03265,29900,CUSTOMER_AUTH_FAILURE,unknown,pending,3,1,9,0.0,2,1,True,False,HIGH,STOP_AND_ESCALATE,none,15.004,0
episode_03266,69900,TEMPORARY_FUNDS,upi,pending,3,1,33,0.0,3,1,True,True,HIGH,REQUEST_CARD_UPDATE,high,13.066,0
episode_03267,149900,TEMPORARY_FUNDS,upi,halted,2,2,300,0.0,2,0,False,False,HIGH,SEND_NUDGE,none,60.665,0
episode_03268,29900,UNKNOWN,card,pending,3,1,288,0.666667,3,0,True,False,MEDIUM,SEND_NUDGE,none,16.767,0
episode_03269,69900,BANK_OR_NETWORK,card,pending,1,1,197,0.0,0,2,True,True,HIGH,WAIT_NATIVE_RETRY,medium,17.022,1
episode_03270,29900,MANDATE_OR_AUTH_INVALID,card,pending,2,3,106,0.0,1,0,True,False,HIGH,WAIT_NATIVE_RETRY,none,33.873,0
episode_03271,149900,CUSTOMER_AUTH_FAILURE,card,pending,4,1,129,0.0,0,1,True,False,MEDIUM,WAIT_NATIVE_RETRY,none,10.371,1
episode_03272,29900,CUSTOMER_AUTH_FAILURE,card,halted,1,1,225,0.5,2,0,False,False,HIGH,WAIT_NATIVE_RETRY,none,11.632,0
episode_03273,69900,MANDATE_OR_AUTH_INVALID,upi,pending,1,3,235,0.0,0,1,True,False,HIGH,STOP_AND_ESCALATE,none,19.67,0
episode_03274,29900,BANK_OR_NETWORK,upi,pending,2,4,86,0.0,0,3,True,False,HIGH,REQUEST_CARD_UPDATE,none,46.37,0
episode_03275,69900,PAYMENT_METHOD_INVALID,card,pending,1,2,259,0.8,5,1,True,False,HIGH,WAIT_NATIVE_RETRY,none,10.923,1
episode_03276,29900,CUSTOMER_AUTH_FAILURE,upi,pending,2,1,184,0.666667,3,0,True,False,HIGH,SEND_NUDGE,none,50.214,0
episode_03277,29900,TEMPORARY_FUNDS,card,pending,2,1,78,0.666667,3,0,True,False,HIGH,STOP_AND_ESCALATE,none,109.441,0
episode_03278,69900,CUSTOMER_AUTH_FAILURE,card,halted,2,1,37,0.0,3,0,False,False,HIGH,SEND_NUDGE,none,94.183,1
episode_03279,29900,BANK_OR_NETWORK,card,pending,3,1,66,0.166667,6,0,True,False,MEDIUM,STOP_AND_ESCALATE,none,22.68,0
episode_03280,69900,TEMPORARY_FUNDS,emandate,pending,2,1,116,0.5,2,0,True,False,MEDIUM,REQUEST_CARD_UPDATE,none,48.824,1
episode_03281,69900,UNKNOWN,emandate,pending,1,1,260,0.666667,3,0,True,False,MEDIUM,WAIT_NATIVE_RETRY,none,11.266,1
episode_03282,69900,PAYMENT_METHOD_INVALID,card,pending,1,1,140,0.5,2,1,True,False,MEDIUM,WAIT_NATIVE_RETRY,none,12.608,0
episode_03283,29900,BANK_OR_NETWORK,card,pending,1,3,24,0.0,1,1,True,False,HIGH,SEND_NUDGE,none,25.997,0
episode_03284,29900,TEMPORARY_FUNDS,netbanking,pending,2,1,850,0.333333,3,2,True,False,MEDIUM,SEND_NUDGE,none,24.022,0
episode_03285,69900,BANK_OR_NETWORK,card,pending,2,3,329,0.25,4,2,True,False,HIGH,REQUEST_CARD_UPDATE,none,54.882,0
episode_03286,69900,TEMPORARY_FUNDS,emandate,pending,3,2,79,0.0,1,0,True,False,HIGH,STOP_AND_ESCALATE,none,14.264,0
episode_03287,149900,CUSTOMER_AUTH_FAILURE,card,pending,1,1,150,0.0,6,0,True,False,LOW,WAIT_NATIVE_RETRY,none,38.906,1
episode_03288,29900,MANDATE_OR_AUTH_INVALID,card,pending,1,2,288,0.0,2,2,True,False,HIGH,SEND_NUDGE,none,52.774,0
episode_03289,69900,PAYMENT_METHOD_INVALID,netbanking,pending,2,1,418,0.333333,3,1,True,False,HIGH,REQUEST_CARD_UPDATE,none,11.572,1
episode_03290,149900,MANDATE_OR_AUTH_INVALID,card,pending,1,1,47,1.0,2,0,True,False,HIGH,REQUEST_CARD_UPDATE,none,32.589,0
episode_03291,29900,UNKNOWN,upi,pending,3,2,25,0.0,2,2,True,False,LOW,WAIT_NATIVE_RETRY,none,30.017,1
episode_03292,69900,BANK_OR_NETWORK,card,pending,2,2,48,0.0,2,3,True,False,HIGH,STOP_AND_ESCALATE,none,9.711,0
episode_03293,69900,BANK_OR_NETWORK,card,pending,2,4,412,0.333333,3,1,True,False,MEDIUM,REQUEST_CARD_UPDATE,none,83.647,0
episode_03294,149900,CUSTOMER_AUTH_FAILURE,upi,halted,2,2,90,0.0,2,0,False,False,HIGH,REQUEST_CARD_UPDATE,none,41.282,1
episode_03295,29900,CUSTOMER_AUTH_FAILURE,card,pending,1,1,46,0.25,4,0,True,False,HIGH,WAIT_NATIVE_RETRY,none,61.277,0
episode_03296,29900,TEMPORARY_FUNDS,card,pending,2,2,330,0.0,0,2,True,False,HIGH,SEND_NUDGE,none,17.798,1
episode_03297,29900,PAYMENT_METHOD_INVALID,upi,pending,2,4,152,0.0,2,0,True,False,HIGH,REQUEST_CARD_UPDATE,none,28.618,1
episode_03298,29900,PAYMENT_METHOD_INVALID,emandate,pending,2,3,167,0.5,2,0,True,False,HIGH,REQUEST_CARD_UPDATE,none,29.565,1
episode_03299,29900,MANDATE_OR_AUTH_INVALID,upi,halted,3,3,45,1.0,1,0,False,False,MEDIUM,SEND_NUDGE,none,53.578,0
episode_03300,69900,MANDATE_OR_AUTH_INVALID,emandate,halted,1,1,350,0.0,0,1,False,False,LOW,STOP_AND_ESCALATE,none,57.88,0
episode_03301,29900,BANK_OR_NETWORK,card,pending,4,2,710,0.5,2,2,True,False,HIGH,WAIT_NATIVE_RETRY,none,3.915,1
episode_03302,29900,BANK_OR_NETWORK,upi,pending,1,1,304,0.666667,3,2,True,False,LOW,SEND_NUDGE,none,30.912,0
episode_03303,29900,UNKNOWN,netbanking,pending,2,2,82,0.0,3,0,True,False,LOW,STOP_AND_ESCALATE,none,35.687,0
episode_03304,69900,CUSTOMER_AUTH_FAILURE,netbanking,halted,1,1,283,1.0,2,0,False,False,HIGH,REQUEST_CARD_UPDATE,none,15.328,1
episode_03305,29900,BANK_OR_NETWORK,card,pending,2,2,138,1.0,2,0,True,False,HIGH,SEND_NUDGE,none,18.299,1
episode_03306,149900,BANK_OR_NETWORK,upi,pending,3,1,175,0.5,2,0,True,False,MEDIUM,REQUEST_CARD_UPDATE,none,50.901,1
episode_03307,149900,BANK_OR_NETWORK,card,pending,3,3,167,1.0,1,0,True,False,HIGH,SEND_NUDGE,none,53.957,0
episode_03308,29900,BANK_OR_NETWORK,netbanking,pending,3,3,490,0.0,0,0,True,False,HIGH,SEND_NUDGE,none,15.278,1
episode_03309,29900,MANDATE_OR_AUTH_INVALID,upi,pending,3,3,106,0.0,1,1,True,False,HIGH,SEND_NUDGE,none,24.077,1
episode_03310,69900,PAYMENT_METHOD_INVALID,emandate,pending,3,3,266,0.0,2,0,True,False,HIGH,STOP_AND_ESCALATE,none,21.407,0
episode_03311,29900,PAYMENT_METHOD_INVALID,emandate,pending,2,3,144,0.0,3,0,True,False,MEDIUM,REQUEST_CARD_UPDATE,none,33.08,1
episode_03312,69900,TEMPORARY_FUNDS,card,halted,2,1,72,0.0,0,1,False,False,HIGH,REQUEST_CARD_UPDATE,none,109.303,1
episode_03313,29900,PAYMENT_METHOD_INVALID,card,pending,1,2,24,0.0,3,2,True,False,MEDIUM,WAIT_NATIVE_RETRY,none,6.387,1
episode_03314,29900,PAYMENT_METHOD_INVALID,card,pending,1,2,120,0.0,0,1,True,False,MEDIUM,STOP_AND_ESCALATE,none,42.742,1
episode_03315,149900,MANDATE_OR_AUTH_INVALID,card,halted,4,1,554,1.0,1,1,False,False,HIGH,SEND_NUDGE,none,57.675,0
episode_03316,29900,BANK_OR_NETWORK,emandate,halted,1,1,152,0.666667,3,0,False,False,HIGH,REQUEST_CARD_UPDATE,none,42.319,1
episode_03317,29900,TEMPORARY_FUNDS,card,pending,2,2,141,0.5,2,0,True,False,HIGH,SEND_NUDGE,none,53.069,0
episode_03318,69900,UNKNOWN,emandate,pending,3,2,178,1.0,1,0,True,False,MEDIUM,SEND_NUDGE,none,47.048,1
episode_03319,29900,MANDATE_OR_AUTH_INVALID,card,pending,1,2,139,0.0,1,1,True,False,HIGH,WAIT_NATIVE_RETRY,none,60.867,0
episode_03320,69900,MANDATE_OR_AUTH_INVALID,upi,pending,2,1,7,0.5,4,0,True,False,LOW,SEND_NUDGE,none,19.235,0
episode_03321,29900,UNKNOWN,card,pending,1,2,127,1.0,1,0,True,True,LOW,SEND_NUDGE,medium,12.51,0
episode_03322,69900,MANDATE_OR_AUTH_INVALID,card,pending,2,2,37,0.0,0,3,True,False,HIGH,REQUEST_CARD_UPDATE,none,43.742,0
episode_03323,29900,TEMPORARY_FUNDS,card,pending,2,1,198,0.0,0,1,True,False,HIGH,WAIT_NATIVE_RETRY,none,40.943,1
episode_03324,69900,BANK_OR_NETWORK,card,pending,2,2,432,0.0,1,0,True,False,HIGH,STOP_AND_ESCALATE,none,11.893,0
episode_03325,69900,PAYMENT_METHOD_INVALID,upi,halted,4,3,168,0.142857,7,1,False,False,HIGH,REQUEST_CARD_UPDATE,none,24.679,1
episode_03326,29900,UNKNOWN,unknown,pending,1,1,210,0.0,1,0,True,False,LOW,STOP_AND_ESCALATE,none,35.583,0
episode_03327,29900,TEMPORARY_FUNDS,card,pending,2,2,192,1.0,1,2,True,False,HIGH,WAIT_NATIVE_RETRY,none,13.319,1
episode_03328,69900,MANDATE_OR_AUTH_INVALID,upi,pending,1,3,190,0.666667,3,1,True,False,HIGH,STOP_AND_ESCALATE,none,29.275,0
episode_03329,69900,PAYMENT_METHOD_INVALID,card,halted,3,3,268,1.0,1,0,False,False,HIGH,WAIT_NATIVE_RETRY,none,46.653,1
episode_03330,29900,CUSTOMER_AUTH_FAILURE,card,pending,1,3,290,0.2,5,1,True,False,HIGH,WAIT_NATIVE_RETRY,none,15.997,1
episode_03331,29900,CUSTOMER_AUTH_FAILURE,card,pending,2,1,381,1.0,1,0,True,False,HIGH,SEND_NUDGE,none,37.142,1
episode_03332,69900,BANK_OR_NETWORK,card,pending,1,1,382,1.0,1,2,True,False,HIGH,SEND_NUDGE,none,37.035,0
episode_03333,29900,PAYMENT_METHOD_INVALID,upi,pending,3,3,174,0.0,5,0,True,False,HIGH,SEND_NUDGE,none,15.201,0
episode_03334,69900,TEMPORARY_FUNDS,netbanking,halted,3,2,108,0.75,4,1,False,False,HIGH,REQUEST_CARD_UPDATE,none,168.0,1
episode_03335,69900,BANK_OR_NETWORK,card,pending,2,3,169,0.5,2,1,True,True,HIGH,WAIT_NATIVE_RETRY,high,18.115,1
episode_03336,149900,TEMPORARY_FUNDS,upi,pending,2,2,52,0.0,0,0,True,False,HIGH,SEND_NUDGE,none,13.53,0
episode_03337,29900,CUSTOMER_AUTH_FAILURE,netbanking,pending,1,1,553,1.0,1,2,True,False,LOW,SEND_NUDGE,none,39.31,0
episode_03338,69900,TEMPORARY_FUNDS,card,halted,1,4,145,0.25,4,0,False,True,MEDIUM,SEND_NUDGE,high,39.411,0
episode_03339,149900,UNKNOWN,upi,pending,1,2,213,1.0,1,2,True,False,MEDIUM,SEND_NUDGE,none,37.068,0
episode_03340,29900,CUSTOMER_AUTH_FAILURE,card,pending,3,1,184,0.0,2,0,True,False,MEDIUM,WAIT_NATIVE_RETRY,none,103.934,0
episode_03341,29900,CUSTOMER_AUTH_FAILURE,emandate,pending,4,1,427,1.0,3,0,True,False,MEDIUM,WAIT_NATIVE_RETRY,none,32.974,1
episode_03342,29900,CUSTOMER_AUTH_FAILURE,upi,halted,1,1,105,1.0,3,1,False,False,HIGH,REQUEST_CARD_UPDATE,none,15.674,1
episode_03343,29900,PAYMENT_METHOD_INVALID,card,pending,1,1,185,1.0,2,0,True,False,HIGH,WAIT_NATIVE_RETRY,none,25.395,1
episode_03344,69900,UNKNOWN,upi,halted,1,4,68,0.0,1,2,False,False,LOW,SEND_NUDGE,none,4.735,0
episode_03345,29900,BANK_OR_NETWORK,emandate,pending,2,1,89,0.0,2,0,True,False,MEDIUM,STOP_AND_ESCALATE,none,50.909,0
episode_03346,149900,PAYMENT_METHOD_INVALID,upi,halted,1,1,465,1.0,2,2,False,True,HIGH,SEND_NUDGE,high,30.256,0
episode_03347,69900,TEMPORARY_FUNDS,card,pending,4,2,74,0.5,2,1,True,False,MEDIUM,WAIT_NATIVE_RETRY,none,33.076,1
episode_03348,29900,UNKNOWN,upi,pending,2,3,204,0.5,2,1,True,False,LOW,WAIT_NATIVE_RETRY,none,4.506,1
episode_03349,29900,PAYMENT_METHOD_INVALID,card,halted,2,1,91,0.333333,3,0,False,False,HIGH,REQUEST_CARD_UPDATE,none,26.621,1
episode_03350,69900,CUSTOMER_AUTH_FAILURE,card,halted,2,1,364,0.75,4,0,False,False,MEDIUM,WAIT_NATIVE_RETRY,none,18.754,0
episode_03351,29900,UNKNOWN,card,pending,1,1,204,0.0,3,0,True,False,LOW,SEND_NUDGE,none,33.942,0
episode_03352,29900,PAYMENT_METHOD_INVALID,card,pending,2,3,182,0.5,2,0,True,False,HIGH,WAIT_NATIVE_RETRY,none,6.337,0
episode_03353,69900,TEMPORARY_FUNDS,upi,halted,1,2,353,0.0,0,3,False,False,HIGH,WAIT_NATIVE_RETRY,none,44.29,1
episode_03354,29900,CUSTOMER_AUTH_FAILURE,upi,halted,2,1,231,0.25,4,0,False,False,HIGH,SEND_NUDGE,none,31.061,1
episode_03355,29900,PAYMENT_METHOD_INVALID,netbanking,pending,3,2,130,1.0,2,0,True,False,HIGH,WAIT_NATIVE_RETRY,none,2.696,1
episode_03356,69900,PAYMENT_METHOD_INVALID,emandate,pending,2,1,113,0.333333,3,0,True,False,MEDIUM,SEND_NUDGE,none,28.639,0
episode_03357,29900,TEMPORARY_FUNDS,card,pending,1,1,262,1.0,2,1,True,False,HIGH,REQUEST_CARD_UPDATE,none,34.419,1
episode_03358,69900,PAYMENT_METHOD_INVALID,card,pending,2,2,154,0.0,0,2,True,False,HIGH,SEND_NUDGE,none,1.766,0
episode_03359,69900,CUSTOMER_AUTH_FAILURE,card,pending,1,2,142,0.0,2,0,True,False,HIGH,WAIT_NATIVE_RETRY,none,12.14,1
episode_03360,29900,TEMPORARY_FUNDS,card,pending,3,1,128,0.0,5,0,True,False,HIGH,SEND_NUDGE,none,37.032,0
episode_03361,69900,CUSTOMER_AUTH_FAILURE,card,pending,2,1,71,0.0,2,0,True,False,HIGH,WAIT_NATIVE_RETRY,none,7.991,1
episode_03362,69900,TEMPORARY_FUNDS,upi,pending,4,2,93,0.5,2,0,True,False,HIGH,SEND_NUDGE,none,25.385,1
episode_03363,69900,BANK_OR_NETWORK,unknown,pending,1,3,226,0.5,2,0,True,False,MEDIUM,SEND_NUDGE,none,4.614,1
episode_03364,149900,TEMPORARY_FUNDS,card,pending,2,3,382,0.666667,3,0,True,False,HIGH,SEND_NUDGE,none,17.294,0
episode_03365,29900,TEMPORARY_FUNDS,emandate,halted,3,2,268,0.666667,3,1,False,False,HIGH,WAIT_NATIVE_RETRY,none,1.984,1
episode_03366,29900,TEMPORARY_FUNDS,upi,pending,2,2,249,0.0,3,0,True,False,HIGH,STOP_AND_ESCALATE,none,31.839,0
episode_03367,69900,UNKNOWN,netbanking,pending,3,4,387,0.666667,3,1,True,False,LOW,REQUEST_CARD_UPDATE,none,25.208,1
episode_03368,149900,CUSTOMER_AUTH_FAILURE,netbanking,pending,2,2,129,0.2,5,0,True,False,HIGH,SEND_NUDGE,none,22.064,1
episode_03369,29900,UNKNOWN,card,pending,3,1,59,0.0,1,0,True,False,LOW,SEND_NUDGE,none,26.824,0
episode_03370,149900,MANDATE_OR_AUTH_INVALID,upi,pending,1,1,190,0.333333,3,1,True,False,HIGH,WAIT_NATIVE_RETRY,none,10.779,1
episode_03371,69900,UNKNOWN,card,halted,3,1,128,0.0,0,0,False,False,MEDIUM,WAIT_NATIVE_RETRY,none,46.495,0
episode_03372,69900,CUSTOMER_AUTH_FAILURE,card,pending,2,2,69,1.0,3,0,True,False,HIGH,WAIT_NATIVE_RETRY,none,23.01,1
episode_03373,69900,BANK_OR_NETWORK,emandate,pending,3,1,325,0.0,0,1,True,False,HIGH,SEND_NUDGE,none,19.095,1
episode_03374,29900,PAYMENT_METHOD_INVALID,upi,halted,1,1,41,0.0,0,2,False,False,HIGH,STOP_AND_ESCALATE,none,38.159,0
episode_03375,69900,BANK_OR_NETWORK,upi,pending,2,1,107,0.0,0,0,True,False,MEDIUM,SEND_NUDGE,none,38.141,0
episode_03376,69900,TEMPORARY_FUNDS,upi,pending,1,3,134,0.0,2,2,True,True,HIGH,STOP_AND_ESCALATE,medium,50.171,1
episode_03377,69900,CUSTOMER_AUTH_FAILURE,card,pending,1,2,256,0.5,2,0,True,True,LOW,STOP_AND_ESCALATE,low,23.924,0
episode_03378,69900,PAYMENT_METHOD_INVALID,card,pending,2,1,506,0.666667,3,1,True,False,LOW,WAIT_NATIVE_RETRY,none,29.414,1
episode_03379,69900,PAYMENT_METHOD_INVALID,upi,halted,2,1,130,0.666667,3,1,False,False,HIGH,STOP_AND_ESCALATE,none,32.161,0
episode_03380,29900,PAYMENT_METHOD_INVALID,card,pending,4,3,415,0.0,1,0,True,False,HIGH,SEND_NUDGE,none,42.75,0
episode_03381,149900,MANDATE_OR_AUTH_INVALID,card,pending,2,2,729,0.0,0,0,True,False,HIGH,SEND_NUDGE,none,48.616,0
episode_03382,69900,CUSTOMER_AUTH_FAILURE,netbanking,pending,2,1,332,0.333333,6,0,True,False,HIGH,REQUEST_CARD_UPDATE,none,23.021,0
episode_03383,29900,PAYMENT_METHOD_INVALID,upi,halted,3,1,164,1.0,5,1,False,False,MEDIUM,STOP_AND_ESCALATE,none,36.669,0
episode_03384,29900,TEMPORARY_FUNDS,card,pending,2,1,176,0.666667,3,2,True,False,HIGH,REQUEST_CARD_UPDATE,none,23.845,1
episode_03385,29900,BANK_OR_NETWORK,netbanking,pending,1,2,214,0.0,2,0,True,False,MEDIUM,STOP_AND_ESCALATE,none,24.178,0
episode_03386,29900,MANDATE_OR_AUTH_INVALID,card,pending,1,2,144,1.0,1,2,True,False,HIGH,WAIT_NATIVE_RETRY,none,8.169,0
episode_03387,149900,MANDATE_OR_AUTH_INVALID,netbanking,pending,3,1,64,1.0,1,0,True,False,HIGH,WAIT_NATIVE_RETRY,none,15.289,0
episode_03388,29900,MANDATE_OR_AUTH_INVALID,card,pending,3,4,324,1.0,1,0,True,False,HIGH,REQUEST_CARD_UPDATE,none,8.556,0
episode_03389,69900,PAYMENT_METHOD_INVALID,upi,pending,2,2,132,0.666667,3,0,True,False,HIGH,WAIT_NATIVE_RETRY,none,34.966,1
episode_03390,69900,UNKNOWN,emandate,halted,1,1,438,0.0,2,0,False,False,LOW,SEND_NUDGE,none,4.997,0
episode_03391,149900,BANK_OR_NETWORK,card,pending,2,1,200,0.5,4,1,True,False,HIGH,SEND_NUDGE,none,31.097,0
episode_03392,29900,PAYMENT_METHOD_INVALID,emandate,halted,2,1,108,1.0,2,0,False,False,MEDIUM,REQUEST_CARD_UPDATE,none,23.79,1
episode_03393,29900,BANK_OR_NETWORK,upi,pending,1,3,94,0.333333,3,0,True,False,HIGH,STOP_AND_ESCALATE,none,28.395,1
episode_03394,29900,TEMPORARY_FUNDS,card,pending,2,1,345,0.0,2,1,True,False,MEDIUM,SEND_NUDGE,none,44.634,0
episode_03395,69900,CUSTOMER_AUTH_FAILURE,card,pending,2,2,180,1.0,3,0,True,False,HIGH,STOP_AND_ESCALATE,none,30.378,0
episode_03396,29900,TEMPORARY_FUNDS,netbanking,pending,3,1,47,0.666667,3,0,True,False,HIGH,REQUEST_CARD_UPDATE,none,53.757,0
episode_03397,69900,BANK_OR_NETWORK,card,halted,2,2,181,0.0,0,1,False,False,HIGH,WAIT_NATIVE_RETRY,none,8.616,0
episode_03398,29900,CUSTOMER_AUTH_FAILURE,upi,pending,2,2,33,0.333333,3,0,True,False,HIGH,SEND_NUDGE,none,35.853,0
episode_03399,29900,CUSTOMER_AUTH_FAILURE,card,pending,2,3,105,0.5,2,1,True,False,MEDIUM,REQUEST_CARD_UPDATE,none,35.313,1
episode_03400,149900,CUSTOMER_AUTH_FAILURE,card,pending,4,2,50,0.0,2,2,True,False,MEDIUM,REQUEST_CARD_UPDATE,none,13.017,1
episode_03401,69900,MANDATE_OR_AUTH_INVALID,upi,pending,4,1,211,0.0,2,0,True,False,HIGH,REQUEST_CARD_UPDATE,none,17.107,0
episode_03402,69900,BANK_OR_NETWORK,upi,pending,2,1,37,0.5,4,1,True,False,MEDIUM,REQUEST_CARD_UPDATE,none,32.285,0
episode_03403,29900,CUSTOMER_AUTH_FAILURE,card,pending,2,1,91,0.5,2,0,True,False,LOW,STOP_AND_ESCALATE,none,3.786,0
episode_03404,29900,CUSTOMER_AUTH_FAILURE,upi,pending,2,2,168,0.333333,3,0,True,False,HIGH,SEND_NUDGE,none,16.89,1
episode_03405,29900,TEMPORARY_FUNDS,card,pending,2,2,249,0.0,1,0,True,False,HIGH,STOP_AND_ESCALATE,none,16.228,1
episode_03406,29900,UNKNOWN,netbanking,pending,3,3,103,0.0,0,0,True,False,LOW,SEND_NUDGE,none,34.229,0
episode_03407,149900,TEMPORARY_FUNDS,upi,pending,3,1,158,0.0,1,1,True,False,HIGH,WAIT_NATIVE_RETRY,none,10.788,0
episode_03408,69900,TEMPORARY_FUNDS,card,halted,1,1,476,0.0,3,3,False,False,MEDIUM,SEND_NUDGE,none,79.195,1
episode_03409,69900,UNKNOWN,card,pending,1,1,214,0.0,0,1,True,False,LOW,REQUEST_CARD_UPDATE,none,40.836,1
episode_03410,29900,TEMPORARY_FUNDS,upi,halted,4,3,147,0.0,1,0,False,False,HIGH,STOP_AND_ESCALATE,none,39.607,0
episode_03411,69900,TEMPORARY_FUNDS,card,pending,2,2,188,0.0,1,0,True,False,HIGH,SEND_NUDGE,none,33.313,1
episode_03412,69900,BANK_OR_NETWORK,card,halted,2,2,82,0.0,1,0,False,True,HIGH,WAIT_NATIVE_RETRY,medium,55.17,0
episode_03413,29900,BANK_OR_NETWORK,card,pending,2,1,173,1.0,1,1,True,False,HIGH,STOP_AND_ESCALATE,none,35.827,0
episode_03414,69900,CUSTOMER_AUTH_FAILURE,card,pending,1,1,132,0.5,2,0,True,False,MEDIUM,WAIT_NATIVE_RETRY,none,12.401,1
episode_03415,69900,MANDATE_OR_AUTH_INVALID,card,pending,2,1,133,0.0,2,0,True,False,HIGH,REQUEST_CARD_UPDATE,none,27.447,0
episode_03416,29900,BANK_OR_NETWORK,upi,pending,2,1,234,0.333333,3,2,True,False,HIGH,SEND_NUDGE,none,13.027,1
episode_03417,29900,CUSTOMER_AUTH_FAILURE,card,pending,4,3,60,0.25,4,0,True,False,MEDIUM,SEND_NUDGE,none,75.766,0
episode_03418,69900,UNKNOWN,netbanking,halted,1,1,95,0.0,0,2,False,True,LOW,SEND_NUDGE,high,72.133,0
episode_03419,29900,BANK_OR_NETWORK,card,pending,2,2,26,0.0,1,0,True,True,HIGH,WAIT_NATIVE_RETRY,medium,3.901,1
episode_03420,69900,UNKNOWN,card,pending,3,3,162,1.0,1,2,True,True,LOW,SEND_NUDGE,high,27.042,0
episode_03421,69900,UNKNOWN,card,halted,1,2,73,0.857143,7,2,False,False,MEDIUM,REQUEST_CARD_UPDATE,none,24.794,0
episode_03422,29900,BANK_OR_NETWORK,card,pending,3,2,75,0.5,2,0,True,False,HIGH,STOP_AND_ESCALATE,none,24.638,0
episode_03423,29900,CUSTOMER_AUTH_FAILURE,emandate,halted,1,2,88,0.0,2,3,False,False,MEDIUM,WAIT_NATIVE_RETRY,none,52.685,0
episode_03424,29900,UNKNOWN,upi,pending,2,1,109,0.666667,3,1,True,False,LOW,SEND_NUDGE,none,49.742,0
episode_03425,69900,BANK_OR_NETWORK,upi,pending,2,3,89,1.0,2,0,True,False,HIGH,WAIT_NATIVE_RETRY,none,33.074,1
episode_03426,149900,PAYMENT_METHOD_INVALID,card,halted,1,2,298,0.0,0,1,False,False,MEDIUM,SEND_NUDGE,none,78.768,0
episode_03427,69900,BANK_OR_NETWORK,upi,pending,5,1,60,0.666667,6,0,True,False,MEDIUM,REQUEST_CARD_UPDATE,none,12.551,0
episode_03428,69900,TEMPORARY_FUNDS,upi,pending,3,1,168,0.5,2,0,True,False,HIGH,SEND_NUDGE,none,21.637,0
episode_03429,29900,TEMPORARY_FUNDS,card,pending,4,1,393,0.25,4,1,True,False,HIGH,STOP_AND_ESCALATE,none,99.697,1
episode_03430,29900,UNKNOWN,upi,pending,4,1,195,1.0,2,3,True,False,LOW,WAIT_NATIVE_RETRY,none,59.293,0
episode_03431,29900,TEMPORARY_FUNDS,upi,pending,4,2,101,0.0,1,0,True,False,HIGH,SEND_NUDGE,none,43.068,0
episode_03432,29900,TEMPORARY_FUNDS,card,pending,2,1,306,0.0,3,0,True,False,HIGH,REQUEST_CARD_UPDATE,none,74.616,1
episode_03433,29900,TEMPORARY_FUNDS,card,halted,2,1,170,1.0,1,0,False,True,MEDIUM,WAIT_NATIVE_RETRY,high,4.567,1
episode_03434,29900,CUSTOMER_AUTH_FAILURE,emandate,pending,2,2,538,0.0,0,1,True,False,HIGH,WAIT_NATIVE_RETRY,none,39.382,0
episode_03435,29900,PAYMENT_METHOD_INVALID,emandate,pending,2,2,264,0.0,1,0,True,False,MEDIUM,WAIT_NATIVE_RETRY,none,21.327,0
episode_03436,69900,PAYMENT_METHOD_INVALID,card,pending,2,1,160,0.0,0,0,True,False,HIGH,SEND_NUDGE,none,43.331,0
episode_03437,149900,UNKNOWN,emandate,pending,3,2,115,0.0,0,0,True,False,LOW,REQUEST_CARD_UPDATE,none,48.864,0
episode_03438,149900,UNKNOWN,card,pending,2,1,141,0.0,4,0,True,False,LOW,REQUEST_CARD_UPDATE,none,52.462,1
episode_03439,69900,BANK_OR_NETWORK,card,pending,3,1,513,1.0,1,0,True,True,HIGH,STOP_AND_ESCALATE,high,48.663,0
episode_03440,149900,CUSTOMER_AUTH_FAILURE,upi,pending,1,2,408,0.0,1,1,True,False,HIGH,STOP_AND_ESCALATE,none,59.12,1
episode_03441,149900,BANK_OR_NETWORK,upi,halted,2,3,199,0.6,5,0,False,False,LOW,SEND_NUDGE,none,7.104,1
episode_03442,29900,CUSTOMER_AUTH_FAILURE,upi,pending,1,1,175,0.0,7,0,True,False,HIGH,REQUEST_CARD_UPDATE,none,11.196,1
episode_03443,29900,CUSTOMER_AUTH_FAILURE,emandate,pending,2,3,77,0.5,2,0,True,False,MEDIUM,SEND_NUDGE,none,106.136,1
episode_03444,69900,PAYMENT_METHOD_INVALID,card,pending,1,2,166,1.0,1,1,True,False,MEDIUM,REQUEST_CARD_UPDATE,none,54.558,1
episode_03445,29900,BANK_OR_NETWORK,netbanking,pending,2,1,79,0.0,2,0,True,False,LOW,STOP_AND_ESCALATE,none,87.134,0
episode_03446,29900,BANK_OR_NETWORK,upi,halted,2,1,134,1.0,3,0,False,False,HIGH,SEND_NUDGE,none,14.964,1
episode_03447,29900,TEMPORARY_FUNDS,card,halted,2,2,445,0.0,0,0,False,False,HIGH,WAIT_NATIVE_RETRY,none,21.8,0
episode_03448,29900,MANDATE_OR_AUTH_INVALID,emandate,pending,1,2,165,0.0,3,2,True,False,HIGH,WAIT_NATIVE_RETRY,none,46.471,0
episode_03449,149900,TEMPORARY_FUNDS,card,halted,1,2,42,0.25,4,1,False,False,HIGH,REQUEST_CARD_UPDATE,none,8.386,0
episode_03450,149900,CUSTOMER_AUTH_FAILURE,emandate,pending,2,2,168,0.333333,3,1,True,False,MEDIUM,SEND_NUDGE,none,24.406,0
episode_03451,29900,BANK_OR_NETWORK,upi,pending,2,4,58,1.0,1,1,True,False,MEDIUM,SEND_NUDGE,none,33.31,0
episode_03452,29900,CUSTOMER_AUTH_FAILURE,netbanking,pending,1,1,149,0.0,2,0,True,False,HIGH,REQUEST_CARD_UPDATE,none,32.389,0
episode_03453,69900,UNKNOWN,card,halted,2,1,396,0.0,2,1,False,False,LOW,SEND_NUDGE,none,23.405,0
episode_03454,149900,PAYMENT_METHOD_INVALID,card,pending,2,1,154,0.0,3,0,True,False,HIGH,SEND_NUDGE,none,6.989,0
episode_03455,69900,MANDATE_OR_AUTH_INVALID,card,pending,1,3,227,0.5,4,0,True,False,HIGH,WAIT_NATIVE_RETRY,none,44.107,1
episode_03456,149900,UNKNOWN,upi,pending,5,1,37,1.0,1,0,True,True,MEDIUM,WAIT_NATIVE_RETRY,medium,25.975,0
episode_03457,69900,UNKNOWN,netbanking,pending,2,1,141,0.666667,3,0,True,False,MEDIUM,SEND_NUDGE,none,24.209,0
episode_03458,149900,PAYMENT_METHOD_INVALID,upi,pending,3,2,289,0.333333,3,3,True,False,HIGH,STOP_AND_ESCALATE,none,25.829,0
episode_03459,149900,UNKNOWN,card,pending,2,1,85,0.0,0,0,True,False,LOW,WAIT_NATIVE_RETRY,none,42.77,0
episode_03460,149900,BANK_OR_NETWORK,card,pending,3,1,71,0.0,2,0,True,True,HIGH,SEND_NUDGE,low,21.901,1
episode_03461,29900,BANK_OR_NETWORK,card,pending,1,3,49,0.75,4,0,True,True,MEDIUM,STOP_AND_ESCALATE,low,3.777,0
episode_03462,29900,TEMPORARY_FUNDS,netbanking,pending,1,1,102,0.5,6,2,True,True,HIGH,STOP_AND_ESCALATE,high,32.936,0
episode_03463,69900,TEMPORARY_FUNDS,upi,pending,1,1,195,0.5,2,1,True,False,HIGH,SEND_NUDGE,none,36.327,1
episode_03464,69900,PAYMENT_METHOD_INVALID,card,pending,1,2,191,1.0,1,0,True,False,HIGH,REQUEST_CARD_UPDATE,none,40.511,1
episode_03465,69900,PAYMENT_METHOD_INVALID,card,pending,4,1,93,0.0,2,0,True,False,HIGH,WAIT_NATIVE_RETRY,none,35.696,0
episode_03466,29900,BANK_OR_NETWORK,card,pending,3,2,139,0.5,2,0,True,True,MEDIUM,STOP_AND_ESCALATE,low,9.422,0
episode_03467,149900,TEMPORARY_FUNDS,card,pending,2,1,78,1.0,1,2,True,False,HIGH,WAIT_NATIVE_RETRY,none,27.003,1
episode_03468,149900,BANK_OR_NETWORK,card,pending,1,1,362,0.5,4,2,True,False,MEDIUM,REQUEST_CARD_UPDATE,none,23.683,0
episode_03469,149900,UNKNOWN,upi,pending,2,2,224,0.0,0,1,True,False,LOW,WAIT_NATIVE_RETRY,none,17.479,1
episode_03470,29900,TEMPORARY_FUNDS,netbanking,halted,4,4,53,0.0,1,1,False,False,MEDIUM,STOP_AND_ESCALATE,none,6.52,1
episode_03471,29900,PAYMENT_METHOD_INVALID,card,pending,4,2,148,0.0,0,1,True,False,HIGH,WAIT_NATIVE_RETRY,none,9.048,0
episode_03472,69900,PAYMENT_METHOD_INVALID,upi,pending,2,3,289,0.0,2,0,True,False,MEDIUM,SEND_NUDGE,none,58.872,0
episode_03473,69900,TEMPORARY_FUNDS,upi,pending,4,2,170,0.0,1,0,True,False,HIGH,REQUEST_CARD_UPDATE,none,43.64,0
episode_03474,69900,CUSTOMER_AUTH_FAILURE,upi,pending,2,1,409,0.0,0,1,True,False,HIGH,STOP_AND_ESCALATE,none,62.266,0
episode_03475,149900,MANDATE_OR_AUTH_INVALID,unknown,pending,3,3,73,0.5,4,0,True,False,LOW,SEND_NUDGE,none,43.599,1
episode_03476,69900,CUSTOMER_AUTH_FAILURE,card,pending,2,2,112,0.0,0,0,True,False,MEDIUM,SEND_NUDGE,none,19.691,0
episode_03477,69900,CUSTOMER_AUTH_FAILURE,netbanking,pending,1,2,267,1.0,4,0,True,False,HIGH,STOP_AND_ESCALATE,none,61.446,0
episode_03478,69900,CUSTOMER_AUTH_FAILURE,netbanking,halted,2,2,73,0.0,5,2,False,False,LOW,WAIT_NATIVE_RETRY,none,17.319,0
episode_03479,149900,CUSTOMER_AUTH_FAILURE,card,pending,1,2,231,0.0,0,0,True,False,MEDIUM,WAIT_NATIVE_RETRY,none,15.852,0
episode_03480,29900,BANK_OR_NETWORK,card,pending,3,4,67,0.0,2,2,True,True,HIGH,STOP_AND_ESCALATE,low,10.351,0
episode_03481,69900,BANK_OR_NETWORK,emandate,pending,4,1,200,0.0,0,3,True,False,LOW,WAIT_NATIVE_RETRY,none,58.035,1
episode_03482,29900,TEMPORARY_FUNDS,card,pending,4,3,148,0.666667,3,2,True,False,HIGH,REQUEST_CARD_UPDATE,none,40.252,1
episode_03483,149900,TEMPORARY_FUNDS,card,pending,2,5,228,0.0,2,0,True,False,HIGH,SEND_NUDGE,none,30.524,0
episode_03484,29900,BANK_OR_NETWORK,netbanking,pending,1,2,113,0.0,1,0,True,False,HIGH,STOP_AND_ESCALATE,none,5.448,0
episode_03485,69900,TEMPORARY_FUNDS,card,pending,2,1,120,1.0,2,1,True,False,HIGH,SEND_NUDGE,none,23.523,0
episode_03486,69900,UNKNOWN,emandate,pending,2,2,23,0.333333,3,0,True,False,LOW,SEND_NUDGE,none,31.525,1
episode_03487,69900,MANDATE_OR_AUTH_INVALID,upi,pending,2,1,263,0.5,2,3,True,False,HIGH,REQUEST_CARD_UPDATE,none,58.79,0
episode_03488,69900,UNKNOWN,emandate,pending,3,1,334,0.5,2,1,True,False,LOW,WAIT_NATIVE_RETRY,none,46.255,1
episode_03489,29900,TEMPORARY_FUNDS,upi,halted,1,3,270,0.0,1,2,False,False,HIGH,WAIT_NATIVE_RETRY,none,132.939,1
episode_03490,69900,BANK_OR_NETWORK,card,pending,4,1,183,0.0,0,0,True,False,HIGH,REQUEST_CARD_UPDATE,none,15.984,1
episode_03491,69900,TEMPORARY_FUNDS,card,pending,1,3,248,0.333333,3,0,True,False,LOW,REQUEST_CARD_UPDATE,none,31.997,1
episode_03492,69900,UNKNOWN,card,halted,1,4,68,0.5,2,1,False,False,LOW,WAIT_NATIVE_RETRY,none,0.653,0
episode_03493,29900,PAYMENT_METHOD_INVALID,upi,halted,2,3,121,0.0,1,1,False,False,HIGH,WAIT_NATIVE_RETRY,none,27.381,0
episode_03494,69900,TEMPORARY_FUNDS,netbanking,pending,6,1,204,0.0,1,0,True,False,HIGH,WAIT_NATIVE_RETRY,none,22.727,1
episode_03495,29900,PAYMENT_METHOD_INVALID,upi,pending,2,3,396,0.0,3,1,True,True,HIGH,STOP_AND_ESCALATE,medium,14.427,0
episode_03496,69900,BANK_OR_NETWORK,upi,pending,4,1,194,0.0,1,0,True,False,HIGH,REQUEST_CARD_UPDATE,none,33.542,0
episode_03497,69900,MANDATE_OR_AUTH_INVALID,card,pending,3,3,182,0.0,0,1,True,False,HIGH,REQUEST_CARD_UPDATE,none,22.987,1
episode_03498,29900,BANK_OR_NETWORK,upi,pending,3,2,315,0.6,5,0,True,False,HIGH,STOP_AND_ESCALATE,none,46.339,0
episode_03499,69900,PAYMENT_METHOD_INVALID,card,pending,3,2,116,0.0,1,1,True,False,HIGH,WAIT_NATIVE_RETRY,none,20.689,1
episode_03500,29900,BANK_OR_NETWORK,card,pending,1,1,229,0.5,2,1,True,False,HIGH,SEND_NUDGE,none,22.116,0
episode_03501,29900,TEMPORARY_FUNDS,card,pending,1,1,238,0.0,0,0,True,False,MEDIUM,REQUEST_CARD_UPDATE,none,69.65,0
episode_03502,149900,CUSTOMER_AUTH_FAILURE,upi,pending,4,2,271,0.666667,3,2,True,False,LOW,REQUEST_CARD_UPDATE,none,33.172,0
episode_03503,29900,MANDATE_OR_AUTH_INVALID,upi,pending,2,2,48,1.0,2,0,True,False,MEDIUM,WAIT_NATIVE_RETRY,none,24.502,1
episode_03504,149900,CUSTOMER_AUTH_FAILURE,netbanking,pending,2,1,156,0.6,5,1,True,False,LOW,WAIT_NATIVE_RETRY,none,32.437,1
episode_03505,69900,TEMPORARY_FUNDS,upi,halted,2,1,73,0.166667,6,0,False,False,LOW,WAIT_NATIVE_RETRY,none,30.053,0
episode_03506,29900,PAYMENT_METHOD_INVALID,netbanking,pending,3,2,206,1.0,1,1,True,False,MEDIUM,SEND_NUDGE,none,8.23,1
episode_03507,29900,UNKNOWN,card,pending,4,1,544,1.0,1,1,True,False,MEDIUM,SEND_NUDGE,none,13.952,0
episode_03508,69900,BANK_OR_NETWORK,card,pending,1,2,77,0.5,2,0,True,False,HIGH,SEND_NUDGE,none,90.24,1
episode_03509,29900,UNKNOWN,card,pending,3,1,110,0.0,2,0,True,False,LOW,REQUEST_CARD_UPDATE,none,24.422,0
episode_03510,149900,PAYMENT_METHOD_INVALID,unknown,pending,1,3,177,1.0,1,0,True,False,HIGH,SEND_NUDGE,none,15.284,1
episode_03511,29900,BANK_OR_NETWORK,card,pending,4,3,129,0.0,4,0,True,False,HIGH,REQUEST_CARD_UPDATE,none,30.016,0
episode_03512,69900,TEMPORARY_FUNDS,card,pending,2,2,67,0.333333,3,0,True,False,MEDIUM,WAIT_NATIVE_RETRY,none,56.728,1
episode_03513,29900,PAYMENT_METHOD_INVALID,emandate,pending,1,2,157,1.0,2,1,True,False,HIGH,STOP_AND_ESCALATE,none,21.585,0
episode_03514,69900,UNKNOWN,upi,pending,1,1,335,0.2,5,0,True,False,MEDIUM,STOP_AND_ESCALATE,none,23.294,0
episode_03515,69900,PAYMENT_METHOD_INVALID,emandate,pending,1,2,46,0.0,1,0,True,False,MEDIUM,STOP_AND_ESCALATE,none,13.098,1
episode_03516,29900,TEMPORARY_FUNDS,card,pending,1,2,61,1.0,1,2,True,False,LOW,WAIT_NATIVE_RETRY,none,13.163,0
episode_03517,29900,PAYMENT_METHOD_INVALID,upi,pending,3,2,240,0.75,4,0,True,False,LOW,REQUEST_CARD_UPDATE,none,5.178,0
episode_03518,29900,CUSTOMER_AUTH_FAILURE,emandate,pending,2,2,207,0.5,2,2,True,False,MEDIUM,STOP_AND_ESCALATE,none,3.792,0
episode_03519,149900,PAYMENT_METHOD_INVALID,card,pending,3,1,144,0.0,4,0,True,False,HIGH,WAIT_NATIVE_RETRY,none,40.859,0
episode_03520,69900,TEMPORARY_FUNDS,emandate,pending,2,2,167,1.0,1,0,True,False,MEDIUM,REQUEST_CARD_UPDATE,none,36.38,1
episode_03521,29900,TEMPORARY_FUNDS,card,pending,2,1,288,1.0,1,0,True,False,MEDIUM,WAIT_NATIVE_RETRY,none,58.639,1
episode_03522,69900,MANDATE_OR_AUTH_INVALID,card,pending,2,1,169,0.0,1,0,True,False,MEDIUM,STOP_AND_ESCALATE,none,22.843,0
episode_03523,149900,PAYMENT_METHOD_INVALID,emandate,halted,4,2,124,0.666667,6,0,False,False,MEDIUM,REQUEST_CARD_UPDATE,none,52.357,1
episode_03524,69900,MANDATE_OR_AUTH_INVALID,upi,halted,3,1,182,1.0,1,2,False,False,LOW,STOP_AND_ESCALATE,none,19.794,0
episode_03525,29900,TEMPORARY_FUNDS,card,pending,3,2,181,1.0,3,1,True,False,LOW,WAIT_NATIVE_RETRY,none,53.972,1
episode_03526,69900,MANDATE_OR_AUTH_INVALID,upi,halted,1,1,361,1.0,2,0,False,False,HIGH,WAIT_NATIVE_RETRY,none,6.51,0
episode_03527,69900,TEMPORARY_FUNDS,card,pending,2,1,99,0.0,2,0,True,False,HIGH,WAIT_NATIVE_RETRY,none,10.622,1
episode_03528,29900,PAYMENT_METHOD_INVALID,upi,pending,2,1,244,0.0,1,0,True,False,HIGH,WAIT_NATIVE_RETRY,none,17.719,0
episode_03529,29900,TEMPORARY_FUNDS,upi,pending,2,3,26,0.0,6,0,True,False,HIGH,REQUEST_CARD_UPDATE,none,32.782,0
episode_03530,69900,UNKNOWN,card,pending,2,1,105,0.5,4,0,True,False,LOW,WAIT_NATIVE_RETRY,none,19.057,0
episode_03531,149900,BANK_OR_NETWORK,card,halted,3,3,351,0.0,0,1,False,True,HIGH,WAIT_NATIVE_RETRY,medium,13.27,1
episode_03532,149900,PAYMENT_METHOD_INVALID,card,pending,2,1,161,1.0,1,0,True,False,MEDIUM,SEND_NUDGE,none,9.482,0
episode_03533,29900,TEMPORARY_FUNDS,upi,pending,2,1,81,1.0,2,0,True,False,HIGH,REQUEST_CARD_UPDATE,none,56.28,0
episode_03534,69900,BANK_OR_NETWORK,emandate,pending,1,3,214,0.5,2,0,True,False,HIGH,STOP_AND_ESCALATE,none,24.291,1
episode_03535,29900,TEMPORARY_FUNDS,emandate,pending,4,1,11,1.0,2,3,True,False,HIGH,SEND_NUDGE,none,40.168,1
episode_03536,69900,PAYMENT_METHOD_INVALID,emandate,halted,2,2,160,0.0,2,2,False,True,LOW,REQUEST_CARD_UPDATE,low,38.756,0
episode_03537,149900,BANK_OR_NETWORK,netbanking,pending,3,3,105,0.5,2,1,True,False,MEDIUM,REQUEST_CARD_UPDATE,none,63.164,0
episode_03538,29900,BANK_OR_NETWORK,card,halted,6,1,225,0.5,4,2,False,True,HIGH,REQUEST_CARD_UPDATE,high,104.112,0
episode_03539,29900,CUSTOMER_AUTH_FAILURE,card,pending,2,1,405,0.0,2,3,True,False,MEDIUM,SEND_NUDGE,none,21.55,0
episode_03540,69900,TEMPORARY_FUNDS,upi,pending,2,2,127,0.0,2,0,True,False,HIGH,WAIT_NATIVE_RETRY,none,39.374,1
episode_03541,29900,BANK_OR_NETWORK,upi,pending,3,1,78,0.666667,3,2,True,False,HIGH,WAIT_NATIVE_RETRY,none,42.107,0
episode_03542,29900,TEMPORARY_FUNDS,upi,halted,3,2,181,0.666667,3,1,False,False,LOW,REQUEST_CARD_UPDATE,none,31.505,0
episode_03543,69900,PAYMENT_METHOD_INVALID,upi,pending,3,1,232,0.0,1,0,True,False,MEDIUM,REQUEST_CARD_UPDATE,none,48.434,0
episode_03544,29900,PAYMENT_METHOD_INVALID,emandate,pending,1,1,250,0.333333,3,0,True,False,MEDIUM,WAIT_NATIVE_RETRY,none,53.281,0
episode_03545,69900,TEMPORARY_FUNDS,card,pending,4,1,51,0.2,5,0,True,False,MEDIUM,SEND_NUDGE,none,10.548,1
episode_03546,29900,CUSTOMER_AUTH_FAILURE,netbanking,halted,2,1,296,0.666667,3,1,False,False,HIGH,REQUEST_CARD_UPDATE,none,13.146,1
episode_03547,69900,TEMPORARY_FUNDS,card,pending,1,1,95,0.5,4,0,True,False,MEDIUM,SEND_NUDGE,none,21.062,1
episode_03548,29900,PAYMENT_METHOD_INVALID,card,pending,5,1,218,0.5,2,0,True,False,HIGH,REQUEST_CARD_UPDATE,none,36.884,1
episode_03549,29900,BANK_OR_NETWORK,netbanking,pending,2,3,86,0.0,0,2,True,False,HIGH,STOP_AND_ESCALATE,none,39.196,0
episode_03550,29900,TEMPORARY_FUNDS,netbanking,pending,1,2,329,0.0,0,1,True,False,HIGH,STOP_AND_ESCALATE,none,19.372,0
episode_03551,69900,BANK_OR_NETWORK,card,pending,2,3,207,0.0,2,0,True,True,HIGH,REQUEST_CARD_UPDATE,medium,69.47,0
episode_03552,29900,CUSTOMER_AUTH_FAILURE,emandate,pending,1,1,199,0.0,0,1,True,True,HIGH,STOP_AND_ESCALATE,low,8.163,0
episode_03553,69900,UNKNOWN,upi,pending,2,2,437,0.333333,3,0,True,False,MEDIUM,REQUEST_CARD_UPDATE,none,34.777,0
episode_03554,69900,MANDATE_OR_AUTH_INVALID,upi,halted,2,3,284,0.333333,3,1,False,False,LOW,REQUEST_CARD_UPDATE,none,45.802,0
episode_03555,29900,BANK_OR_NETWORK,unknown,pending,3,1,322,0.0,2,0,True,False,HIGH,STOP_AND_ESCALATE,none,55.993,0
episode_03556,69900,BANK_OR_NETWORK,card,halted,2,1,98,0.5,4,1,False,True,HIGH,WAIT_NATIVE_RETRY,medium,50.443,1
episode_03557,149900,MANDATE_OR_AUTH_INVALID,card,pending,2,1,134,0.0,0,1,True,False,HIGH,REQUEST_CARD_UPDATE,none,17.073,0
episode_03558,29900,TEMPORARY_FUNDS,unknown,pending,5,1,150,0.0,0,0,True,False,MEDIUM,WAIT_NATIVE_RETRY,none,57.776,1
episode_03559,149900,MANDATE_OR_AUTH_INVALID,netbanking,halted,1,1,315,0.0,1,0,False,False,MEDIUM,SEND_NUDGE,none,47.354,0
episode_03560,29900,BANK_OR_NETWORK,card,halted,4,2,257,1.0,3,0,False,False,HIGH,REQUEST_CARD_UPDATE,none,30.534,0
episode_03561,29900,TEMPORARY_FUNDS,card,pending,1,1,124,1.0,3,1,True,False,MEDIUM,REQUEST_CARD_UPDATE,none,58.186,1
episode_03562,29900,UNKNOWN,card,pending,4,3,83,0.0,1,0,True,False,MEDIUM,WAIT_NATIVE_RETRY,none,5.924,0
episode_03563,29900,UNKNOWN,card,pending,1,2,256,0.5,4,0,True,False,LOW,SEND_NUDGE,none,51.136,0
episode_03564,149900,TEMPORARY_FUNDS,card,pending,1,1,84,0.4,5,0,True,False,HIGH,SEND_NUDGE,none,36.779,1
episode_03565,29900,BANK_OR_NETWORK,card,pending,1,2,265,0.333333,3,0,True,True,HIGH,WAIT_NATIVE_RETRY,high,16.943,1
episode_03566,29900,TEMPORARY_FUNDS,card,halted,1,2,96,0.75,4,1,False,False,MEDIUM,STOP_AND_ESCALATE,none,9.382,0
episode_03567,69900,CUSTOMER_AUTH_FAILURE,upi,halted,1,2,16,0.0,4,0,False,False,MEDIUM,STOP_AND_ESCALATE,none,13.392,0
episode_03568,29900,UNKNOWN,netbanking,pending,2,2,27,0.5,2,0,True,False,LOW,WAIT_NATIVE_RETRY,none,15.002,0
episode_03569,29900,TEMPORARY_FUNDS,card,pending,2,2,151,0.0,2,3,True,False,MEDIUM,REQUEST_CARD_UPDATE,none,45.784,0
episode_03570,69900,TEMPORARY_FUNDS,card,pending,4,2,291,0.0,1,0,True,False,MEDIUM,REQUEST_CARD_UPDATE,none,29.483,0
episode_03571,69900,TEMPORARY_FUNDS,upi,pending,1,1,143,0.5,2,2,True,False,HIGH,STOP_AND_ESCALATE,none,27.342,0
episode_03572,29900,BANK_OR_NETWORK,netbanking,pending,1,1,484,0.75,4,1,True,False,MEDIUM,SEND_NUDGE,none,14.302,1
episode_03573,69900,BANK_OR_NETWORK,upi,pending,2,1,127,0.333333,3,0,True,False,HIGH,WAIT_NATIVE_RETRY,none,30.105,1
episode_03574,69900,PAYMENT_METHOD_INVALID,card,pending,3,2,231,0.0,1,2,True,False,MEDIUM,STOP_AND_ESCALATE,none,68.91,0
episode_03575,149900,BANK_OR_NETWORK,card,halted,3,2,145,0.0,1,3,False,True,MEDIUM,WAIT_NATIVE_RETRY,medium,17.653,0
episode_03576,29900,TEMPORARY_FUNDS,card,halted,3,3,250,0.0,1,2,False,False,LOW,REQUEST_CARD_UPDATE,none,83.607,1
episode_03577,29900,UNKNOWN,card,pending,4,1,251,0.0,2,0,True,False,LOW,STOP_AND_ESCALATE,none,5.093,1
episode_03578,149900,TEMPORARY_FUNDS,netbanking,pending,2,1,66,0.0,2,2,True,False,HIGH,REQUEST_CARD_UPDATE,none,14.266,0
episode_03579,69900,PAYMENT_METHOD_INVALID,upi,halted,2,2,142,0.0,0,3,False,False,HIGH,SEND_NUDGE,none,12.239,0
episode_03580,29900,TEMPORARY_FUNDS,unknown,pending,2,2,118,0.0,0,1,True,False,MEDIUM,WAIT_NATIVE_RETRY,none,39.736,1
episode_03581,29900,TEMPORARY_FUNDS,upi,pending,2,3,219,0.0,3,0,True,False,MEDIUM,WAIT_NATIVE_RETRY,none,12.328,0
episode_03582,29900,BANK_OR_NETWORK,card,pending,1,2,156,0.75,4,1,True,False,HIGH,SEND_NUDGE,none,31.354,1
episode_03583,69900,TEMPORARY_FUNDS,upi,pending,2,2,28,1.0,1,0,True,False,HIGH,REQUEST_CARD_UPDATE,none,42.522,1
episode_03584,69900,MANDATE_OR_AUTH_INVALID,card,pending,2,2,81,0.0,3,1,True,False,HIGH,REQUEST_CARD_UPDATE,none,1.958,0
episode_03585,149900,TEMPORARY_FUNDS,card,pending,4,3,134,0.0,1,0,True,False,HIGH,SEND_NUDGE,none,20.106,1
episode_03586,149900,BANK_OR_NETWORK,upi,pending,1,3,71,0.0,2,0,True,False,MEDIUM,WAIT_NATIVE_RETRY,none,51.385,1
episode_03587,29900,PAYMENT_METHOD_INVALID,unknown,pending,1,6,347,0.2,5,0,True,True,MEDIUM,WAIT_NATIVE_RETRY,low,26.571,1
episode_03588,29900,BANK_OR_NETWORK,card,halted,2,1,144,0.75,4,0,False,True,LOW,STOP_AND_ESCALATE,medium,59.752,0
episode_03589,69900,PAYMENT_METHOD_INVALID,card,pending,1,1,152,1.0,4,1,True,False,MEDIUM,WAIT_NATIVE_RETRY,none,12.584,1
episode_03590,69900,CUSTOMER_AUTH_FAILURE,card,pending,2,3,130,0.5,2,3,True,False,HIGH,STOP_AND_ESCALATE,none,43.931,0
episode_03591,149900,BANK_OR_NETWORK,netbanking,pending,3,2,293,1.0,2,0,True,False,HIGH,REQUEST_CARD_UPDATE,none,9.584,1
episode_03592,29900,UNKNOWN,card,pending,2,2,402,0.0,2,1,True,False,LOW,WAIT_NATIVE_RETRY,none,13.936,0
episode_03593,69900,PAYMENT_METHOD_INVALID,netbanking,pending,1,2,21,0.333333,6,0,True,False,HIGH,WAIT_NATIVE_RETRY,none,3.329,0
episode_03594,29900,PAYMENT_METHOD_INVALID,card,pending,2,1,189,1.0,1,1,True,False,HIGH,SEND_NUDGE,none,62.294,1
episode_03595,149900,TEMPORARY_FUNDS,card,halted,1,1,235,0.5,2,0,False,False,HIGH,REQUEST_CARD_UPDATE,none,16.609,1
episode_03596,29900,TEMPORARY_FUNDS,netbanking,halted,2,1,223,0.333333,3,0,False,False,HIGH,STOP_AND_ESCALATE,none,24.289,1
episode_03597,29900,UNKNOWN,card,halted,1,2,381,0.333333,3,0,False,False,LOW,SEND_NUDGE,none,48.064,1
episode_03598,29900,PAYMENT_METHOD_INVALID,card,pending,1,2,165,1.0,3,0,True,False,MEDIUM,WAIT_NATIVE_RETRY,none,28.678,1
episode_03599,29900,MANDATE_OR_AUTH_INVALID,card,pending,2,1,255,0.5,2,0,True,False,HIGH,SEND_NUDGE,none,19.509,0
episode_03600,69900,TEMPORARY_FUNDS,card,pending,2,3,245,0.5,2,0,True,False,MEDIUM,STOP_AND_ESCALATE,none,5.664,1
episode_03601,149900,UNKNOWN,card,pending,2,1,495,1.0,1,2,True,False,HIGH,SEND_NUDGE,none,19.139,0
episode_03602,29900,BANK_OR_NETWORK,card,pending,2,1,105,0.0,0,0,True,False,HIGH,WAIT_NATIVE_RETRY,none,51.88,1
episode_03603,29900,UNKNOWN,upi,pending,3,1,113,1.0,1,1,True,False,LOW,WAIT_NATIVE_RETRY,none,20.197,1
episode_03604,149900,PAYMENT_METHOD_INVALID,card,pending,2,1,65,0.0,2,0,True,False,HIGH,SEND_NUDGE,none,53.952,0
episode_03605,149900,BANK_OR_NETWORK,netbanking,halted,2,1,289,0.5,2,0,False,False,MEDIUM,WAIT_NATIVE_RETRY,none,16.472,0
episode_03606,29900,BANK_OR_NETWORK,upi,pending,1,1,318,0.0,0,0,True,False,HIGH,STOP_AND_ESCALATE,none,29.065,0
episode_03607,69900,UNKNOWN,card,pending,1,2,86,0.0,0,0,True,False,LOW,REQUEST_CARD_UPDATE,none,14.664,1
episode_03608,69900,UNKNOWN,upi,pending,3,2,184,0.25,4,0,True,False,LOW,STOP_AND_ESCALATE,none,13.947,0
episode_03609,29900,TEMPORARY_FUNDS,card,halted,3,2,486,0.5,4,1,False,False,HIGH,REQUEST_CARD_UPDATE,none,41.134,1
episode_03610,69900,PAYMENT_METHOD_INVALID,emandate,halted,1,1,350,0.333333,3,1,False,False,MEDIUM,SEND_NUDGE,none,58.167,1
episode_03611,69900,PAYMENT_METHOD_INVALID,card,halted,2,1,120,0.0,1,0,False,False,LOW,SEND_NUDGE,none,128.136,0
episode_03612,29900,BANK_OR_NETWORK,unknown,halted,2,1,124,0.0,0,1,False,False,HIGH,STOP_AND_ESCALATE,none,26.281,0
episode_03613,29900,CUSTOMER_AUTH_FAILURE,upi,pending,2,1,235,0.0,0,0,True,True,HIGH,STOP_AND_ESCALATE,medium,33.13,0
episode_03614,69900,CUSTOMER_AUTH_FAILURE,card,pending,1,1,194,0.4,5,0,True,False,HIGH,WAIT_NATIVE_RETRY,none,26.39,0
episode_03615,69900,BANK_OR_NETWORK,card,pending,4,2,123,0.5,2,1,True,False,HIGH,REQUEST_CARD_UPDATE,none,17.153,0
episode_03616,69900,BANK_OR_NETWORK,card,halted,1,2,148,0.5,2,1,False,True,MEDIUM,STOP_AND_ESCALATE,high,30.218,0
episode_03617,69900,UNKNOWN,upi,halted,1,2,146,1.0,1,2,False,False,LOW,WAIT_NATIVE_RETRY,none,19.209,0
episode_03618,69900,CUSTOMER_AUTH_FAILURE,card,pending,3,2,44,0.5,2,0,True,False,HIGH,STOP_AND_ESCALATE,none,7.949,0
episode_03619,29900,MANDATE_OR_AUTH_INVALID,card,halted,2,2,445,1.0,2,1,False,False,HIGH,SEND_NUDGE,none,37.467,0
episode_03620,69900,PAYMENT_METHOD_INVALID,upi,pending,1,3,614,0.285714,7,0,True,False,MEDIUM,STOP_AND_ESCALATE,none,34.769,0
episode_03621,149900,UNKNOWN,unknown,pending,2,2,153,0.0,2,3,True,False,LOW,REQUEST_CARD_UPDATE,none,21.502,0
episode_03622,69900,TEMPORARY_FUNDS,upi,pending,2,1,100,0.0,0,0,True,False,LOW,SEND_NUDGE,none,15.284,1
episode_03623,149900,UNKNOWN,card,halted,4,1,282,0.0,1,0,False,False,LOW,REQUEST_CARD_UPDATE,none,23.917,0
episode_03624,29900,TEMPORARY_FUNDS,upi,pending,1,2,63,0.0,2,0,True,False,HIGH,REQUEST_CARD_UPDATE,none,87.861,0
episode_03625,149900,MANDATE_OR_AUTH_INVALID,upi,pending,2,3,407,0.0,4,2,True,False,MEDIUM,SEND_NUDGE,none,61.667,0
episode_03626,69900,TEMPORARY_FUNDS,upi,pending,2,2,414,0.0,2,0,True,False,HIGH,STOP_AND_ESCALATE,none,13.753,1
episode_03627,69900,BANK_OR_NETWORK,card,pending,1,2,180,0.666667,3,1,True,False,HIGH,STOP_AND_ESCALATE,none,21.731,0
episode_03628,69900,UNKNOWN,card,pending,1,2,237,0.0,1,1,True,False,HIGH,SEND_NUDGE,none,63.699,1
episode_03629,69900,TEMPORARY_FUNDS,card,pending,2,3,149,0.0,2,1,True,False,MEDIUM,WAIT_NATIVE_RETRY,none,50.872,1
episode_03630,29900,PAYMENT_METHOD_INVALID,upi,pending,2,2,31,0.0,0,0,True,False,HIGH,REQUEST_CARD_UPDATE,none,25.931,1
episode_03631,69900,BANK_OR_NETWORK,card,pending,2,3,202,1.0,1,0,True,False,HIGH,SEND_NUDGE,none,13.808,1
episode_03632,149900,TEMPORARY_FUNDS,card,pending,3,2,309,0.666667,3,1,True,False,HIGH,STOP_AND_ESCALATE,none,7.434,0
episode_03633,29900,BANK_OR_NETWORK,emandate,pending,1,1,136,1.0,3,0,True,False,LOW,WAIT_NATIVE_RETRY,none,18.52,1
episode_03634,29900,TEMPORARY_FUNDS,upi,pending,3,2,337,0.0,2,0,True,False,HIGH,SEND_NUDGE,none,12.558,0
episode_03635,69900,UNKNOWN,emandate,halted,1,2,124,0.0,1,2,False,False,LOW,REQUEST_CARD_UPDATE,none,15.151,0
episode_03636,29900,BANK_OR_NETWORK,card,pending,4,2,104,0.0,1,3,True,False,HIGH,REQUEST_CARD_UPDATE,none,36.725,0
episode_03637,69900,CUSTOMER_AUTH_FAILURE,card,halted,2,1,175,0.0,1,0,False,False,MEDIUM,WAIT_NATIVE_RETRY,none,15.36,0
episode_03638,29900,TEMPORARY_FUNDS,card,pending,3,1,167,0.0,3,1,True,False,HIGH,WAIT_NATIVE_RETRY,none,3.721,1
episode_03639,29900,CUSTOMER_AUTH_FAILURE,upi,halted,1,2,25,0.5,2,1,False,False,MEDIUM,SEND_NUDGE,none,10.764,1
episode_03640,69900,CUSTOMER_AUTH_FAILURE,card,pending,3,1,139,0.666667,3,0,True,False,HIGH,WAIT_NATIVE_RETRY,none,68.661,1
episode_03641,29900,TEMPORARY_FUNDS,emandate,halted,2,2,112,1.0,2,1,False,False,MEDIUM,SEND_NUDGE,none,22.704,1
episode_03642,69900,UNKNOWN,netbanking,pending,1,2,166,1.0,5,0,True,False,MEDIUM,SEND_NUDGE,none,33.176,1
episode_03643,29900,PAYMENT_METHOD_INVALID,card,pending,6,3,122,0.0,0,2,True,False,HIGH,SEND_NUDGE,none,4.107,0
episode_03644,29900,TEMPORARY_FUNDS,card,halted,1,2,58,0.0,2,0,False,True,HIGH,STOP_AND_ESCALATE,low,19.587,0
episode_03645,29900,PAYMENT_METHOD_INVALID,card,pending,2,2,107,0.0,4,0,True,False,HIGH,STOP_AND_ESCALATE,none,12.746,1
episode_03646,29900,TEMPORARY_FUNDS,card,pending,2,2,306,0.75,4,0,True,False,HIGH,STOP_AND_ESCALATE,none,10.079,0
episode_03647,69900,BANK_OR_NETWORK,emandate,pending,3,1,150,0.0,2,0,True,True,HIGH,WAIT_NATIVE_RETRY,low,23.112,1
episode_03648,69900,PAYMENT_METHOD_INVALID,emandate,pending,1,4,81,0.333333,3,0,True,False,MEDIUM,SEND_NUDGE,none,71.562,1
episode_03649,29900,PAYMENT_METHOD_INVALID,upi,pending,1,1,78,0.0,0,0,True,False,HIGH,SEND_NUDGE,none,13.488,0
episode_03650,69900,BANK_OR_NETWORK,upi,pending,2,1,187,1.0,1,3,True,False,HIGH,REQUEST_CARD_UPDATE,none,67.67,1
episode_03651,69900,BANK_OR_NETWORK,card,pending,4,1,255,0.0,3,2,True,False,HIGH,WAIT_NATIVE_RETRY,none,35.827,1
episode_03652,149900,TEMPORARY_FUNDS,upi,pending,2,2,318,0.0,2,1,True,False,MEDIUM,WAIT_NATIVE_RETRY,none,52.565,1
episode_03653,149900,UNKNOWN,upi,pending,3,3,97,0.333333,3,1,True,False,LOW,SEND_NUDGE,none,14.394,0
episode_03654,29900,TEMPORARY_FUNDS,upi,halted,1,3,341,0.0,1,0,False,False,HIGH,REQUEST_CARD_UPDATE,none,23.054,1
episode_03655,29900,BANK_OR_NETWORK,card,halted,1,1,69,0.0,0,0,False,False,MEDIUM,SEND_NUDGE,none,41.185,1
episode_03656,69900,MANDATE_OR_AUTH_INVALID,card,halted,6,1,79,0.5,4,0,False,False,HIGH,SEND_NUDGE,none,61.228,1
episode_03657,29900,TEMPORARY_FUNDS,upi,pending,1,2,321,1.0,2,1,True,False,HIGH,REQUEST_CARD_UPDATE,none,17.039,0
episode_03658,29900,UNKNOWN,upi,pending,2,1,216,0.0,1,2,True,False,LOW,WAIT_NATIVE_RETRY,none,12.217,0
episode_03659,69900,BANK_OR_NETWORK,card,pending,1,4,30,0.0,3,2,True,False,MEDIUM,WAIT_NATIVE_RETRY,none,57.545,0
episode_03660,69900,CUSTOMER_AUTH_FAILURE,unknown,pending,1,2,97,0.8,5,0,True,False,HIGH,STOP_AND_ESCALATE,none,73.273,1
episode_03661,69900,MANDATE_OR_AUTH_INVALID,emandate,pending,2,2,360,0.0,0,0,True,False,HIGH,REQUEST_CARD_UPDATE,none,38.712,1
episode_03662,29900,TEMPORARY_FUNDS,emandate,pending,4,1,94,0.0,1,1,True,False,MEDIUM,STOP_AND_ESCALATE,none,19.324,0
episode_03663,29900,BANK_OR_NETWORK,card,pending,3,2,208,0.0,4,2,True,False,HIGH,WAIT_NATIVE_RETRY,none,20.509,0
episode_03664,29900,PAYMENT_METHOD_INVALID,unknown,pending,3,1,436,0.0,1,0,True,False,MEDIUM,WAIT_NATIVE_RETRY,none,58.871,0
episode_03665,149900,CUSTOMER_AUTH_FAILURE,emandate,pending,1,2,212,0.0,4,1,True,False,MEDIUM,WAIT_NATIVE_RETRY,none,48.633,1
episode_03666,69900,BANK_OR_NETWORK,card,pending,3,2,246,0.0,1,1,True,False,HIGH,WAIT_NATIVE_RETRY,none,10.639,1
episode_03667,29900,CUSTOMER_AUTH_FAILURE,card,pending,1,1,68,1.0,1,0,True,False,HIGH,WAIT_NATIVE_RETRY,none,99.887,1
episode_03668,29900,UNKNOWN,card,pending,2,1,142,0.333333,3,2,True,False,MEDIUM,REQUEST_CARD_UPDATE,none,39.444,1
episode_03669,69900,TEMPORARY_FUNDS,emandate,pending,2,2,125,0.0,0,0,True,False,LOW,SEND_NUDGE,none,2.896,0
episode_03670,29900,CUSTOMER_AUTH_FAILURE,unknown,pending,1,1,37,1.0,1,0,True,False,MEDIUM,SEND_NUDGE,none,51.264,1
episode_03671,69900,TEMPORARY_FUNDS,card,pending,1,1,120,0.333333,3,0,True,True,HIGH,WAIT_NATIVE_RETRY,medium,38.263,1
episode_03672,149900,CUSTOMER_AUTH_FAILURE,netbanking,pending,1,4,32,0.0,0,0,True,False,LOW,SEND_NUDGE,none,38.004,0
episode_03673,29900,BANK_OR_NETWORK,upi,halted,2,3,390,0.0,0,0,False,False,LOW,STOP_AND_ESCALATE,none,74.095,0
episode_03674,69900,BANK_OR_NETWORK,card,pending,1,2,827,0.666667,3,0,True,True,LOW,WAIT_NATIVE_RETRY,high,15.088,1
episode_03675,29900,TEMPORARY_FUNDS,upi,halted,4,2,250,0.5,4,0,False,False,HIGH,REQUEST_CARD_UPDATE,none,46.899,0
episode_03676,29900,UNKNOWN,card,pending,2,2,294,0.0,1,0,True,False,MEDIUM,REQUEST_CARD_UPDATE,none,30.04,1
episode_03677,29900,BANK_OR_NETWORK,card,pending,3,1,258,1.0,1,0,True,False,LOW,WAIT_NATIVE_RETRY,none,96.371,1
episode_03678,29900,BANK_OR_NETWORK,card,pending,1,2,393,0.0,2,3,True,False,MEDIUM,STOP_AND_ESCALATE,none,66.446,0
episode_03679,69900,PAYMENT_METHOD_INVALID,card,halted,1,1,276,0.6,5,1,False,False,MEDIUM,WAIT_NATIVE_RETRY,none,23.438,0
episode_03680,29900,MANDATE_OR_AUTH_INVALID,card,pending,5,1,137,0.5,2,0,True,False,MEDIUM,REQUEST_CARD_UPDATE,none,51.9,1
episode_03681,69900,BANK_OR_NETWORK,card,pending,3,1,147,0.5,2,1,True,False,LOW,STOP_AND_ESCALATE,none,51.673,0
episode_03682,29900,BANK_OR_NETWORK,netbanking,pending,3,2,115,0.0,4,0,True,True,HIGH,WAIT_NATIVE_RETRY,medium,74.338,0
episode_03683,149900,TEMPORARY_FUNDS,upi,halted,3,2,207,0.333333,3,0,False,False,HIGH,REQUEST_CARD_UPDATE,none,8.124,0
episode_03684,69900,TEMPORARY_FUNDS,unknown,pending,2,1,257,0.0,1,0,True,False,MEDIUM,REQUEST_CARD_UPDATE,none,3.332,0
episode_03685,149900,PAYMENT_METHOD_INVALID,card,halted,1,1,146,0.333333,3,1,False,False,MEDIUM,SEND_NUDGE,none,27.115,0
episode_03686,149900,TEMPORARY_FUNDS,card,halted,1,3,86,0.25,4,0,False,False,HIGH,STOP_AND_ESCALATE,none,69.297,1
episode_03687,69900,TEMPORARY_FUNDS,card,halted,1,2,473,0.5,2,1,False,False,HIGH,SEND_NUDGE,none,49.858,1
episode_03688,29900,MANDATE_OR_AUTH_INVALID,upi,halted,3,1,112,0.0,0,0,False,False,MEDIUM,REQUEST_CARD_UPDATE,none,32.383,0
episode_03689,69900,PAYMENT_METHOD_INVALID,card,pending,4,3,111,0.0,1,1,True,False,HIGH,STOP_AND_ESCALATE,none,37.484,0
episode_03690,29900,PAYMENT_METHOD_INVALID,upi,pending,5,1,90,0.0,0,0,True,False,MEDIUM,WAIT_NATIVE_RETRY,none,37.672,0
episode_03691,149900,BANK_OR_NETWORK,upi,pending,2,1,195,0.333333,3,0,True,False,MEDIUM,WAIT_NATIVE_RETRY,none,56.905,1
episode_03692,69900,BANK_OR_NETWORK,upi,halted,2,2,225,0.5,2,0,False,False,HIGH,REQUEST_CARD_UPDATE,none,44.569,0
episode_03693,29900,MANDATE_OR_AUTH_INVALID,upi,pending,4,1,143,1.0,1,0,True,True,MEDIUM,WAIT_NATIVE_RETRY,medium,64.203,0
episode_03694,29900,TEMPORARY_FUNDS,upi,pending,1,1,232,0.5,2,0,True,False,HIGH,SEND_NUDGE,none,94.473,1
episode_03695,29900,TEMPORARY_FUNDS,emandate,halted,3,2,77,1.0,2,0,False,False,LOW,WAIT_NATIVE_RETRY,none,23.09,1
episode_03696,29900,CUSTOMER_AUTH_FAILURE,upi,pending,2,2,169,0.5,2,0,True,False,HIGH,WAIT_NATIVE_RETRY,none,18.427,1
episode_03697,149900,PAYMENT_METHOD_INVALID,emandate,halted,2,1,214,1.0,1,1,False,False,MEDIUM,SEND_NUDGE,none,48.358,0
episode_03698,149900,CUSTOMER_AUTH_FAILURE,upi,halted,3,2,139,1.0,1,1,False,False,HIGH,WAIT_NATIVE_RETRY,none,75.33,0
episode_03699,29900,CUSTOMER_AUTH_FAILURE,upi,pending,3,1,157,0.0,2,1,True,False,HIGH,WAIT_NATIVE_RETRY,none,35.876,0
episode_03700,29900,PAYMENT_METHOD_INVALID,card,pending,1,1,5,1.0,1,0,True,False,HIGH,REQUEST_CARD_UPDATE,none,13.66,1
episode_03701,29900,TEMPORARY_FUNDS,card,halted,4,1,118,0.5,2,0,False,False,MEDIUM,SEND_NUDGE,none,23.171,1
episode_03702,149900,PAYMENT_METHOD_INVALID,card,pending,6,3,531,1.0,2,1,True,False,HIGH,REQUEST_CARD_UPDATE,none,4.809,0
episode_03703,29900,CUSTOMER_AUTH_FAILURE,upi,halted,2,1,234,1.0,1,0,False,False,HIGH,WAIT_NATIVE_RETRY,none,22.578,0
episode_03704,149900,TEMPORARY_FUNDS,upi,halted,3,2,144,1.0,4,0,False,False,MEDIUM,REQUEST_CARD_UPDATE,none,51.383,1
episode_03705,29900,PAYMENT_METHOD_INVALID,upi,pending,1,2,106,0.0,1,0,True,False,MEDIUM,SEND_NUDGE,none,35.973,1
episode_03706,69900,MANDATE_OR_AUTH_INVALID,upi,pending,1,1,120,0.0,2,1,True,True,HIGH,WAIT_NATIVE_RETRY,high,21.023,0
episode_03707,29900,TEMPORARY_FUNDS,card,pending,2,1,134,0.5,2,2,True,False,HIGH,REQUEST_CARD_UPDATE,none,36.536,0
episode_03708,29900,MANDATE_OR_AUTH_INVALID,card,pending,1,1,231,1.0,3,0,True,False,MEDIUM,SEND_NUDGE,none,38.811,0
episode_03709,29900,CUSTOMER_AUTH_FAILURE,emandate,pending,2,1,150,1.0,1,0,True,False,HIGH,SEND_NUDGE,none,12.577,1
episode_03710,29900,UNKNOWN,upi,pending,5,1,60,0.0,1,1,True,False,LOW,STOP_AND_ESCALATE,none,49.412,1
episode_03711,149900,BANK_OR_NETWORK,card,halted,3,1,114,0.0,3,0,False,False,HIGH,SEND_NUDGE,none,15.303,0
episode_03712,149900,MANDATE_OR_AUTH_INVALID,card,pending,3,1,203,0.0,2,0,True,False,HIGH,REQUEST_CARD_UPDATE,none,30.248,0
episode_03713,29900,CUSTOMER_AUTH_FAILURE,netbanking,pending,4,1,304,0.0,1,0,True,False,HIGH,SEND_NUDGE,none,51.938,0
episode_03714,149900,PAYMENT_METHOD_INVALID,card,pending,2,1,65,0.0,2,2,True,False,HIGH,WAIT_NATIVE_RETRY,none,50.777,0
episode_03715,69900,BANK_OR_NETWORK,card,pending,1,3,96,0.0,2,2,True,True,HIGH,SEND_NUDGE,high,20.838,0
episode_03716,69900,CUSTOMER_AUTH_FAILURE,card,pending,1,2,31,1.0,5,0,True,False,LOW,REQUEST_CARD_UPDATE,none,45.316,0
episode_03717,29900,MANDATE_OR_AUTH_INVALID,card,pending,1,3,297,0.0,1,1,True,False,HIGH,REQUEST_CARD_UPDATE,none,22.395,0
episode_03718,29900,TEMPORARY_FUNDS,card,halted,2,2,98,0.0,1,1,False,False,LOW,WAIT_NATIVE_RETRY,none,36.562,1
episode_03719,149900,TEMPORARY_FUNDS,upi,pending,2,1,156,1.0,3,3,True,False,HIGH,SEND_NUDGE,none,35.14,1
episode_03720,69900,MANDATE_OR_AUTH_INVALID,netbanking,pending,1,2,217,0.25,4,0,True,False,MEDIUM,WAIT_NATIVE_RETRY,none,26.174,1
episode_03721,149900,PAYMENT_METHOD_INVALID,card,pending,1,1,445,0.8,5,2,True,False,HIGH,SEND_NUDGE,none,55.033,0
episode_03722,69900,UNKNOWN,card,halted,1,2,233,0.0,1,3,False,False,LOW,REQUEST_CARD_UPDATE,none,60.22,0
episode_03723,29900,BANK_OR_NETWORK,emandate,pending,3,1,79,0.2,5,0,True,False,HIGH,SEND_NUDGE,none,8.06,1
episode_03724,149900,MANDATE_OR_AUTH_INVALID,card,pending,1,1,22,0.5,2,1,True,False,LOW,WAIT_NATIVE_RETRY,none,27.668,0
episode_03725,29900,BANK_OR_NETWORK,upi,pending,1,6,48,0.5,2,0,True,False,HIGH,REQUEST_CARD_UPDATE,none,25.717,0
episode_03726,149900,CUSTOMER_AUTH_FAILURE,card,pending,2,1,410,0.333333,3,2,True,False,MEDIUM,REQUEST_CARD_UPDATE,none,21.763,1
episode_03727,29900,BANK_OR_NETWORK,netbanking,pending,2,1,25,0.333333,3,0,True,False,MEDIUM,REQUEST_CARD_UPDATE,none,9.892,1
episode_03728,69900,PAYMENT_METHOD_INVALID,card,pending,4,1,239,0.333333,3,2,True,False,HIGH,STOP_AND_ESCALATE,none,27.797,1
episode_03729,149900,BANK_OR_NETWORK,netbanking,pending,1,1,485,0.666667,3,1,True,False,HIGH,WAIT_NATIVE_RETRY,none,5.968,1
episode_03730,29900,TEMPORARY_FUNDS,upi,pending,1,1,116,1.0,1,1,True,False,HIGH,WAIT_NATIVE_RETRY,none,19.282,1
episode_03731,149900,MANDATE_OR_AUTH_INVALID,upi,pending,1,1,142,1.0,1,2,True,False,HIGH,SEND_NUDGE,none,6.747,0
episode_03732,69900,PAYMENT_METHOD_INVALID,card,pending,2,3,70,0.0,2,0,True,False,LOW,SEND_NUDGE,none,23.856,1
episode_03733,29900,PAYMENT_METHOD_INVALID,card,pending,1,2,626,1.0,1,0,True,False,HIGH,REQUEST_CARD_UPDATE,none,34.481,1
episode_03734,29900,UNKNOWN,upi,pending,1,3,236,0.0,0,1,True,False,MEDIUM,WAIT_NATIVE_RETRY,none,38.557,1
episode_03735,29900,PAYMENT_METHOD_INVALID,card,pending,2,1,111,1.0,1,3,True,True,MEDIUM,WAIT_NATIVE_RETRY,low,30.643,0
episode_03736,29900,BANK_OR_NETWORK,emandate,halted,4,1,391,0.4,5,0,False,False,HIGH,STOP_AND_ESCALATE,none,16.962,0
episode_03737,29900,TEMPORARY_FUNDS,unknown,pending,1,2,211,0.0,1,0,True,False,MEDIUM,WAIT_NATIVE_RETRY,none,76.347,0
episode_03738,69900,MANDATE_OR_AUTH_INVALID,emandate,pending,1,5,119,1.0,1,0,True,False,HIGH,WAIT_NATIVE_RETRY,none,18.915,1
episode_03739,149900,BANK_OR_NETWORK,card,pending,4,1,64,0.0,2,0,True,True,HIGH,STOP_AND_ESCALATE,low,14.418,0
episode_03740,149900,TEMPORARY_FUNDS,card,pending,1,2,360,0.0,3,1,True,False,MEDIUM,WAIT_NATIVE_RETRY,none,24.697,1
episode_03741,29900,BANK_OR_NETWORK,emandate,pending,1,1,123,0.0,1,0,True,False,HIGH,SEND_NUDGE,none,76.612,0
episode_03742,29900,BANK_OR_NETWORK,card,halted,4,3,203,0.666667,3,0,False,False,HIGH,REQUEST_CARD_UPDATE,none,58.482,0
episode_03743,69900,PAYMENT_METHOD_INVALID,card,pending,2,2,243,0.0,2,1,True,False,MEDIUM,REQUEST_CARD_UPDATE,none,8.739,1
episode_03744,149900,BANK_OR_NETWORK,upi,pending,1,2,403,0.5,2,1,True,True,MEDIUM,REQUEST_CARD_UPDATE,low,47.133,1
episode_03745,29900,TEMPORARY_FUNDS,card,pending,1,2,568,0.0,2,2,True,False,HIGH,SEND_NUDGE,none,58.536,1
episode_03746,29900,BANK_OR_NETWORK,upi,pending,1,1,193,1.0,3,0,True,False,MEDIUM,REQUEST_CARD_UPDATE,none,21.174,0
episode_03747,69900,TEMPORARY_FUNDS,upi,pending,1,2,75,1.0,2,1,True,False,HIGH,STOP_AND_ESCALATE,none,70.647,0
episode_03748,29900,UNKNOWN,upi,pending,1,1,98,0.5,2,0,True,False,LOW,WAIT_NATIVE_RETRY,none,46.921,1
episode_03749,149900,PAYMENT_METHOD_INVALID,upi,pending,2,1,77,0.0,0,0,True,False,MEDIUM,WAIT_NATIVE_RETRY,none,20.376,1
episode_03750,149900,MANDATE_OR_AUTH_INVALID,card,pending,2,3,319,0.0,0,0,True,False,HIGH,WAIT_NATIVE_RETRY,none,4.107,0
episode_03751,69900,BANK_OR_NETWORK,card,pending,2,1,46,1.0,1,0,True,False,HIGH,REQUEST_CARD_UPDATE,none,32.488,0
episode_03752,29900,MANDATE_OR_AUTH_INVALID,emandate,pending,2,3,192,1.0,2,0,True,False,HIGH,WAIT_NATIVE_RETRY,none,117.885,0
episode_03753,69900,PAYMENT_METHOD_INVALID,upi,pending,2,1,141,0.5,4,0,True,False,HIGH,WAIT_NATIVE_RETRY,none,119.15,0
episode_03754,149900,UNKNOWN,card,pending,1,1,101,0.0,0,1,True,False,MEDIUM,SEND_NUDGE,none,64.261,1
episode_03755,69900,BANK_OR_NETWORK,card,pending,3,1,157,0.0,3,0,True,False,HIGH,WAIT_NATIVE_RETRY,none,19.821,0
episode_03756,69900,PAYMENT_METHOD_INVALID,card,halted,1,2,49,0.5,4,0,False,True,HIGH,WAIT_NATIVE_RETRY,medium,15.005,0
episode_03757,29900,UNKNOWN,card,pending,1,3,100,0.0,4,0,True,True,LOW,STOP_AND_ESCALATE,high,78.261,0
episode_03758,29900,PAYMENT_METHOD_INVALID,card,halted,2,2,165,0.666667,3,0,False,False,MEDIUM,STOP_AND_ESCALATE,none,15.651,0
episode_03759,29900,CUSTOMER_AUTH_FAILURE,card,halted,4,1,66,0.4,5,1,False,False,HIGH,SEND_NUDGE,none,16.327,1
episode_03760,29900,PAYMENT_METHOD_INVALID,upi,pending,2,2,62,0.75,4,0,True,False,HIGH,STOP_AND_ESCALATE,none,28.844,1
episode_03761,29900,MANDATE_OR_AUTH_INVALID,card,pending,2,3,143,0.666667,3,1,True,False,LOW,REQUEST_CARD_UPDATE,none,68.123,0
episode_03762,29900,UNKNOWN,card,pending,2,2,246,0.75,4,0,True,False,LOW,SEND_NUDGE,none,8.569,0
episode_03763,69900,TEMPORARY_FUNDS,card,halted,1,2,213,0.5,2,1,False,False,HIGH,WAIT_NATIVE_RETRY,none,8.38,1
episode_03764,149900,PAYMENT_METHOD_INVALID,netbanking,pending,2,2,31,0.666667,3,1,True,True,LOW,SEND_NUDGE,high,31.53,1
episode_03765,29900,MANDATE_OR_AUTH_INVALID,netbanking,halted,4,1,108,0.0,0,0,False,False,HIGH,WAIT_NATIVE_RETRY,none,43.906,0
episode_03766,29900,PAYMENT_METHOD_INVALID,upi,pending,3,3,313,1.0,1,1,True,True,HIGH,WAIT_NATIVE_RETRY,high,73.45,1
episode_03767,69900,TEMPORARY_FUNDS,emandate,pending,1,4,154,0.0,2,0,True,False,MEDIUM,STOP_AND_ESCALATE,none,35.002,0
episode_03768,29900,CUSTOMER_AUTH_FAILURE,card,halted,1,4,197,0.0,0,2,False,False,HIGH,WAIT_NATIVE_RETRY,none,33.482,0
episode_03769,69900,MANDATE_OR_AUTH_INVALID,emandate,pending,1,3,75,0.333333,3,1,True,False,HIGH,WAIT_NATIVE_RETRY,none,50.388,1
episode_03770,29900,CUSTOMER_AUTH_FAILURE,upi,halted,1,2,233,0.0,4,0,False,True,HIGH,STOP_AND_ESCALATE,high,16.115,0
episode_03771,29900,CUSTOMER_AUTH_FAILURE,card,halted,1,1,504,0.0,3,0,False,False,MEDIUM,REQUEST_CARD_UPDATE,none,7.152,0
episode_03772,149900,PAYMENT_METHOD_INVALID,card,pending,2,1,140,0.5,2,1,True,False,HIGH,STOP_AND_ESCALATE,none,10.031,0
episode_03773,29900,MANDATE_OR_AUTH_INVALID,emandate,pending,3,1,39,0.333333,3,0,True,False,MEDIUM,WAIT_NATIVE_RETRY,none,31.645,0
episode_03774,29900,PAYMENT_METHOD_INVALID,unknown,pending,2,2,193,0.0,1,2,True,False,LOW,SEND_NUDGE,none,3.088,0
episode_03775,149900,TEMPORARY_FUNDS,upi,pending,1,2,480,0.0,2,1,True,False,HIGH,SEND_NUDGE,none,11.852,0
episode_03776,29900,MANDATE_OR_AUTH_INVALID,card,pending,1,1,183,0.666667,3,0,True,False,MEDIUM,SEND_NUDGE,none,29.229,1
episode_03777,149900,PAYMENT_METHOD_INVALID,upi,pending,3,2,149,0.0,1,1,True,False,MEDIUM,REQUEST_CARD_UPDATE,none,41.325,1
episode_03778,29900,PAYMENT_METHOD_INVALID,card,pending,2,5,26,0.0,0,0,True,False,MEDIUM,SEND_NUDGE,none,32.587,1
episode_03779,69900,CUSTOMER_AUTH_FAILURE,card,pending,1,1,243,0.0,2,0,True,False,HIGH,WAIT_NATIVE_RETRY,none,28.807,1
episode_03780,69900,MANDATE_OR_AUTH_INVALID,netbanking,pending,1,1,96,0.0,1,1,True,False,HIGH,WAIT_NATIVE_RETRY,none,34.213,0
episode_03781,29900,TEMPORARY_FUNDS,unknown,halted,5,1,613,0.5,4,1,False,False,HIGH,STOP_AND_ESCALATE,none,15.937,1
episode_03782,149900,PAYMENT_METHOD_INVALID,netbanking,pending,1,2,113,0.333333,3,2,True,False,HIGH,SEND_NUDGE,none,11.463,1
episode_03783,149900,MANDATE_OR_AUTH_INVALID,emandate,pending,1,3,325,1.0,2,0,True,False,HIGH,REQUEST_CARD_UPDATE,none,18.309,1
episode_03784,29900,PAYMENT_METHOD_INVALID,upi,pending,2,1,358,0.666667,3,0,True,False,LOW,REQUEST_CARD_UPDATE,none,80.515,1
episode_03785,29900,TEMPORARY_FUNDS,unknown,pending,3,2,198,0.5,2,0,True,False,HIGH,WAIT_NATIVE_RETRY,none,23.389,1
episode_03786,29900,BANK_OR_NETWORK,upi,pending,1,2,223,0.0,1,0,True,False,HIGH,REQUEST_CARD_UPDATE,none,84.996,1
episode_03787,69900,TEMPORARY_FUNDS,card,pending,2,2,155,0.0,2,1,True,False,HIGH,STOP_AND_ESCALATE,none,24.682,0
episode_03788,149900,TEMPORARY_FUNDS,card,pending,2,2,299,0.333333,3,2,True,False,HIGH,STOP_AND_ESCALATE,none,7.818,0
episode_03789,29900,TEMPORARY_FUNDS,card,pending,5,1,198,0.666667,3,1,True,False,HIGH,WAIT_NATIVE_RETRY,none,37.771,0
episode_03790,69900,PAYMENT_METHOD_INVALID,netbanking,pending,3,1,31,0.0,2,0,True,False,HIGH,STOP_AND_ESCALATE,none,31.704,0
episode_03791,69900,CUSTOMER_AUTH_FAILURE,card,pending,4,1,298,0.0,2,0,True,False,HIGH,REQUEST_CARD_UPDATE,none,63.114,1
episode_03792,149900,CUSTOMER_AUTH_FAILURE,card,pending,2,3,61,0.0,2,1,True,False,LOW,REQUEST_CARD_UPDATE,none,19.911,0
episode_03793,69900,TEMPORARY_FUNDS,card,pending,1,2,68,0.333333,3,1,True,False,LOW,SEND_NUDGE,none,19.691,0
episode_03794,69900,CUSTOMER_AUTH_FAILURE,emandate,pending,3,1,109,0.0,0,0,True,False,HIGH,STOP_AND_ESCALATE,none,108.52,0
episode_03795,69900,TEMPORARY_FUNDS,emandate,pending,2,3,253,1.0,2,2,True,False,HIGH,REQUEST_CARD_UPDATE,none,97.404,1
episode_03796,69900,BANK_OR_NETWORK,card,halted,1,3,78,0.5,6,0,False,True,HIGH,WAIT_NATIVE_RETRY,low,36.692,1
episode_03797,69900,BANK_OR_NETWORK,upi,halted,1,1,31,1.0,1,3,False,False,HIGH,REQUEST_CARD_UPDATE,none,82.21,0
episode_03798,29900,TEMPORARY_FUNDS,upi,pending,1,1,312,1.0,1,0,True,False,MEDIUM,SEND_NUDGE,none,19.555,1
episode_03799,149900,PAYMENT_METHOD_INVALID,emandate,pending,4,3,69,0.333333,3,1,True,False,HIGH,REQUEST_CARD_UPDATE,none,37.973,0
episode_03800,29900,UNKNOWN,card,pending,1,2,99,0.0,1,0,True,False,LOW,REQUEST_CARD_UPDATE,none,8.826,1
episode_03801,149900,PAYMENT_METHOD_INVALID,upi,pending,2,1,67,0.0,0,1,True,False,HIGH,WAIT_NATIVE_RETRY,none,23.181,0
episode_03802,149900,MANDATE_OR_AUTH_INVALID,card,halted,1,1,87,1.0,2,3,False,False,HIGH,WAIT_NATIVE_RETRY,none,15.14,0
episode_03803,29900,PAYMENT_METHOD_INVALID,upi,pending,1,3,128,0.0,3,0,True,False,HIGH,STOP_AND_ESCALATE,none,17.969,0
episode_03804,69900,BANK_OR_NETWORK,netbanking,pending,1,1,125,0.0,0,0,True,False,HIGH,WAIT_NATIVE_RETRY,none,93.437,1
episode_03805,69900,BANK_OR_NETWORK,upi,pending,5,1,140,0.0,2,1,True,False,HIGH,SEND_NUDGE,none,52.689,0
episode_03806,29900,TEMPORARY_FUNDS,upi,pending,1,1,501,1.0,1,0,True,False,HIGH,STOP_AND_ESCALATE,none,27.741,0
episode_03807,149900,TEMPORARY_FUNDS,card,pending,2,1,278,0.0,1,0,True,False,HIGH,WAIT_NATIVE_RETRY,none,12.801,1
episode_03808,29900,PAYMENT_METHOD_INVALID,upi,pending,3,2,419,0.333333,3,2,True,False,MEDIUM,REQUEST_CARD_UPDATE,none,48.562,0
episode_03809,29900,CUSTOMER_AUTH_FAILURE,card,pending,3,1,201,1.0,1,2,True,False,LOW,REQUEST_CARD_UPDATE,none,3.174,1
episode_03810,149900,UNKNOWN,card,pending,1,2,282,0.666667,3,1,True,False,HIGH,SEND_NUDGE,none,23.708,0
episode_03811,69900,BANK_OR_NETWORK,netbanking,pending,2,1,81,0.5,4,0,True,False,MEDIUM,SEND_NUDGE,none,48.183,1
episode_03812,29900,PAYMENT_METHOD_INVALID,upi,pending,6,1,241,0.0,2,1,True,False,HIGH,STOP_AND_ESCALATE,none,13.48,0
episode_03813,69900,CUSTOMER_AUTH_FAILURE,card,pending,2,3,115,1.0,2,3,True,True,HIGH,STOP_AND_ESCALATE,low,44.033,0
episode_03814,29900,CUSTOMER_AUTH_FAILURE,emandate,halted,4,2,166,1.0,1,2,False,False,HIGH,SEND_NUDGE,none,6.142,0
episode_03815,29900,PAYMENT_METHOD_INVALID,upi,pending,1,2,140,0.5,4,2,True,False,HIGH,WAIT_NATIVE_RETRY,none,12.631,0
episode_03816,69900,BANK_OR_NETWORK,emandate,pending,2,2,550,0.0,0,0,True,False,MEDIUM,REQUEST_CARD_UPDATE,none,30.025,0
episode_03817,29900,MANDATE_OR_AUTH_INVALID,card,halted,1,1,69,0.0,0,0,False,False,MEDIUM,REQUEST_CARD_UPDATE,none,50.426,0
episode_03818,69900,MANDATE_OR_AUTH_INVALID,netbanking,pending,3,5,138,0.0,0,2,True,False,HIGH,STOP_AND_ESCALATE,none,40.705,0
episode_03819,29900,TEMPORARY_FUNDS,card,pending,1,2,82,0.5,2,0,True,False,MEDIUM,WAIT_NATIVE_RETRY,none,11.961,1
episode_03820,149900,TEMPORARY_FUNDS,emandate,pending,2,1,167,1.0,1,0,True,False,MEDIUM,STOP_AND_ESCALATE,none,26.852,0
episode_03821,149900,UNKNOWN,upi,pending,1,1,45,1.0,1,2,True,False,MEDIUM,STOP_AND_ESCALATE,none,25.628,1
episode_03822,149900,BANK_OR_NETWORK,card,halted,3,1,172,1.0,5,1,False,False,HIGH,WAIT_NATIVE_RETRY,none,37.998,0
episode_03823,149900,PAYMENT_METHOD_INVALID,netbanking,pending,1,2,114,0.5,4,0,True,False,LOW,REQUEST_CARD_UPDATE,none,36.008,1
episode_03824,29900,UNKNOWN,emandate,pending,6,3,305,0.0,1,1,True,False,MEDIUM,SEND_NUDGE,none,88.196,0
episode_03825,149900,PAYMENT_METHOD_INVALID,card,pending,2,1,49,0.5,2,0,True,False,MEDIUM,STOP_AND_ESCALATE,none,14.227,0
episode_03826,69900,CUSTOMER_AUTH_FAILURE,upi,halted,4,1,77,0.0,1,0,False,False,HIGH,WAIT_NATIVE_RETRY,none,21.19,0
episode_03827,29900,TEMPORARY_FUNDS,card,halted,1,2,75,0.0,2,0,False,False,LOW,WAIT_NATIVE_RETRY,none,44.108,0
episode_03828,149900,CUSTOMER_AUTH_FAILURE,card,pending,1,1,309,0.0,1,1,True,True,HIGH,REQUEST_CARD_UPDATE,medium,37.429,0
episode_03829,69900,TEMPORARY_FUNDS,card,pending,1,1,149,1.0,1,0,True,False,LOW,SEND_NUDGE,none,37.702,1
episode_03830,29900,CUSTOMER_AUTH_FAILURE,card,pending,2,1,56,1.0,1,0,True,False,MEDIUM,WAIT_NATIVE_RETRY,none,61.033,1
episode_03831,29900,BANK_OR_NETWORK,upi,pending,2,2,14,0.166667,6,1,True,False,HIGH,REQUEST_CARD_UPDATE,none,48.703,0
episode_03832,69900,BANK_OR_NETWORK,card,halted,3,3,81,1.0,2,0,False,False,HIGH,SEND_NUDGE,none,24.644,0
episode_03833,69900,PAYMENT_METHOD_INVALID,netbanking,pending,4,5,115,0.6,5,0,True,False,MEDIUM,WAIT_NATIVE_RETRY,none,13.092,0
episode_03834,29900,TEMPORARY_FUNDS,netbanking,pending,1,2,98,0.5,2,0,True,False,MEDIUM,REQUEST_CARD_UPDATE,none,30.722,1
episode_03835,69900,UNKNOWN,card,halted,3,6,485,0.0,1,1,False,False,LOW,WAIT_NATIVE_RETRY,none,23.756,0
episode_03836,29900,CUSTOMER_AUTH_FAILURE,card,pending,1,1,271,0.0,1,0,True,False,HIGH,STOP_AND_ESCALATE,none,7.24,0
episode_03837,149900,CUSTOMER_AUTH_FAILURE,upi,pending,1,3,207,0.333333,3,0,True,False,HIGH,STOP_AND_ESCALATE,none,25.004,0
episode_03838,149900,CUSTOMER_AUTH_FAILURE,card,pending,1,3,270,0.0,2,0,True,False,HIGH,SEND_NUDGE,none,29.969,1
episode_03839,149900,PAYMENT_METHOD_INVALID,emandate,pending,1,1,289,0.0,2,0,True,False,MEDIUM,STOP_AND_ESCALATE,none,37.146,0
episode_03840,69900,TEMPORARY_FUNDS,card,pending,2,1,439,0.0,4,1,True,False,HIGH,WAIT_NATIVE_RETRY,none,63.095,1
episode_03841,69900,TEMPORARY_FUNDS,emandate,halted,2,1,165,0.0,0,0,False,False,HIGH,SEND_NUDGE,none,26.068,0
episode_03842,29900,TEMPORARY_FUNDS,card,pending,2,1,167,0.0,1,1,True,False,HIGH,SEND_NUDGE,none,42.611,1
episode_03843,29900,CUSTOMER_AUTH_FAILURE,card,pending,2,2,230,1.0,2,0,True,False,MEDIUM,REQUEST_CARD_UPDATE,none,38.885,0
episode_03844,69900,BANK_OR_NETWORK,upi,pending,4,2,247,0.0,1,0,True,False,HIGH,REQUEST_CARD_UPDATE,none,54.71,0
episode_03845,149900,TEMPORARY_FUNDS,card,pending,3,1,79,0.0,2,0,True,False,HIGH,SEND_NUDGE,none,14.612,1
episode_03846,69900,PAYMENT_METHOD_INVALID,card,halted,1,3,188,0.5,4,1,False,False,HIGH,SEND_NUDGE,none,10.487,0
episode_03847,29900,PAYMENT_METHOD_INVALID,card,pending,2,1,200,0.0,1,0,True,False,MEDIUM,SEND_NUDGE,none,32.92,0
episode_03848,29900,TEMPORARY_FUNDS,card,pending,2,3,476,0.0,0,0,True,False,HIGH,SEND_NUDGE,none,20.392,0
episode_03849,29900,TEMPORARY_FUNDS,card,pending,4,2,66,0.0,1,0,True,False,HIGH,REQUEST_CARD_UPDATE,none,74.703,1
episode_03850,29900,CUSTOMER_AUTH_FAILURE,card,pending,2,1,133,0.0,0,0,True,True,HIGH,STOP_AND_ESCALATE,medium,20.625,0
episode_03851,69900,UNKNOWN,upi,pending,4,2,150,0.5,4,0,True,False,HIGH,WAIT_NATIVE_RETRY,none,20.837,1
episode_03852,69900,MANDATE_OR_AUTH_INVALID,upi,pending,3,2,112,0.0,0,0,True,False,MEDIUM,STOP_AND_ESCALATE,none,18.624,0
episode_03853,69900,UNKNOWN,upi,pending,1,3,64,0.0,2,0,True,False,LOW,STOP_AND_ESCALATE,none,36.428,0
episode_03854,29900,PAYMENT_METHOD_INVALID,card,halted,2,1,277,0.0,3,0,False,False,HIGH,WAIT_NATIVE_RETRY,none,61.323,0
episode_03855,69900,TEMPORARY_FUNDS,upi,halted,4,1,103,1.0,2,1,False,False,MEDIUM,STOP_AND_ESCALATE,none,12.1,1
episode_03856,149900,CUSTOMER_AUTH_FAILURE,netbanking,pending,2,2,58,1.0,2,1,True,False,LOW,REQUEST_CARD_UPDATE,none,21.127,1
episode_03857,69900,TEMPORARY_FUNDS,emandate,pending,1,2,91,1.0,3,0,True,False,HIGH,REQUEST_CARD_UPDATE,none,16.695,1
episode_03858,29900,PAYMENT_METHOD_INVALID,card,pending,1,2,106,0.0,1,2,True,False,MEDIUM,SEND_NUDGE,none,13.668,0
episode_03859,69900,PAYMENT_METHOD_INVALID,card,halted,2,2,235,0.25,4,0,False,False,HIGH,SEND_NUDGE,none,128.359,1
episode_03860,29900,CUSTOMER_AUTH_FAILURE,card,pending,2,1,209,0.0,1,0,True,False,MEDIUM,REQUEST_CARD_UPDATE,none,8.902,0
episode_03861,69900,BANK_OR_NETWORK,card,pending,5,1,61,0.333333,3,0,True,False,MEDIUM,WAIT_NATIVE_RETRY,none,18.471,0
episode_03862,69900,MANDATE_OR_AUTH_INVALID,upi,pending,2,4,483,1.0,1,2,True,False,MEDIUM,WAIT_NATIVE_RETRY,none,6.957,0
episode_03863,69900,BANK_OR_NETWORK,emandate,halted,1,1,506,0.666667,3,2,False,False,HIGH,REQUEST_CARD_UPDATE,none,28.497,0
episode_03864,69900,MANDATE_OR_AUTH_INVALID,emandate,pending,1,2,104,0.5,2,0,True,False,HIGH,WAIT_NATIVE_RETRY,none,3.239,1
episode_03865,29900,TEMPORARY_FUNDS,card,pending,3,1,286,1.0,2,0,True,False,LOW,STOP_AND_ESCALATE,none,51.478,1
episode_03866,29900,BANK_OR_NETWORK,card,pending,2,2,101,0.0,4,0,True,False,HIGH,WAIT_NATIVE_RETRY,none,7.826,1
episode_03867,69900,TEMPORARY_FUNDS,unknown,pending,2,2,140,0.0,2,2,True,False,LOW,SEND_NUDGE,none,23.911,1
episode_03868,69900,BANK_OR_NETWORK,card,pending,2,2,303,0.0,2,2,True,False,LOW,REQUEST_CARD_UPDATE,none,51.731,1
episode_03869,149900,PAYMENT_METHOD_INVALID,upi,pending,1,1,45,0.0,2,0,True,False,HIGH,REQUEST_CARD_UPDATE,none,19.749,1
episode_03870,69900,BANK_OR_NETWORK,emandate,halted,3,4,430,0.4,5,0,False,False,MEDIUM,WAIT_NATIVE_RETRY,none,41.829,0
episode_03871,69900,CUSTOMER_AUTH_FAILURE,card,halted,1,4,37,1.0,1,1,False,False,HIGH,WAIT_NATIVE_RETRY,none,75.296,0
episode_03872,69900,PAYMENT_METHOD_INVALID,card,pending,2,2,91,0.25,4,0,True,False,MEDIUM,STOP_AND_ESCALATE,none,73.836,0
episode_03873,29900,TEMPORARY_FUNDS,emandate,pending,1,2,453,0.0,1,0,True,False,MEDIUM,STOP_AND_ESCALATE,none,73.402,0
episode_03874,29900,PAYMENT_METHOD_INVALID,card,pending,1,3,308,0.5,2,0,True,False,HIGH,WAIT_NATIVE_RETRY,none,14.232,1
episode_03875,69900,UNKNOWN,upi,pending,3,1,157,1.0,4,0,True,False,LOW,SEND_NUDGE,none,4.286,0
episode_03876,69900,TEMPORARY_FUNDS,card,pending,1,2,317,0.5,2,2,True,True,MEDIUM,STOP_AND_ESCALATE,medium,20.582,1
episode_03877,69900,BANK_OR_NETWORK,upi,pending,1,1,500,1.0,2,1,True,False,MEDIUM,STOP_AND_ESCALATE,none,44.011,0
episode_03878,29900,UNKNOWN,emandate,pending,2,2,315,0.5,2,0,True,False,MEDIUM,SEND_NUDGE,none,57.374,1
episode_03879,29900,PAYMENT_METHOD_INVALID,upi,pending,5,2,233,0.0,0,0,True,False,MEDIUM,REQUEST_CARD_UPDATE,none,35.575,0
episode_03880,29900,UNKNOWN,upi,pending,2,4,400,1.0,1,0,True,False,LOW,STOP_AND_ESCALATE,none,51.331,0
episode_03881,29900,MANDATE_OR_AUTH_INVALID,card,pending,1,1,45,1.0,1,0,True,False,HIGH,STOP_AND_ESCALATE,none,63.552,1
episode_03882,29900,UNKNOWN,unknown,pending,1,3,64,0.0,3,1,True,False,LOW,SEND_NUDGE,none,53.128,0
episode_03883,69900,CUSTOMER_AUTH_FAILURE,card,pending,4,2,189,0.0,0,1,True,False,LOW,REQUEST_CARD_UPDATE,none,11.044,0
episode_03884,149900,MANDATE_OR_AUTH_INVALID,card,pending,1,1,115,0.0,1,0,True,False,LOW,REQUEST_CARD_UPDATE,none,35.87,1
episode_03885,149900,BANK_OR_NETWORK,card,halted,2,3,133,0.2,5,0,False,False,MEDIUM,REQUEST_CARD_UPDATE,none,32.132,1
episode_03886,29900,BANK_OR_NETWORK,netbanking,pending,2,1,96,0.666667,3,0,True,False,MEDIUM,WAIT_NATIVE_RETRY,none,18.359,1
episode_03887,29900,BANK_OR_NETWORK,card,halted,2,1,74,0.333333,3,0,False,False,HIGH,WAIT_NATIVE_RETRY,none,24.077,0
episode_03888,149900,MANDATE_OR_AUTH_INVALID,card,halted,3,1,217,0.5,4,3,False,False,HIGH,SEND_NUDGE,none,53.076,0
episode_03889,29900,UNKNOWN,netbanking,pending,1,4,363,0.5,2,0,True,False,LOW,STOP_AND_ESCALATE,none,9.751,1
episode_03890,29900,PAYMENT_METHOD_INVALID,card,pending,4,1,173,0.0,2,0,True,False,MEDIUM,REQUEST_CARD_UPDATE,none,19.894,1
episode_03891,69900,TEMPORARY_FUNDS,netbanking,pending,3,3,341,0.0,1,2,True,False,HIGH,SEND_NUDGE,none,40.767,1
episode_03892,69900,CUSTOMER_AUTH_FAILURE,card,pending,3,2,98,0.0,3,1,True,False,HIGH,WAIT_NATIVE_RETRY,none,5.473,0
episode_03893,29900,UNKNOWN,card,halted,1,1,75,0.0,3,0,False,False,LOW,SEND_NUDGE,none,15.193,1
episode_03894,149900,CUSTOMER_AUTH_FAILURE,upi,pending,1,2,255,0.0,1,0,True,False,HIGH,SEND_NUDGE,none,9.097,0
episode_03895,149900,BANK_OR_NETWORK,upi,pending,2,2,346,0.0,3,1,True,False,HIGH,REQUEST_CARD_UPDATE,none,37.707,0
episode_03896,69900,BANK_OR_NETWORK,card,pending,2,1,247,0.0,6,1,True,False,HIGH,STOP_AND_ESCALATE,none,18.574,0
episode_03897,149900,PAYMENT_METHOD_INVALID,upi,halted,2,1,304,0.75,4,0,False,False,HIGH,WAIT_NATIVE_RETRY,none,19.329,0
episode_03898,69900,CUSTOMER_AUTH_FAILURE,card,pending,4,1,60,0.0,0,1,True,False,HIGH,WAIT_NATIVE_RETRY,none,29.646,1
episode_03899,29900,CUSTOMER_AUTH_FAILURE,card,pending,2,2,150,0.0,0,3,True,False,HIGH,REQUEST_CARD_UPDATE,none,23.617,0
episode_03900,29900,CUSTOMER_AUTH_FAILURE,card,pending,3,1,296,1.0,2,1,True,False,MEDIUM,SEND_NUDGE,none,19.272,1
episode_03901,69900,TEMPORARY_FUNDS,emandate,pending,1,2,30,0.0,2,0,True,False,HIGH,WAIT_NATIVE_RETRY,none,13.308,1
episode_03902,149900,CUSTOMER_AUTH_FAILURE,netbanking,pending,1,3,81,0.0,0,0,True,False,LOW,WAIT_NATIVE_RETRY,none,17.577,1
episode_03903,29900,BANK_OR_NETWORK,card,pending,4,1,258,0.0,0,1,True,False,HIGH,WAIT_NATIVE_RETRY,none,9.773,1
episode_03904,29900,MANDATE_OR_AUTH_INVALID,card,pending,4,2,221,1.0,1,0,True,False,HIGH,SEND_NUDGE,none,13.825,0
episode_03905,29900,PAYMENT_METHOD_INVALID,card,halted,2,1,37,0.5,2,1,False,False,MEDIUM,SEND_NUDGE,none,1.863,0
episode_03906,29900,BANK_OR_NETWORK,upi,pending,2,2,194,0.0,1,3,True,False,MEDIUM,WAIT_NATIVE_RETRY,none,17.941,0
episode_03907,69900,PAYMENT_METHOD_INVALID,card,pending,2,1,188,0.25,4,2,True,False,MEDIUM,REQUEST_CARD_UPDATE,none,9.56,1
episode_03908,149900,BANK_OR_NETWORK,upi,halted,1,1,52,0.0,3,1,False,False,MEDIUM,SEND_NUDGE,none,11.82,0
episode_03909,69900,UNKNOWN,card,pending,1,1,115,0.0,2,0,True,False,HIGH,WAIT_NATIVE_RETRY,none,25.049,0
episode_03910,149900,TEMPORARY_FUNDS,card,pending,3,2,172,0.25,4,0,True,False,HIGH,REQUEST_CARD_UPDATE,none,31.757,1
episode_03911,149900,CUSTOMER_AUTH_FAILURE,card,halted,2,2,167,0.333333,6,0,False,True,HIGH,SEND_NUDGE,high,71.623,1
episode_03912,29900,PAYMENT_METHOD_INVALID,upi,pending,4,1,168,0.0,2,1,True,False,HIGH,STOP_AND_ESCALATE,none,33.035,0
episode_03913,69900,BANK_OR_NETWORK,card,halted,2,1,160,0.4,5,1,False,False,LOW,REQUEST_CARD_UPDATE,none,78.129,0
episode_03914,29900,UNKNOWN,card,halted,1,1,41,1.0,2,1,False,False,LOW,WAIT_NATIVE_RETRY,none,7.951,0
episode_03915,149900,UNKNOWN,upi,halted,1,2,26,1.0,1,2,False,False,LOW,SEND_NUDGE,none,12.06,0
episode_03916,29900,MANDATE_OR_AUTH_INVALID,card,pending,1,1,188,1.0,1,0,True,False,HIGH,REQUEST_CARD_UPDATE,none,33.308,1
episode_03917,149900,CUSTOMER_AUTH_FAILURE,upi,halted,2,1,277,0.0,2,0,False,False,HIGH,SEND_NUDGE,none,52.0,1
episode_03918,29900,PAYMENT_METHOD_INVALID,card,pending,2,1,82,0.333333,3,0,True,False,MEDIUM,STOP_AND_ESCALATE,none,7.978,0
episode_03919,29900,BANK_OR_NETWORK,card,pending,3,3,47,0.0,1,0,True,False,MEDIUM,STOP_AND_ESCALATE,none,43.763,0
episode_03920,29900,BANK_OR_NETWORK,upi,pending,4,3,414,1.0,1,0,True,False,HIGH,STOP_AND_ESCALATE,none,41.87,0
episode_03921,29900,CUSTOMER_AUTH_FAILURE,netbanking,halted,3,2,69,0.2,5,1,False,False,MEDIUM,REQUEST_CARD_UPDATE,none,14.946,0
episode_03922,69900,UNKNOWN,card,halted,2,2,44,0.0,0,0,False,False,LOW,REQUEST_CARD_UPDATE,none,46.024,1
episode_03923,29900,MANDATE_OR_AUTH_INVALID,netbanking,pending,2,1,150,1.0,3,0,True,False,HIGH,STOP_AND_ESCALATE,none,27.332,0
episode_03924,29900,PAYMENT_METHOD_INVALID,card,pending,2,2,170,0.75,4,0,True,False,LOW,WAIT_NATIVE_RETRY,none,81.46,0
episode_03925,149900,TEMPORARY_FUNDS,upi,pending,1,1,80,0.75,4,0,True,False,MEDIUM,REQUEST_CARD_UPDATE,none,81.768,1
episode_03926,69900,PAYMENT_METHOD_INVALID,card,pending,1,2,209,1.0,2,2,True,False,HIGH,WAIT_NATIVE_RETRY,none,21.927,0
episode_03927,149900,TEMPORARY_FUNDS,card,pending,2,2,103,0.0,3,1,True,True,MEDIUM,WAIT_NATIVE_RETRY,low,89.918,0
episode_03928,29900,TEMPORARY_FUNDS,emandate,pending,4,1,37,0.0,1,1,True,False,MEDIUM,REQUEST_CARD_UPDATE,none,38.636,1
episode_03929,149900,BANK_OR_NETWORK,upi,pending,2,1,267,0.0,1,2,True,False,HIGH,REQUEST_CARD_UPDATE,none,23.891,0
episode_03930,29900,TEMPORARY_FUNDS,emandate,pending,2,3,94,1.0,3,1,True,False,HIGH,SEND_NUDGE,none,95.891,1
episode_03931,149900,CUSTOMER_AUTH_FAILURE,card,pending,1,1,155,0.0,0,0,True,False,HIGH,STOP_AND_ESCALATE,none,17.593,1
episode_03932,149900,PAYMENT_METHOD_INVALID,card,pending,2,1,48,0.0,2,0,True,False,HIGH,REQUEST_CARD_UPDATE,none,33.336,1
episode_03933,69900,BANK_OR_NETWORK,card,pending,2,1,26,0.333333,3,0,True,False,LOW,STOP_AND_ESCALATE,none,28.897,0
episode_03934,29900,PAYMENT_METHOD_INVALID,card,pending,2,1,59,0.333333,3,1,True,False,HIGH,SEND_NUDGE,none,40.211,0
episode_03935,29900,TEMPORARY_FUNDS,card,pending,2,1,406,0.0,3,0,True,False,MEDIUM,REQUEST_CARD_UPDATE,none,24.123,1
episode_03936,69900,MANDATE_OR_AUTH_INVALID,card,pending,2,1,56,0.0,1,0,True,False,HIGH,WAIT_NATIVE_RETRY,none,25.358,0
episode_03937,149900,PAYMENT_METHOD_INVALID,card,halted,3,1,701,1.0,2,0,False,False,HIGH,SEND_NUDGE,none,12.222,1
episode_03938,149900,UNKNOWN,emandate,halted,2,1,117,1.0,1,0,False,False,LOW,WAIT_NATIVE_RETRY,none,26.606,1
episode_03939,69900,TEMPORARY_FUNDS,card,pending,4,1,111,0.6,5,1,True,True,HIGH,WAIT_NATIVE_RETRY,low,57.542,1
episode_03940,69900,BANK_OR_NETWORK,card,pending,2,1,184,0.0,4,1,True,False,HIGH,SEND_NUDGE,none,34.132,0
episode_03941,29900,BANK_OR_NETWORK,card,pending,1,3,108,0.5,2,1,True,False,HIGH,SEND_NUDGE,none,168.0,1
episode_03942,29900,BANK_OR_NETWORK,card,pending,1,1,205,1.0,1,1,True,True,HIGH,REQUEST_CARD_UPDATE,medium,5.887,1
episode_03943,149900,TEMPORARY_FUNDS,upi,pending,3,2,99,0.5,2,3,True,False,HIGH,SEND_NUDGE,none,75.319,1
episode_03944,29900,UNKNOWN,netbanking,halted,2,2,146,0.666667,3,0,False,False,LOW,SEND_NUDGE,none,5.123,1
episode_03945,149900,BANK_OR_NETWORK,card,pending,2,1,97,0.0,1,0,True,False,MEDIUM,STOP_AND_ESCALATE,none,17.353,0
episode_03946,29900,TEMPORARY_FUNDS,upi,pending,1,2,215,0.0,0,0,True,False,MEDIUM,SEND_NUDGE,none,11.255,0
episode_03947,69900,CUSTOMER_AUTH_FAILURE,card,pending,4,1,250,0.0,1,1,True,False,MEDIUM,REQUEST_CARD_UPDATE,none,6.796,0
episode_03948,69900,BANK_OR_NETWORK,upi,pending,2,1,208,1.0,3,0,True,True,HIGH,REQUEST_CARD_UPDATE,medium,12.413,0
episode_03949,149900,PAYMENT_METHOD_INVALID,card,pending,2,2,333,0.666667,3,0,True,False,HIGH,WAIT_NATIVE_RETRY,none,17.179,0
episode_03950,29900,PAYMENT_METHOD_INVALID,card,halted,3,1,220,0.333333,3,1,False,False,LOW,REQUEST_CARD_UPDATE,none,4.921,0
episode_03951,29900,PAYMENT_METHOD_INVALID,card,pending,3,1,407,0.0,4,0,True,False,MEDIUM,WAIT_NATIVE_RETRY,none,45.235,1
episode_03952,29900,BANK_OR_NETWORK,upi,pending,1,4,150,0.0,0,0,True,True,MEDIUM,WAIT_NATIVE_RETRY,low,36.013,1
episode_03953,29900,UNKNOWN,upi,pending,4,2,355,0.333333,3,1,True,True,LOW,REQUEST_CARD_UPDATE,high,24.213,1
episode_03954,29900,PAYMENT_METHOD_INVALID,upi,pending,3,1,102,0.0,3,1,True,False,LOW,SEND_NUDGE,none,21.783,0
episode_03955,29900,PAYMENT_METHOD_INVALID,card,pending,2,3,119,0.2,5,0,True,False,LOW,WAIT_NATIVE_RETRY,none,13.352,0
episode_03956,29900,UNKNOWN,card,halted,3,1,222,0.4,5,0,False,False,LOW,STOP_AND_ESCALATE,none,40.614,0
episode_03957,69900,PAYMENT_METHOD_INVALID,upi,pending,2,1,100,0.5,2,0,True,False,MEDIUM,REQUEST_CARD_UPDATE,none,46.014,1
episode_03958,149900,BANK_OR_NETWORK,unknown,pending,1,1,53,1.0,1,2,True,False,MEDIUM,WAIT_NATIVE_RETRY,none,17.103,1
episode_03959,69900,BANK_OR_NETWORK,card,pending,3,1,166,1.0,1,0,True,False,HIGH,WAIT_NATIVE_RETRY,none,21.603,1
episode_03960,29900,CUSTOMER_AUTH_FAILURE,upi,halted,2,2,115,0.0,0,0,False,False,MEDIUM,WAIT_NATIVE_RETRY,none,3.496,0
episode_03961,29900,UNKNOWN,emandate,pending,3,2,76,0.0,2,3,True,False,MEDIUM,WAIT_NATIVE_RETRY,none,4.402,0
episode_03962,69900,TEMPORARY_FUNDS,card,pending,1,1,415,0.666667,3,3,True,False,HIGH,SEND_NUDGE,none,1.079,1
episode_03963,69900,CUSTOMER_AUTH_FAILURE,card,pending,2,4,442,0.0,2,0,True,False,MEDIUM,STOP_AND_ESCALATE,none,63.058,1
episode_03964,149900,PAYMENT_METHOD_INVALID,card,pending,2,2,483,0.5,2,1,True,False,HIGH,STOP_AND_ESCALATE,none,43.913,0
episode_03965,29900,MANDATE_OR_AUTH_INVALID,card,pending,2,3,237,0.5,2,0,True,False,MEDIUM,SEND_NUDGE,none,36.156,1
episode_03966,29900,UNKNOWN,card,pending,1,5,14,0.0,1,1,True,True,HIGH,SEND_NUDGE,medium,85.125,0
episode_03967,69900,TEMPORARY_FUNDS,card,pending,1,1,284,1.0,1,1,True,False,HIGH,REQUEST_CARD_UPDATE,none,25.77,1
episode_03968,29900,MANDATE_OR_AUTH_INVALID,upi,halted,1,4,372,0.0,2,0,False,False,MEDIUM,WAIT_NATIVE_RETRY,none,40.775,1
episode_03969,69900,CUSTOMER_AUTH_FAILURE,upi,pending,2,1,198,0.0,1,1,True,False,HIGH,SEND_NUDGE,none,37.094,1
episode_03970,29900,TEMPORARY_FUNDS,card,pending,3,1,47,1.0,1,0,True,False,HIGH,STOP_AND_ESCALATE,none,28.551,0
episode_03971,29900,PAYMENT_METHOD_INVALID,card,pending,4,3,140,0.0,2,2,True,False,MEDIUM,WAIT_NATIVE_RETRY,none,54.238,0
episode_03972,29900,TEMPORARY_FUNDS,unknown,pending,4,1,327,0.0,1,0,True,False,HIGH,STOP_AND_ESCALATE,none,63.787,0
episode_03973,69900,PAYMENT_METHOD_INVALID,card,pending,1,3,69,0.333333,3,0,True,False,MEDIUM,STOP_AND_ESCALATE,none,26.889,1
episode_03974,29900,CUSTOMER_AUTH_FAILURE,card,halted,1,1,86,0.333333,3,1,False,False,HIGH,WAIT_NATIVE_RETRY,none,40.243,0
episode_03975,29900,TEMPORARY_FUNDS,netbanking,halted,2,2,116,1.0,2,0,False,False,MEDIUM,SEND_NUDGE,none,19.301,1
episode_03976,29900,UNKNOWN,upi,pending,1,2,136,0.0,2,0,True,False,LOW,SEND_NUDGE,none,46.951,0
episode_03977,69900,TEMPORARY_FUNDS,upi,pending,1,1,375,1.0,2,1,True,False,MEDIUM,REQUEST_CARD_UPDATE,none,21.893,1
episode_03978,29900,TEMPORARY_FUNDS,card,pending,2,2,111,0.75,4,0,True,False,LOW,WAIT_NATIVE_RETRY,none,13.58,1
episode_03979,29900,CUSTOMER_AUTH_FAILURE,card,pending,2,5,88,1.0,3,0,True,False,HIGH,STOP_AND_ESCALATE,none,28.376,0
episode_03980,69900,TEMPORARY_FUNDS,emandate,halted,2,3,380,0.0,0,0,False,False,HIGH,STOP_AND_ESCALATE,none,7.268,0
episode_03981,69900,BANK_OR_NETWORK,card,pending,1,2,131,0.0,2,2,True,False,MEDIUM,SEND_NUDGE,none,61.215,0
episode_03982,29900,BANK_OR_NETWORK,card,pending,1,1,159,0.0,1,0,True,False,MEDIUM,STOP_AND_ESCALATE,none,24.22,0
episode_03983,69900,TEMPORARY_FUNDS,card,pending,2,1,181,0.0,4,1,True,False,HIGH,REQUEST_CARD_UPDATE,none,12.299,0
episode_03984,69900,CUSTOMER_AUTH_FAILURE,card,pending,1,1,307,0.0,0,0,True,False,HIGH,WAIT_NATIVE_RETRY,none,23.977,0
episode_03985,29900,TEMPORARY_FUNDS,card,pending,1,2,135,0.0,2,2,True,False,MEDIUM,WAIT_NATIVE_RETRY,none,64.588,1
episode_03986,29900,PAYMENT_METHOD_INVALID,upi,pending,3,1,108,1.0,1,2,True,False,HIGH,REQUEST_CARD_UPDATE,none,32.641,1
episode_03987,69900,CUSTOMER_AUTH_FAILURE,upi,pending,5,3,229,0.0,0,1,True,False,MEDIUM,WAIT_NATIVE_RETRY,none,38.778,0
episode_03988,29900,TEMPORARY_FUNDS,upi,halted,1,2,12,0.0,0,1,False,False,MEDIUM,SEND_NUDGE,none,17.122,1
episode_03989,69900,BANK_OR_NETWORK,upi,pending,2,2,151,1.0,2,3,True,False,HIGH,REQUEST_CARD_UPDATE,none,53.215,1
episode_03990,69900,BANK_OR_NETWORK,upi,pending,2,1,180,0.666667,3,0,True,False,HIGH,WAIT_NATIVE_RETRY,none,67.126,1
episode_03991,69900,UNKNOWN,netbanking,pending,1,2,220,0.0,3,0,True,True,LOW,WAIT_NATIVE_RETRY,medium,38.151,1
episode_03992,149900,MANDATE_OR_AUTH_INVALID,card,pending,3,1,87,0.0,2,3,True,False,MEDIUM,STOP_AND_ESCALATE,none,17.837,0
episode_03993,149900,CUSTOMER_AUTH_FAILURE,upi,pending,1,2,120,0.0,0,0,True,False,HIGH,REQUEST_CARD_UPDATE,none,7.765,0
episode_03994,69900,TEMPORARY_FUNDS,upi,pending,2,3,52,0.0,0,0,True,False,MEDIUM,WAIT_NATIVE_RETRY,none,42.535,1
episode_03995,29900,UNKNOWN,upi,halted,1,1,48,0.0,0,2,False,False,LOW,STOP_AND_ESCALATE,none,51.779,0
episode_03996,29900,CUSTOMER_AUTH_FAILURE,card,pending,3,1,99,1.0,1,1,True,False,HIGH,STOP_AND_ESCALATE,none,37.727,1
episode_03997,69900,PAYMENT_METHOD_INVALID,netbanking,pending,3,1,217,1.0,3,0,True,False,HIGH,STOP_AND_ESCALATE,none,11.557,0
episode_03998,29900,BANK_OR_NETWORK,emandate,pending,3,1,114,0.0,2,0,True,False,HIGH,WAIT_NATIVE_RETRY,none,21.728,1
episode_03999,69900,BANK_OR_NETWORK,upi,pending,1,2,71,0.0,3,3,True,False,LOW,STOP_AND_ESCALATE,none,12.083,1
episode_04000,149900,TEMPORARY_FUNDS,card,pending,1,4,349,0.0,2,1,True,False,HIGH,STOP_AND_ESCALATE,none,43.362,1
episode_04001,69900,TEMPORARY_FUNDS,upi,pending,1,2,50,0.0,2,1,True,False,HIGH,REQUEST_CARD_UPDATE,none,57.715,1
episode_04002,29900,CUSTOMER_AUTH_FAILURE,card,pending,2,2,226,0.0,0,0,True,False,HIGH,WAIT_NATIVE_RETRY,none,14.414,0
episode_04003,69900,CUSTOMER_AUTH_FAILURE,upi,pending,3,4,328,0.333333,3,1,True,False,HIGH,STOP_AND_ESCALATE,none,117.58,0
episode_04004,69900,TEMPORARY_FUNDS,card,pending,2,1,130,0.5,2,1,True,False,LOW,REQUEST_CARD_UPDATE,none,2.333,0
episode_04005,69900,TEMPORARY_FUNDS,card,pending,2,1,283,0.333333,3,0,True,False,HIGH,WAIT_NATIVE_RETRY,none,24.034,1
episode_04006,69900,MANDATE_OR_AUTH_INVALID,card,pending,2,2,114,0.166667,6,0,True,False,HIGH,STOP_AND_ESCALATE,none,37.714,0
episode_04007,29900,TEMPORARY_FUNDS,card,pending,2,1,50,1.0,1,0,True,False,MEDIUM,REQUEST_CARD_UPDATE,none,14.149,1
episode_04008,149900,BANK_OR_NETWORK,upi,pending,2,1,100,0.5,2,0,True,False,MEDIUM,STOP_AND_ESCALATE,none,29.17,1
episode_04009,29900,PAYMENT_METHOD_INVALID,card,pending,3,2,320,1.0,1,2,True,False,MEDIUM,STOP_AND_ESCALATE,none,47.663,1
episode_04010,69900,PAYMENT_METHOD_INVALID,upi,pending,1,1,125,0.0,2,1,True,False,HIGH,STOP_AND_ESCALATE,none,29.788,0
episode_04011,69900,TEMPORARY_FUNDS,upi,pending,3,1,96,1.0,2,2,True,False,HIGH,REQUEST_CARD_UPDATE,none,41.108,1
episode_04012,69900,TEMPORARY_FUNDS,card,pending,3,2,82,1.0,1,0,True,False,LOW,WAIT_NATIVE_RETRY,none,56.825,1
episode_04013,149900,TEMPORARY_FUNDS,upi,pending,2,2,107,1.0,1,0,True,False,MEDIUM,REQUEST_CARD_UPDATE,none,34.752,1
episode_04014,29900,CUSTOMER_AUTH_FAILURE,upi,pending,1,2,157,0.0,1,2,True,False,MEDIUM,SEND_NUDGE,none,7.483,0
episode_04015,29900,PAYMENT_METHOD_INVALID,card,pending,1,2,153,0.5,4,0,True,False,MEDIUM,SEND_NUDGE,none,16.001,1
episode_04016,69900,TEMPORARY_FUNDS,card,pending,1,1,175,0.0,3,0,True,False,MEDIUM,STOP_AND_ESCALATE,none,35.524,0
episode_04017,69900,PAYMENT_METHOD_INVALID,card,halted,1,1,124,0.5,2,0,False,False,MEDIUM,WAIT_NATIVE_RETRY,none,55.638,0
episode_04018,69900,MANDATE_OR_AUTH_INVALID,unknown,halted,2,1,108,0.0,0,1,False,False,LOW,STOP_AND_ESCALATE,none,30.255,0
episode_04019,69900,TEMPORARY_FUNDS,card,pending,2,1,202,0.0,2,0,True,False,HIGH,STOP_AND_ESCALATE,none,81.982,0
episode_04020,69900,BANK_OR_NETWORK,emandate,pending,4,2,80,1.0,1,1,True,False,HIGH,WAIT_NATIVE_RETRY,none,50.893,1
episode_04021,29900,PAYMENT_METHOD_INVALID,netbanking,pending,2,1,53,1.0,1,1,True,False,HIGH,WAIT_NATIVE_RETRY,none,7.223,0
episode_04022,29900,MANDATE_OR_AUTH_INVALID,netbanking,pending,2,2,95,0.0,0,1,True,False,HIGH,WAIT_NATIVE_RETRY,none,59.164,1
episode_04023,69900,BANK_OR_NETWORK,emandate,pending,2,1,118,0.5,4,1,True,False,HIGH,SEND_NUDGE,none,3.293,1
episode_04024,69900,CUSTOMER_AUTH_FAILURE,card,pending,3,1,180,0.0,2,2,True,False,HIGH,STOP_AND_ESCALATE,none,52.166,0
episode_04025,149900,TEMPORARY_FUNDS,upi,halted,2,2,72,0.25,4,0,False,False,MEDIUM,WAIT_NATIVE_RETRY,none,49.801,0
episode_04026,69900,PAYMENT_METHOD_INVALID,card,pending,2,3,117,0.0,1,2,True,False,LOW,WAIT_NATIVE_RETRY,none,31.937,1
episode_04027,69900,PAYMENT_METHOD_INVALID,card,pending,6,2,150,0.0,2,1,True,True,MEDIUM,STOP_AND_ESCALATE,high,16.847,0
episode_04028,69900,TEMPORARY_FUNDS,netbanking,pending,1,4,53,0.333333,3,1,True,False,LOW,WAIT_NATIVE_RETRY,none,45.303,0
episode_04029,29900,MANDATE_OR_AUTH_INVALID,card,pending,1,1,266,0.75,4,0,True,False,HIGH,REQUEST_CARD_UPDATE,none,3.293,0
episode_04030,29900,PAYMENT_METHOD_INVALID,emandate,pending,3,2,91,1.0,1,2,True,False,MEDIUM,REQUEST_CARD_UPDATE,none,25.736,0
episode_04031,149900,BANK_OR_NETWORK,upi,pending,4,2,22,0.25,4,1,True,False,MEDIUM,STOP_AND_ESCALATE,none,46.876,1
episode_04032,149900,CUSTOMER_AUTH_FAILURE,emandate,pending,4,1,187,0.0,1,1,True,False,LOW,SEND_NUDGE,none,56.069,1
episode_04033,29900,PAYMENT_METHOD_INVALID,unknown,halted,4,1,44,0.0,3,1,False,False,HIGH,REQUEST_CARD_UPDATE,none,21.643,1
episode_04034,69900,BANK_OR_NETWORK,emandate,pending,1,4,164,0.0,1,1,True,False,HIGH,STOP_AND_ESCALATE,none,76.993,1
episode_04035,29900,BANK_OR_NETWORK,card,pending,2,2,21,0.0,3,0,True,True,HIGH,REQUEST_CARD_UPDATE,high,74.039,0
episode_04036,69900,UNKNOWN,netbanking,pending,3,1,227,0.0,0,0,True,False,LOW,SEND_NUDGE,none,61.116,1
episode_04037,149900,BANK_OR_NETWORK,card,pending,1,1,166,0.5,4,2,True,True,HIGH,SEND_NUDGE,medium,43.256,0
episode_04038,149900,CUSTOMER_AUTH_FAILURE,card,pending,2,1,162,0.0,3,0,True,False,MEDIUM,SEND_NUDGE,none,26.292,1
episode_04039,29900,TEMPORARY_FUNDS,netbanking,pending,2,1,161,0.0,0,0,True,False,HIGH,STOP_AND_ESCALATE,none,14.817,0
episode_04040,29900,BANK_OR_NETWORK,card,pending,2,2,168,0.666667,3,0,True,False,HIGH,REQUEST_CARD_UPDATE,none,26.541,0
episode_04041,149900,PAYMENT_METHOD_INVALID,netbanking,pending,2,1,161,0.0,1,0,True,False,MEDIUM,SEND_NUDGE,none,40.552,0
episode_04042,69900,TEMPORARY_FUNDS,netbanking,pending,1,1,75,0.0,2,0,True,False,HIGH,STOP_AND_ESCALATE,none,6.77,0
episode_04043,69900,TEMPORARY_FUNDS,card,halted,1,2,25,0.0,2,1,False,False,MEDIUM,SEND_NUDGE,none,11.266,1
episode_04044,69900,PAYMENT_METHOD_INVALID,netbanking,pending,2,2,147,0.75,4,1,True,False,HIGH,SEND_NUDGE,none,19.112,1
episode_04045,29900,TEMPORARY_FUNDS,card,pending,4,1,171,1.0,3,0,True,False,MEDIUM,WAIT_NATIVE_RETRY,none,4.257,1
episode_04046,149900,PAYMENT_METHOD_INVALID,card,pending,3,2,104,0.4,5,1,True,False,HIGH,REQUEST_CARD_UPDATE,none,18.711,1
episode_04047,29900,TEMPORARY_FUNDS,emandate,pending,5,3,78,0.5,2,0,True,False,LOW,STOP_AND_ESCALATE,none,4.501,0
episode_04048,29900,BANK_OR_NETWORK,upi,pending,3,2,118,0.0,0,0,True,True,HIGH,WAIT_NATIVE_RETRY,medium,48.183,1
episode_04049,29900,BANK_OR_NETWORK,emandate,pending,1,2,146,0.0,1,2,True,False,LOW,STOP_AND_ESCALATE,none,9.99,0
episode_04050,149900,BANK_OR_NETWORK,card,pending,2,2,194,0.0,5,0,True,True,HIGH,REQUEST_CARD_UPDATE,low,72.523,0
episode_04051,149900,CUSTOMER_AUTH_FAILURE,emandate,pending,2,2,220,1.0,2,0,True,False,LOW,STOP_AND_ESCALATE,none,27.617,0
episode_04052,69900,PAYMENT_METHOD_INVALID,card,halted,3,1,200,0.6,5,2,False,False,MEDIUM,REQUEST_CARD_UPDATE,none,8.409,1
episode_04053,29900,CUSTOMER_AUTH_FAILURE,emandate,halted,3,3,121,0.0,0,0,False,False,HIGH,WAIT_NATIVE_RETRY,none,82.27,0
episode_04054,149900,PAYMENT_METHOD_INVALID,netbanking,halted,4,2,83,0.333333,3,0,False,False,MEDIUM,STOP_AND_ESCALATE,none,74.299,1
episode_04055,29900,PAYMENT_METHOD_INVALID,card,halted,1,1,179,0.0,1,2,False,False,HIGH,SEND_NUDGE,none,11.273,0
episode_04056,69900,UNKNOWN,upi,pending,1,3,55,0.0,4,0,True,True,LOW,STOP_AND_ESCALATE,high,68.084,0
episode_04057,29900,PAYMENT_METHOD_INVALID,emandate,pending,3,1,124,0.25,4,3,True,False,HIGH,SEND_NUDGE,none,45.385,1
episode_04058,29900,PAYMENT_METHOD_INVALID,netbanking,pending,1,2,210,0.0,2,0,True,False,HIGH,WAIT_NATIVE_RETRY,none,34.355,1
episode_04059,149900,TEMPORARY_FUNDS,card,halted,2,2,41,1.0,2,1,False,False,HIGH,STOP_AND_ESCALATE,none,38.87,0
episode_04060,149900,UNKNOWN,upi,pending,3,1,79,0.0,2,0,True,True,LOW,SEND_NUDGE,medium,24.217,1
episode_04061,29900,TEMPORARY_FUNDS,unknown,halted,3,1,90,0.666667,3,0,False,False,MEDIUM,REQUEST_CARD_UPDATE,none,39.191,0
episode_04062,29900,BANK_OR_NETWORK,upi,pending,3,3,505,0.0,0,0,True,False,MEDIUM,SEND_NUDGE,none,9.74,1
episode_04063,149900,BANK_OR_NETWORK,card,halted,1,4,204,1.0,2,0,False,False,HIGH,STOP_AND_ESCALATE,none,47.897,1
episode_04064,29900,MANDATE_OR_AUTH_INVALID,netbanking,halted,1,1,61,0.0,3,0,False,False,HIGH,STOP_AND_ESCALATE,none,20.883,0
episode_04065,29900,UNKNOWN,upi,halted,2,2,57,0.0,0,0,False,False,LOW,REQUEST_CARD_UPDATE,none,49.277,0
episode_04066,69900,UNKNOWN,unknown,pending,3,1,254,0.0,0,0,True,False,LOW,STOP_AND_ESCALATE,none,15.057,0
episode_04067,149900,MANDATE_OR_AUTH_INVALID,upi,pending,1,1,146,0.5,2,2,True,False,HIGH,STOP_AND_ESCALATE,none,49.814,1
episode_04068,29900,PAYMENT_METHOD_INVALID,card,pending,3,1,142,0.0,2,3,True,False,HIGH,WAIT_NATIVE_RETRY,none,60.96,0
episode_04069,69900,TEMPORARY_FUNDS,emandate,pending,3,1,311,0.666667,3,0,True,False,HIGH,REQUEST_CARD_UPDATE,none,48.082,0
episode_04070,69900,CUSTOMER_AUTH_FAILURE,netbanking,pending,3,1,159,0.25,4,0,True,False,HIGH,WAIT_NATIVE_RETRY,none,30.119,0
episode_04071,29900,PAYMENT_METHOD_INVALID,upi,halted,2,1,213,0.25,4,0,False,False,HIGH,SEND_NUDGE,none,5.492,0
episode_04072,29900,BANK_OR_NETWORK,netbanking,pending,2,1,130,0.2,5,1,True,False,HIGH,SEND_NUDGE,none,8.253,0
episode_04073,149900,MANDATE_OR_AUTH_INVALID,upi,halted,2,1,382,0.0,0,0,False,False,HIGH,REQUEST_CARD_UPDATE,none,7.179,0
episode_04074,29900,CUSTOMER_AUTH_FAILURE,emandate,halted,3,1,282,1.0,2,2,False,False,MEDIUM,SEND_NUDGE,none,18.77,0
episode_04075,29900,CUSTOMER_AUTH_FAILURE,upi,pending,1,1,166,0.5,2,0,True,False,LOW,STOP_AND_ESCALATE,none,43.134,1
episode_04076,69900,BANK_OR_NETWORK,upi,pending,3,2,296,0.0,2,1,True,False,HIGH,STOP_AND_ESCALATE,none,23.079,0
episode_04077,149900,TEMPORARY_FUNDS,netbanking,pending,3,2,68,0.5,4,1,True,True,HIGH,WAIT_NATIVE_RETRY,high,12.065,1
episode_04078,69900,UNKNOWN,upi,pending,1,2,109,0.0,1,1,True,False,MEDIUM,SEND_NUDGE,none,15.763,0
episode_04079,149900,BANK_OR_NETWORK,card,pending,1,1,118,0.0,4,0,True,False,MEDIUM,SEND_NUDGE,none,18.336,0
episode_04080,69900,PAYMENT_METHOD_INVALID,card,pending,2,3,351,0.0,2,1,True,False,HIGH,REQUEST_CARD_UPDATE,none,0.641,1
episode_04081,29900,TEMPORARY_FUNDS,card,pending,2,3,169,0.0,3,1,True,False,HIGH,SEND_NUDGE,none,66.608,1
episode_04082,69900,PAYMENT_METHOD_INVALID,emandate,pending,2,2,355,0.0,0,0,True,False,HIGH,REQUEST_CARD_UPDATE,none,19.032,1
episode_04083,149900,CUSTOMER_AUTH_FAILURE,emandate,pending,3,2,347,0.0,1,0,True,False,HIGH,SEND_NUDGE,none,25.561,0
episode_04084,149900,PAYMENT_METHOD_INVALID,card,pending,2,1,78,0.25,4,0,True,False,MEDIUM,SEND_NUDGE,none,22.867,1
episode_04085,149900,CUSTOMER_AUTH_FAILURE,emandate,pending,2,2,386,0.5,2,2,True,True,MEDIUM,WAIT_NATIVE_RETRY,high,9.658,1
episode_04086,69900,TEMPORARY_FUNDS,card,halted,3,1,192,0.0,1,0,False,False,HIGH,WAIT_NATIVE_RETRY,none,33.876,0
episode_04087,69900,BANK_OR_NETWORK,card,pending,5,1,123,1.0,2,1,True,False,LOW,STOP_AND_ESCALATE,none,20.46,1
episode_04088,69900,UNKNOWN,emandate,pending,5,1,111,0.0,0,0,True,False,MEDIUM,WAIT_NATIVE_RETRY,none,44.003,1
episode_04089,29900,TEMPORARY_FUNDS,emandate,pending,1,2,140,0.0,0,0,True,False,HIGH,STOP_AND_ESCALATE,none,39.503,0
episode_04090,29900,TEMPORARY_FUNDS,card,halted,4,3,184,0.0,0,0,False,False,LOW,WAIT_NATIVE_RETRY,none,11.24,0
episode_04091,69900,BANK_OR_NETWORK,unknown,pending,1,3,639,1.0,2,0,True,True,MEDIUM,STOP_AND_ESCALATE,medium,4.963,0
episode_04092,69900,TEMPORARY_FUNDS,emandate,halted,2,1,157,1.0,4,1,False,True,LOW,STOP_AND_ESCALATE,low,33.694,0
episode_04093,69900,TEMPORARY_FUNDS,card,pending,1,1,167,0.666667,3,0,True,False,HIGH,REQUEST_CARD_UPDATE,none,28.727,1
episode_04094,69900,PAYMENT_METHOD_INVALID,upi,pending,2,2,173,0.0,1,2,True,False,MEDIUM,REQUEST_CARD_UPDATE,none,18.274,1
episode_04095,29900,TEMPORARY_FUNDS,upi,pending,2,2,150,0.142857,7,2,True,False,HIGH,SEND_NUDGE,none,18.103,1
episode_04096,29900,BANK_OR_NETWORK,card,halted,1,1,324,0.0,2,2,False,False,HIGH,SEND_NUDGE,none,45.342,0
episode_04097,29900,UNKNOWN,card,pending,2,4,232,1.0,1,0,True,False,LOW,WAIT_NATIVE_RETRY,none,15.846,0
episode_04098,29900,TEMPORARY_FUNDS,card,pending,2,1,122,0.333333,3,0,True,False,LOW,REQUEST_CARD_UPDATE,none,52.911,0
episode_04099,149900,BANK_OR_NETWORK,unknown,pending,2,1,218,0.333333,3,1,True,False,HIGH,WAIT_NATIVE_RETRY,none,68.149,1
episode_04100,69900,PAYMENT_METHOD_INVALID,upi,pending,4,2,350,1.0,1,0,True,False,HIGH,REQUEST_CARD_UPDATE,none,18.749,1
episode_04101,149900,TEMPORARY_FUNDS,netbanking,pending,3,2,110,0.0,2,2,True,False,HIGH,WAIT_NATIVE_RETRY,none,10.062,1
episode_04102,69900,CUSTOMER_AUTH_FAILURE,emandate,pending,1,3,411,0.5,2,0,True,False,MEDIUM,WAIT_NATIVE_RETRY,none,27.0,1
episode_04103,29900,CUSTOMER_AUTH_FAILURE,card,halted,1,3,168,0.666667,3,0,False,False,HIGH,WAIT_NATIVE_RETRY,none,16.154,1
episode_04104,29900,PAYMENT_METHOD_INVALID,upi,pending,3,3,78,1.0,2,0,True,False,MEDIUM,WAIT_NATIVE_RETRY,none,4.565,0
episode_04105,149900,PAYMENT_METHOD_INVALID,card,pending,2,3,134,0.0,1,1,True,False,MEDIUM,REQUEST_CARD_UPDATE,none,14.617,1
episode_04106,69900,PAYMENT_METHOD_INVALID,card,pending,4,1,136,0.0,1,1,True,False,HIGH,REQUEST_CARD_UPDATE,none,17.902,1
episode_04107,29900,TEMPORARY_FUNDS,card,pending,3,1,291,0.0,1,1,True,False,HIGH,SEND_NUDGE,none,21.131,1
episode_04108,69900,BANK_OR_NETWORK,card,pending,4,2,228,0.0,3,0,True,False,MEDIUM,SEND_NUDGE,none,7.37,0
episode_04109,69900,CUSTOMER_AUTH_FAILURE,card,halted,2,1,30,0.4,5,1,False,False,HIGH,REQUEST_CARD_UPDATE,none,48.858,0
episode_04110,29900,UNKNOWN,card,pending,3,1,55,0.0,1,0,True,False,LOW,WAIT_NATIVE_RETRY,none,10.418,0
episode_04111,29900,CUSTOMER_AUTH_FAILURE,card,pending,2,1,232,0.5,2,2,True,False,LOW,SEND_NUDGE,none,52.357,0
episode_04112,29900,TEMPORARY_FUNDS,upi,pending,1,2,121,1.0,2,2,True,False,HIGH,WAIT_NATIVE_RETRY,none,33.908,1
episode_04113,69900,CUSTOMER_AUTH_FAILURE,card,halted,2,2,73,0.333333,3,0,False,False,MEDIUM,REQUEST_CARD_UPDATE,none,44.532,0
episode_04114,69900,TEMPORARY_FUNDS,card,halted,2,1,254,0.2,5,0,False,False,LOW,WAIT_NATIVE_RETRY,none,24.483,0
episode_04115,149900,TEMPORARY_FUNDS,emandate,pending,3,1,40,0.5,2,0,True,False,LOW,REQUEST_CARD_UPDATE,none,15.63,0
episode_04116,149900,UNKNOWN,upi,pending,3,1,149,0.0,1,0,True,False,LOW,REQUEST_CARD_UPDATE,none,10.012,1
episode_04117,69900,UNKNOWN,upi,pending,1,2,299,0.0,2,1,True,False,MEDIUM,WAIT_NATIVE_RETRY,none,43.693,1
episode_04118,149900,CUSTOMER_AUTH_FAILURE,netbanking,halted,1,1,120,1.0,2,1,False,False,HIGH,SEND_NUDGE,none,33.197,1
episode_04119,69900,TEMPORARY_FUNDS,upi,pending,2,1,302,1.0,1,2,True,False,HIGH,SEND_NUDGE,none,28.537,1
episode_04120,69900,TEMPORARY_FUNDS,card,pending,2,1,392,0.5,4,0,True,False,MEDIUM,SEND_NUDGE,none,11.822,1
episode_04121,69900,TEMPORARY_FUNDS,card,pending,2,3,13,1.0,1,1,True,False,MEDIUM,STOP_AND_ESCALATE,none,16.876,0
episode_04122,29900,UNKNOWN,card,pending,2,1,410,0.0,1,0,True,False,HIGH,WAIT_NATIVE_RETRY,none,4.783,0
episode_04123,69900,MANDATE_OR_AUTH_INVALID,netbanking,halted,3,2,137,0.0,4,0,False,False,HIGH,STOP_AND_ESCALATE,none,25.94,0
episode_04124,29900,TEMPORARY_FUNDS,card,pending,3,2,78,0.666667,3,0,True,False,HIGH,REQUEST_CARD_UPDATE,none,26.715,1
episode_04125,29900,BANK_OR_NETWORK,card,pending,4,2,321,0.75,4,0,True,False,MEDIUM,WAIT_NATIVE_RETRY,none,9.791,1
episode_04126,69900,TEMPORARY_FUNDS,netbanking,pending,1,1,187,0.75,4,0,True,False,LOW,REQUEST_CARD_UPDATE,none,13.518,1
episode_04127,149900,PAYMENT_METHOD_INVALID,card,pending,2,2,157,0.5,2,1,True,True,LOW,REQUEST_CARD_UPDATE,low,26.414,1
episode_04128,69900,PAYMENT_METHOD_INVALID,upi,pending,1,3,128,0.0,4,0,True,False,HIGH,WAIT_NATIVE_RETRY,none,29.408,0
episode_04129,29900,PAYMENT_METHOD_INVALID,emandate,pending,1,2,238,1.0,2,0,True,False,MEDIUM,REQUEST_CARD_UPDATE,none,33.38,1
episode_04130,69900,TEMPORARY_FUNDS,netbanking,pending,2,1,82,0.428571,7,0,True,False,HIGH,STOP_AND_ESCALATE,none,11.183,0
episode_04131,69900,UNKNOWN,emandate,pending,4,2,260,0.333333,3,1,True,False,LOW,REQUEST_CARD_UPDATE,none,43.395,1
episode_04132,69900,UNKNOWN,card,halted,2,2,266,0.4,5,0,False,False,LOW,REQUEST_CARD_UPDATE,none,4.421,0
episode_04133,69900,PAYMENT_METHOD_INVALID,netbanking,pending,2,1,326,0.0,0,2,True,False,HIGH,WAIT_NATIVE_RETRY,none,11.862,0
episode_04134,69900,TEMPORARY_FUNDS,card,halted,2,1,64,0.0,0,1,False,False,HIGH,SEND_NUDGE,none,2.724,1
episode_04135,69900,BANK_OR_NETWORK,card,pending,2,1,259,0.0,0,1,True,False,HIGH,WAIT_NATIVE_RETRY,none,17.419,1
episode_04136,149900,UNKNOWN,card,pending,2,3,142,0.0,3,0,True,False,LOW,SEND_NUDGE,none,31.512,0
episode_04137,29900,TEMPORARY_FUNDS,upi,pending,1,1,154,1.0,1,0,True,False,LOW,WAIT_NATIVE_RETRY,none,24.63,1
episode_04138,149900,CUSTOMER_AUTH_FAILURE,card,halted,3,1,155,1.0,1,1,False,False,HIGH,REQUEST_CARD_UPDATE,none,13.138,1
episode_04139,29900,MANDATE_OR_AUTH_INVALID,netbanking,pending,3,2,91,0.0,5,0,True,False,MEDIUM,REQUEST_CARD_UPDATE,none,7.152,0
episode_04140,29900,MANDATE_OR_AUTH_INVALID,netbanking,pending,3,1,307,0.666667,3,1,True,True,HIGH,REQUEST_CARD_UPDATE,high,28.095,0
episode_04141,69900,CUSTOMER_AUTH_FAILURE,card,pending,2,1,196,0.8,5,0,True,False,HIGH,WAIT_NATIVE_RETRY,none,11.664,0
episode_04142,29900,TEMPORARY_FUNDS,card,pending,3,1,122,0.0,1,0,True,False,HIGH,STOP_AND_ESCALATE,none,31.036,0
episode_04143,69900,PAYMENT_METHOD_INVALID,upi,pending,2,4,266,0.0,2,1,True,False,HIGH,WAIT_NATIVE_RETRY,none,41.221,1
episode_04144,149900,UNKNOWN,unknown,pending,1,4,109,0.0,2,0,True,False,LOW,REQUEST_CARD_UPDATE,none,56.693,1
episode_04145,29900,UNKNOWN,card,halted,1,1,74,0.25,4,2,False,False,MEDIUM,STOP_AND_ESCALATE,none,27.954,0
episode_04146,149900,UNKNOWN,card,halted,1,1,183,0.333333,3,1,False,False,LOW,REQUEST_CARD_UPDATE,none,13.014,0
episode_04147,29900,BANK_OR_NETWORK,card,pending,2,5,298,0.0,1,0,True,False,HIGH,STOP_AND_ESCALATE,none,5.34,0
episode_04148,69900,MANDATE_OR_AUTH_INVALID,emandate,pending,3,2,25,1.0,1,1,True,False,HIGH,WAIT_NATIVE_RETRY,none,35.305,0
episode_04149,149900,BANK_OR_NETWORK,upi,halted,6,1,126,0.333333,3,0,False,False,HIGH,SEND_NUDGE,none,43.306,0
episode_04150,69900,PAYMENT_METHOD_INVALID,card,pending,3,3,107,0.0,1,0,True,False,HIGH,WAIT_NATIVE_RETRY,none,13.203,0
episode_04151,69900,BANK_OR_NETWORK,card,pending,3,1,104,1.0,1,1,True,False,HIGH,STOP_AND_ESCALATE,none,12.342,0
episode_04152,149900,BANK_OR_NETWORK,upi,pending,2,2,34,1.0,2,3,True,False,LOW,STOP_AND_ESCALATE,none,12.722,1
episode_04153,29900,TEMPORARY_FUNDS,card,pending,2,1,161,0.5,2,0,True,False,HIGH,WAIT_NATIVE_RETRY,none,63.9,0
episode_04154,149900,PAYMENT_METHOD_INVALID,card,pending,3,3,132,1.0,2,0,True,False,HIGH,REQUEST_CARD_UPDATE,none,38.414,1
episode_04155,69900,PAYMENT_METHOD_INVALID,card,pending,3,2,104,0.5,2,0,True,False,MEDIUM,WAIT_NATIVE_RETRY,none,31.24,0
episode_04156,29900,PAYMENT_METHOD_INVALID,card,pending,2,2,511,0.375,8,1,True,False,HIGH,SEND_NUDGE,none,26.056,1
episode_04157,69900,BANK_OR_NETWORK,card,halted,2,1,437,1.0,1,0,False,False,HIGH,WAIT_NATIVE_RETRY,none,62.523,1
episode_04158,69900,UNKNOWN,card,pending,2,5,283,0.333333,3,0,True,False,LOW,REQUEST_CARD_UPDATE,none,27.872,1
episode_04159,69900,UNKNOWN,card,pending,5,1,131,0.5,4,2,True,False,LOW,WAIT_NATIVE_RETRY,none,5.494,1
episode_04160,29900,TEMPORARY_FUNDS,card,pending,1,1,187,1.0,2,1,True,True,MEDIUM,WAIT_NATIVE_RETRY,high,29.884,1
episode_04161,149900,UNKNOWN,netbanking,halted,3,1,98,0.5,2,0,False,False,MEDIUM,SEND_NUDGE,none,18.024,0
episode_04162,29900,BANK_OR_NETWORK,upi,pending,3,1,141,0.333333,3,0,True,False,HIGH,STOP_AND_ESCALATE,none,94.122,1
episode_04163,149900,UNKNOWN,netbanking,halted,2,3,53,0.333333,3,2,False,False,LOW,WAIT_NATIVE_RETRY,none,21.465,0
episode_04164,29900,CUSTOMER_AUTH_FAILURE,netbanking,halted,3,1,133,0.0,1,2,False,False,MEDIUM,REQUEST_CARD_UPDATE,none,29.566,0
episode_04165,69900,UNKNOWN,card,pending,1,1,149,0.0,1,0,True,False,LOW,SEND_NUDGE,none,24.257,0
episode_04166,69900,MANDATE_OR_AUTH_INVALID,card,pending,1,3,19,0.0,1,0,True,True,HIGH,SEND_NUDGE,low,12.326,0
episode_04167,149900,CUSTOMER_AUTH_FAILURE,upi,pending,3,3,195,0.0,1,0,True,True,MEDIUM,STOP_AND_ESCALATE,high,9.827,1
episode_04168,69900,TEMPORARY_FUNDS,card,pending,1,1,81,1.0,2,0,True,False,HIGH,STOP_AND_ESCALATE,none,22.334,0
episode_04169,29900,UNKNOWN,upi,halted,2,1,126,0.0,1,1,False,False,MEDIUM,WAIT_NATIVE_RETRY,none,10.757,0
episode_04170,29900,CUSTOMER_AUTH_FAILURE,upi,pending,1,2,401,0.8,5,2,True,False,HIGH,REQUEST_CARD_UPDATE,none,4.544,1
episode_04171,69900,PAYMENT_METHOD_INVALID,upi,halted,3,2,62,0.0,1,1,False,False,HIGH,SEND_NUDGE,none,11.88,1
episode_04172,29900,CUSTOMER_AUTH_FAILURE,card,pending,3,2,170,0.0,1,0,True,False,HIGH,REQUEST_CARD_UPDATE,none,10.58,1
episode_04173,149900,PAYMENT_METHOD_INVALID,card,halted,3,2,202,0.0,3,0,False,False,HIGH,WAIT_NATIVE_RETRY,none,40.872,0
episode_04174,29900,CUSTOMER_AUTH_FAILURE,card,halted,1,2,205,0.5,4,1,False,False,HIGH,WAIT_NATIVE_RETRY,none,9.853,0
episode_04175,149900,UNKNOWN,upi,pending,4,2,93,0.0,0,0,True,False,LOW,REQUEST_CARD_UPDATE,none,2.0,1
episode_04176,29900,CUSTOMER_AUTH_FAILURE,card,halted,2,1,102,0.0,2,0,False,False,HIGH,SEND_NUDGE,none,11.715,0
episode_04177,29900,BANK_OR_NETWORK,card,pending,2,1,115,0.5,2,0,True,False,HIGH,WAIT_NATIVE_RETRY,none,47.443,1
episode_04178,29900,PAYMENT_METHOD_INVALID,card,pending,3,1,155,0.666667,3,1,True,False,MEDIUM,STOP_AND_ESCALATE,none,146.567,0
episode_04179,69900,TEMPORARY_FUNDS,upi,pending,2,1,137,0.333333,3,0,True,False,MEDIUM,STOP_AND_ESCALATE,none,45.229,1
episode_04180,69900,PAYMENT_METHOD_INVALID,card,halted,3,1,118,0.25,4,1,False,False,HIGH,WAIT_NATIVE_RETRY,none,72.79,0
episode_04181,29900,PAYMENT_METHOD_INVALID,upi,pending,5,1,56,0.25,4,1,True,False,MEDIUM,WAIT_NATIVE_RETRY,none,47.337,0
episode_04182,29900,CUSTOMER_AUTH_FAILURE,card,pending,3,3,208,0.0,1,0,True,False,MEDIUM,WAIT_NATIVE_RETRY,none,31.867,0
episode_04183,69900,PAYMENT_METHOD_INVALID,card,pending,3,2,150,1.0,1,0,True,False,LOW,REQUEST_CARD_UPDATE,none,65.695,0
episode_04184,149900,CUSTOMER_AUTH_FAILURE,card,pending,2,1,186,0.333333,3,1,True,False,HIGH,SEND_NUDGE,none,38.449,0
episode_04185,29900,BANK_OR_NETWORK,card,halted,2,3,338,0.0,3,0,False,False,HIGH,REQUEST_CARD_UPDATE,none,35.787,0
episode_04186,29900,MANDATE_OR_AUTH_INVALID,upi,pending,2,1,95,0.0,1,1,True,False,HIGH,STOP_AND_ESCALATE,none,37.734,0
episode_04187,69900,BANK_OR_NETWORK,card,pending,2,1,368,0.333333,3,0,True,False,HIGH,STOP_AND_ESCALATE,none,16.352,0
episode_04188,149900,BANK_OR_NETWORK,emandate,pending,3,2,399,0.666667,3,2,True,False,LOW,STOP_AND_ESCALATE,none,27.494,0
episode_04189,69900,TEMPORARY_FUNDS,card,pending,5,2,66,0.5,2,1,True,False,MEDIUM,WAIT_NATIVE_RETRY,none,16.912,1
episode_04190,69900,BANK_OR_NETWORK,upi,pending,2,1,290,0.0,3,1,True,False,MEDIUM,SEND_NUDGE,none,66.218,0
episode_04191,29900,TEMPORARY_FUNDS,card,pending,2,1,34,0.0,1,0,True,False,HIGH,REQUEST_CARD_UPDATE,none,6.687,0
episode_04192,29900,MANDATE_OR_AUTH_INVALID,emandate,pending,4,2,236,0.0,4,3,True,False,MEDIUM,SEND_NUDGE,none,43.84,0
episode_04193,29900,TEMPORARY_FUNDS,card,pending,1,1,28,0.0,4,1,True,False,MEDIUM,WAIT_NATIVE_RETRY,none,16.058,1
episode_04194,29900,TEMPORARY_FUNDS,card,pending,2,1,174,1.0,2,0,True,False,HIGH,WAIT_NATIVE_RETRY,none,17.137,1
episode_04195,69900,TEMPORARY_FUNDS,card,pending,2,1,97,0.0,0,1,True,False,HIGH,SEND_NUDGE,none,47.765,0
episode_04196,69900,CUSTOMER_AUTH_FAILURE,emandate,halted,1,1,134,0.333333,6,0,False,False,HIGH,REQUEST_CARD_UPDATE,none,7.898,0
episode_04197,149900,BANK_OR_NETWORK,upi,pending,2,1,158,0.0,1,1,True,False,HIGH,SEND_NUDGE,none,28.18,1
episode_04198,69900,PAYMENT_METHOD_INVALID,card,halted,2,2,160,0.5,2,0,False,True,HIGH,WAIT_NATIVE_RETRY,medium,10.295,0
episode_04199,29900,TEMPORARY_FUNDS,card,pending,5,1,85,0.0,2,0,True,False,HIGH,REQUEST_CARD_UPDATE,none,29.803,0
episode_04200,69900,PAYMENT_METHOD_INVALID,card,halted,1,3,205,0.0,2,1,False,False,HIGH,REQUEST_CARD_UPDATE,none,37.218,1
episode_04201,69900,TEMPORARY_FUNDS,netbanking,pending,3,1,57,0.0,2,0,True,False,HIGH,SEND_NUDGE,none,18.349,0
episode_04202,69900,PAYMENT_METHOD_INVALID,card,pending,1,1,64,0.0,1,0,True,False,MEDIUM,STOP_AND_ESCALATE,none,26.953,0
episode_04203,29900,BANK_OR_NETWORK,emandate,pending,3,2,30,0.0,1,0,True,False,MEDIUM,REQUEST_CARD_UPDATE,none,46.303,0
episode_04204,29900,PAYMENT_METHOD_INVALID,emandate,pending,4,2,111,0.0,2,1,True,False,MEDIUM,SEND_NUDGE,none,4.416,0
episode_04205,149900,BANK_OR_NETWORK,card,halted,1,1,248,0.0,1,1,False,True,HIGH,SEND_NUDGE,medium,4.326,0
episode_04206,29900,TEMPORARY_FUNDS,netbanking,pending,3,1,257,1.0,3,0,True,False,HIGH,REQUEST_CARD_UPDATE,none,14.003,1
episode_04207,29900,BANK_OR_NETWORK,emandate,halted,3,1,157,1.0,1,0,False,False,MEDIUM,WAIT_NATIVE_RETRY,none,6.643,0
episode_04208,29900,TEMPORARY_FUNDS,card,pending,2,1,116,0.0,1,1,True,False,HIGH,STOP_AND_ESCALATE,none,22.752,0
episode_04209,29900,CUSTOMER_AUTH_FAILURE,card,halted,3,2,200,0.333333,3,2,False,False,HIGH,SEND_NUDGE,none,56.569,0
episode_04210,69900,BANK_OR_NETWORK,emandate,pending,3,1,395,0.666667,3,1,True,False,HIGH,WAIT_NATIVE_RETRY,none,44.687,1
episode_04211,69900,TEMPORARY_FUNDS,emandate,pending,2,1,93,0.0,0,1,True,False,HIGH,REQUEST_CARD_UPDATE,none,21.922,0
episode_04212,69900,TEMPORARY_FUNDS,unknown,halted,2,1,152,0.5,2,0,False,False,HIGH,WAIT_NATIVE_RETRY,none,6.937,0
episode_04213,149900,BANK_OR_NETWORK,card,halted,1,2,224,0.0,0,2,False,True,MEDIUM,STOP_AND_ESCALATE,high,9.241,0
episode_04214,29900,BANK_OR_NETWORK,card,pending,3,3,25,1.0,2,0,True,True,HIGH,SEND_NUDGE,low,33.296,1
episode_04215,69900,PAYMENT_METHOD_INVALID,upi,pending,1,1,59,0.5,2,2,True,False,HIGH,SEND_NUDGE,none,19.471,1
episode_04216,29900,TEMPORARY_FUNDS,netbanking,pending,3,1,49,0.0,1,2,True,False,HIGH,WAIT_NATIVE_RETRY,none,9.835,1
episode_04217,149900,TEMPORARY_FUNDS,card,pending,2,1,372,0.0,1,0,True,False,HIGH,SEND_NUDGE,none,99.12,0
episode_04218,69900,MANDATE_OR_AUTH_INVALID,netbanking,halted,3,2,29,0.5,2,1,False,False,HIGH,WAIT_NATIVE_RETRY,none,26.395,0
episode_04219,149900,CUSTOMER_AUTH_FAILURE,upi,pending,1,1,20,0.6,5,0,True,False,HIGH,REQUEST_CARD_UPDATE,none,7.494,0
episode_04220,29900,UNKNOWN,card,pending,1,1,457,0.5,2,2,True,False,MEDIUM,WAIT_NATIVE_RETRY,none,56.271,0
episode_04221,29900,TEMPORARY_FUNDS,card,pending,1,2,171,0.0,2,1,True,False,HIGH,STOP_AND_ESCALATE,none,23.496,0
episode_04222,29900,MANDATE_OR_AUTH_INVALID,card,pending,2,1,296,0.5,2,1,True,False,HIGH,STOP_AND_ESCALATE,none,17.876,0
episode_04223,149900,UNKNOWN,card,pending,1,2,144,0.333333,3,0,True,False,MEDIUM,REQUEST_CARD_UPDATE,none,17.331,0
episode_04224,69900,PAYMENT_METHOD_INVALID,emandate,pending,1,1,671,0.0,0,2,True,False,MEDIUM,SEND_NUDGE,none,6.04,0
episode_04225,69900,BANK_OR_NETWORK,upi,halted,3,2,267,0.333333,3,0,False,False,MEDIUM,WAIT_NATIVE_RETRY,none,18.021,0
episode_04226,69900,BANK_OR_NETWORK,emandate,pending,2,1,390,0.333333,3,2,True,True,LOW,REQUEST_CARD_UPDATE,low,34.204,0
episode_04227,149900,MANDATE_OR_AUTH_INVALID,card,pending,2,2,278,0.0,2,1,True,False,HIGH,SEND_NUDGE,none,5.227,0
episode_04228,69900,CUSTOMER_AUTH_FAILURE,card,halted,1,2,240,1.0,2,0,False,False,HIGH,STOP_AND_ESCALATE,none,35.371,0
episode_04229,149900,PAYMENT_METHOD_INVALID,upi,pending,1,2,39,0.333333,3,2,True,False,HIGH,WAIT_NATIVE_RETRY,none,30.933,1
episode_04230,149900,BANK_OR_NETWORK,unknown,pending,3,2,114,0.5,2,1,True,False,MEDIUM,REQUEST_CARD_UPDATE,none,5.309,0
episode_04231,149900,CUSTOMER_AUTH_FAILURE,card,pending,1,1,117,1.0,1,0,True,False,LOW,REQUEST_CARD_UPDATE,none,15.027,1
episode_04232,29900,CUSTOMER_AUTH_FAILURE,card,pending,1,2,262,0.333333,3,0,True,False,HIGH,REQUEST_CARD_UPDATE,none,24.833,0
episode_04233,149900,UNKNOWN,card,halted,2,3,195,0.666667,3,3,False,False,HIGH,REQUEST_CARD_UPDATE,none,65.338,0
episode_04234,69900,TEMPORARY_FUNDS,upi,halted,1,3,361,0.0,0,1,False,False,LOW,SEND_NUDGE,none,31.824,1
episode_04235,29900,CUSTOMER_AUTH_FAILURE,card,pending,2,1,436,0.333333,3,2,True,False,MEDIUM,SEND_NUDGE,none,31.128,0
episode_04236,29900,UNKNOWN,emandate,halted,2,2,217,1.0,2,1,False,True,LOW,STOP_AND_ESCALATE,medium,42.04,0
episode_04237,69900,BANK_OR_NETWORK,card,pending,1,2,177,0.333333,3,1,True,False,MEDIUM,WAIT_NATIVE_RETRY,none,63.792,1
episode_04238,29900,TEMPORARY_FUNDS,upi,pending,1,1,117,0.0,3,2,True,False,LOW,SEND_NUDGE,none,85.353,1
episode_04239,69900,TEMPORARY_FUNDS,card,pending,4,1,553,0.333333,3,0,True,False,HIGH,STOP_AND_ESCALATE,none,15.411,0
episode_04240,149900,MANDATE_OR_AUTH_INVALID,card,halted,2,1,289,0.5,2,0,False,False,MEDIUM,WAIT_NATIVE_RETRY,none,11.611,0
episode_04241,69900,BANK_OR_NETWORK,card,halted,1,1,239,1.0,1,0,False,False,HIGH,REQUEST_CARD_UPDATE,none,4.169,0
episode_04242,69900,BANK_OR_NETWORK,netbanking,pending,2,2,236,0.0,3,0,True,False,HIGH,STOP_AND_ESCALATE,none,2.09,0
episode_04243,69900,PAYMENT_METHOD_INVALID,upi,pending,3,1,114,0.5,2,1,True,False,HIGH,REQUEST_CARD_UPDATE,none,19.162,1
episode_04244,69900,BANK_OR_NETWORK,unknown,pending,1,3,363,1.0,4,0,True,True,LOW,WAIT_NATIVE_RETRY,high,16.563,1
episode_04245,69900,UNKNOWN,card,pending,1,1,214,0.0,3,0,True,False,LOW,SEND_NUDGE,none,30.815,0
episode_04246,29900,CUSTOMER_AUTH_FAILURE,card,halted,2,2,91,0.0,1,0,False,False,MEDIUM,REQUEST_CARD_UPDATE,none,35.749,0
episode_04247,69900,TEMPORARY_FUNDS,card,pending,3,3,15,0.4,5,0,True,False,HIGH,WAIT_NATIVE_RETRY,none,4.242,1
episode_04248,149900,TEMPORARY_FUNDS,card,halted,1,1,164,0.333333,3,2,False,False,MEDIUM,SEND_NUDGE,none,26.965,0
episode_04249,149900,MANDATE_OR_AUTH_INVALID,emandate,pending,2,2,100,1.0,1,2,True,False,HIGH,REQUEST_CARD_UPDATE,none,19.289,1
episode_04250,29900,PAYMENT_METHOD_INVALID,card,pending,2,2,103,0.75,4,3,True,False,HIGH,WAIT_NATIVE_RETRY,none,9.554,0
episode_04251,149900,TEMPORARY_FUNDS,emandate,pending,1,5,204,0.333333,3,2,True,False,HIGH,SEND_NUDGE,none,15.572,1
episode_04252,69900,TEMPORARY_FUNDS,card,halted,1,1,62,0.0,0,1,False,False,HIGH,STOP_AND_ESCALATE,none,49.248,0
episode_04253,29900,TEMPORARY_FUNDS,card,pending,3,1,45,1.0,2,0,True,False,HIGH,REQUEST_CARD_UPDATE,none,40.478,1
episode_04254,69900,CUSTOMER_AUTH_FAILURE,upi,pending,2,1,138,0.0,1,0,True,True,HIGH,WAIT_NATIVE_RETRY,high,25.801,0
episode_04255,29900,MANDATE_OR_AUTH_INVALID,card,pending,2,1,89,0.0,1,0,True,False,HIGH,WAIT_NATIVE_RETRY,none,20.863,0
episode_04256,69900,TEMPORARY_FUNDS,card,halted,1,1,63,0.0,1,1,False,True,HIGH,SEND_NUDGE,medium,19.824,1
episode_04257,69900,PAYMENT_METHOD_INVALID,card,pending,2,2,43,0.0,1,1,True,False,HIGH,SEND_NUDGE,none,38.168,0
episode_04258,29900,TEMPORARY_FUNDS,card,pending,2,1,78,0.25,4,0,True,False,MEDIUM,WAIT_NATIVE_RETRY,none,11.351,1
episode_04259,29900,MANDATE_OR_AUTH_INVALID,card,pending,2,1,295,0.0,3,0,True,False,HIGH,REQUEST_CARD_UPDATE,none,50.33,0
episode_04260,69900,PAYMENT_METHOD_INVALID,upi,halted,4,2,249,0.0,3,0,False,True,HIGH,STOP_AND_ESCALATE,medium,15.861,0
episode_04261,149900,BANK_OR_NETWORK,card,halted,1,2,137,1.0,1,1,False,False,MEDIUM,REQUEST_CARD_UPDATE,none,75.054,1
episode_04262,69900,PAYMENT_METHOD_INVALID,card,pending,3,2,186,0.5,2,2,True,False,HIGH,SEND_NUDGE,none,48.452,0
episode_04263,29900,MANDATE_OR_AUTH_INVALID,netbanking,pending,2,2,121,1.0,1,1,True,False,HIGH,SEND_NUDGE,none,36.335,0
episode_04264,69900,TEMPORARY_FUNDS,card,pending,1,1,201,0.0,2,1,True,False,LOW,REQUEST_CARD_UPDATE,none,30.309,1
episode_04265,69900,MANDATE_OR_AUTH_INVALID,upi,halted,3,3,173,0.25,4,1,False,False,HIGH,WAIT_NATIVE_RETRY,none,10.119,0
episode_04266,149900,TEMPORARY_FUNDS,card,pending,3,2,96,0.5,2,1,True,False,HIGH,WAIT_NATIVE_RETRY,none,5.593,1
episode_04267,69900,PAYMENT_METHOD_INVALID,card,halted,2,4,280,0.0,2,1,False,True,HIGH,SEND_NUDGE,high,51.867,0
episode_04268,149900,PAYMENT_METHOD_INVALID,card,pending,1,2,294,0.5,4,0,True,False,HIGH,SEND_NUDGE,none,61.314,1
episode_04269,29900,CUSTOMER_AUTH_FAILURE,upi,halted,2,1,84,0.0,1,0,False,False,HIGH,STOP_AND_ESCALATE,none,27.735,0
episode_04270,29900,BANK_OR_NETWORK,card,pending,1,3,158,0.0,1,1,True,False,MEDIUM,SEND_NUDGE,none,1.842,1
episode_04271,149900,MANDATE_OR_AUTH_INVALID,upi,pending,3,1,333,1.0,1,0,True,False,HIGH,STOP_AND_ESCALATE,none,31.81,0
episode_04272,149900,BANK_OR_NETWORK,card,pending,2,1,561,0.0,3,2,True,True,HIGH,REQUEST_CARD_UPDATE,medium,21.939,0
episode_04273,29900,PAYMENT_METHOD_INVALID,card,pending,1,1,388,0.0,1,0,True,False,HIGH,WAIT_NATIVE_RETRY,none,27.498,0
episode_04274,69900,CUSTOMER_AUTH_FAILURE,unknown,halted,3,3,357,0.0,1,0,False,False,MEDIUM,STOP_AND_ESCALATE,none,8.941,0
episode_04275,29900,TEMPORARY_FUNDS,netbanking,halted,2,2,94,0.0,0,0,False,False,HIGH,REQUEST_CARD_UPDATE,none,34.261,0
episode_04276,149900,BANK_OR_NETWORK,emandate,pending,2,1,67,0.0,1,0,True,False,MEDIUM,WAIT_NATIVE_RETRY,none,168.0,1
episode_04277,29900,CUSTOMER_AUTH_FAILURE,upi,pending,5,2,80,0.0,1,0,True,False,HIGH,REQUEST_CARD_UPDATE,none,33.884,1
episode_04278,29900,TEMPORARY_FUNDS,card,pending,1,2,229,1.0,2,2,True,True,MEDIUM,SEND_NUDGE,medium,56.001,1
episode_04279,149900,PAYMENT_METHOD_INVALID,netbanking,pending,1,2,427,0.0,1,0,True,False,MEDIUM,SEND_NUDGE,none,46.697,0
episode_04280,149900,PAYMENT_METHOD_INVALID,upi,halted,3,2,57,0.0,1,2,False,True,HIGH,SEND_NUDGE,high,25.0,0
episode_04281,29900,TEMPORARY_FUNDS,upi,pending,1,2,31,0.5,4,1,True,False,HIGH,REQUEST_CARD_UPDATE,none,13.419,0
episode_04282,29900,BANK_OR_NETWORK,emandate,halted,1,3,97,0.0,4,0,False,False,HIGH,STOP_AND_ESCALATE,none,20.322,1
episode_04283,69900,BANK_OR_NETWORK,card,halted,1,1,209,0.0,3,0,False,False,HIGH,SEND_NUDGE,none,58.966,1
episode_04284,69900,TEMPORARY_FUNDS,unknown,pending,2,1,453,0.5,2,0,True,False,MEDIUM,WAIT_NATIVE_RETRY,none,17.178,0
episode_04285,29900,BANK_OR_NETWORK,emandate,pending,2,2,215,0.5,2,0,True,False,MEDIUM,STOP_AND_ESCALATE,none,35.921,0
episode_04286,29900,CUSTOMER_AUTH_FAILURE,upi,pending,4,2,124,1.0,2,0,True,False,MEDIUM,SEND_NUDGE,none,22.893,0
episode_04287,149900,TEMPORARY_FUNDS,upi,pending,2,1,36,0.5,2,0,True,False,HIGH,REQUEST_CARD_UPDATE,none,33.941,1
episode_04288,29900,PAYMENT_METHOD_INVALID,card,pending,2,1,28,0.333333,3,0,True,False,MEDIUM,REQUEST_CARD_UPDATE,none,16.994,1
episode_04289,29900,TEMPORARY_FUNDS,card,pending,3,1,53,1.0,2,0,True,False,HIGH,WAIT_NATIVE_RETRY,none,19.136,1
episode_04290,149900,TEMPORARY_FUNDS,upi,pending,1,1,363,0.0,0,0,True,False,HIGH,STOP_AND_ESCALATE,none,32.547,0
episode_04291,69900,MANDATE_OR_AUTH_INVALID,card,halted,2,2,342,0.0,1,1,False,True,HIGH,WAIT_NATIVE_RETRY,medium,25.815,0
episode_04292,29900,UNKNOWN,card,pending,2,1,375,0.0,0,2,True,False,HIGH,SEND_NUDGE,none,11.257,0
episode_04293,149900,TEMPORARY_FUNDS,upi,pending,1,2,269,0.0,2,3,True,False,HIGH,REQUEST_CARD_UPDATE,none,18.803,0
episode_04294,29900,BANK_OR_NETWORK,emandate,pending,1,2,26,1.0,1,1,True,False,HIGH,WAIT_NATIVE_RETRY,none,55.517,1
episode_04295,29900,CUSTOMER_AUTH_FAILURE,upi,pending,4,3,124,0.0,1,0,True,False,MEDIUM,SEND_NUDGE,none,29.046,0
episode_04296,29900,CUSTOMER_AUTH_FAILURE,card,pending,1,1,94,0.666667,3,0,True,False,MEDIUM,SEND_NUDGE,none,5.544,1
episode_04297,149900,TEMPORARY_FUNDS,card,halted,5,3,135,0.0,1,3,False,True,HIGH,SEND_NUDGE,medium,49.461,0
episode_04298,69900,TEMPORARY_FUNDS,card,pending,1,1,122,0.0,2,0,True,False,MEDIUM,REQUEST_CARD_UPDATE,none,20.865,0
episode_04299,29900,MANDATE_OR_AUTH_INVALID,upi,pending,2,2,251,0.0,0,2,True,False,HIGH,STOP_AND_ESCALATE,none,28.106,0
episode_04300,69900,UNKNOWN,card,pending,2,2,129,0.0,0,1,True,False,MEDIUM,WAIT_NATIVE_RETRY,none,35.559,0
episode_04301,29900,MANDATE_OR_AUTH_INVALID,card,pending,1,3,4,0.0,1,1,True,False,HIGH,SEND_NUDGE,none,31.957,0
episode_04302,29900,UNKNOWN,card,pending,2,1,381,0.0,4,1,True,False,LOW,REQUEST_CARD_UPDATE,none,8.536,1
episode_04303,29900,MANDATE_OR_AUTH_INVALID,unknown,pending,4,2,302,0.0,1,0,True,False,HIGH,REQUEST_CARD_UPDATE,none,113.06,1
episode_04304,29900,PAYMENT_METHOD_INVALID,upi,halted,2,1,140,0.0,1,0,False,True,MEDIUM,SEND_NUDGE,medium,6.994,0
episode_04305,29900,CUSTOMER_AUTH_FAILURE,card,pending,1,1,15,0.0,1,3,True,False,HIGH,REQUEST_CARD_UPDATE,none,30.096,0
episode_04306,29900,PAYMENT_METHOD_INVALID,netbanking,pending,2,1,109,0.333333,3,0,True,False,HIGH,WAIT_NATIVE_RETRY,none,28.673,0
episode_04307,29900,MANDATE_OR_AUTH_INVALID,card,pending,2,3,123,0.5,2,0,True,False,HIGH,REQUEST_CARD_UPDATE,none,3.847,0
episode_04308,69900,PAYMENT_METHOD_INVALID,card,pending,2,1,184,0.0,2,0,True,False,MEDIUM,WAIT_NATIVE_RETRY,none,44.503,0
episode_04309,69900,CUSTOMER_AUTH_FAILURE,upi,pending,1,2,356,0.0,1,0,True,False,HIGH,REQUEST_CARD_UPDATE,none,30.962,1
episode_04310,29900,TEMPORARY_FUNDS,card,pending,1,1,139,0.5,2,1,True,False,MEDIUM,WAIT_NATIVE_RETRY,none,83.235,1
episode_04311,29900,BANK_OR_NETWORK,card,pending,1,1,247,0.333333,3,1,True,True,HIGH,REQUEST_CARD_UPDATE,medium,31.713,0
episode_04312,69900,TEMPORARY_FUNDS,unknown,halted,1,2,137,0.666667,3,0,False,False,LOW,REQUEST_CARD_UPDATE,none,69.536,1
episode_04313,29900,MANDATE_OR_AUTH_INVALID,upi,halted,2,2,261,0.0,1,1,False,False,MEDIUM,REQUEST_CARD_UPDATE,none,51.014,0
episode_04314,69900,UNKNOWN,emandate,halted,2,1,160,1.0,1,0,False,False,LOW,WAIT_NATIVE_RETRY,none,1.586,0
episode_04315,29900,BANK_OR_NETWORK,card,pending,6,2,233,1.0,1,0,True,False,MEDIUM,WAIT_NATIVE_RETRY,none,7.158,0
episode_04316,29900,MANDATE_OR_AUTH_INVALID,upi,halted,2,1,220,0.5,2,1,False,False,HIGH,WAIT_NATIVE_RETRY,none,19.826,0
episode_04317,29900,TEMPORARY_FUNDS,unknown,halted,5,3,76,0.0,5,1,False,False,HIGH,REQUEST_CARD_UPDATE,none,32.913,0
episode_04318,69900,TEMPORARY_FUNDS,card,pending,3,1,51,0.0,2,1,True,False,MEDIUM,REQUEST_CARD_UPDATE,none,8.808,0
episode_04319,69900,PAYMENT_METHOD_INVALID,emandate,halted,2,2,333,0.333333,3,0,False,False,HIGH,SEND_NUDGE,none,122.638,1
episode_04320,29900,TEMPORARY_FUNDS,card,pending,2,1,418,0.5,2,1,True,False,MEDIUM,SEND_NUDGE,none,51.856,0
episode_04321,29900,BANK_OR_NETWORK,card,pending,3,1,293,0.666667,3,1,True,True,MEDIUM,REQUEST_CARD_UPDATE,low,24.538,0
episode_04322,149900,MANDATE_OR_AUTH_INVALID,emandate,pending,1,1,268,1.0,2,1,True,False,HIGH,STOP_AND_ESCALATE,none,12.342,1
episode_04323,29900,MANDATE_OR_AUTH_INVALID,emandate,halted,1,2,129,1.0,1,2,False,False,HIGH,WAIT_NATIVE_RETRY,none,49.689,0
episode_04324,29900,BANK_OR_NETWORK,upi,halted,2,3,15,0.333333,3,0,False,True,HIGH,WAIT_NATIVE_RETRY,medium,16.762,1
episode_04325,69900,BANK_OR_NETWORK,card,pending,3,2,51,1.0,1,1,True,False,HIGH,SEND_NUDGE,none,5.308,1
episode_04326,29900,TEMPORARY_FUNDS,card,pending,2,1,132,1.0,1,0,True,True,HIGH,WAIT_NATIVE_RETRY,medium,43.77,1
episode_04327,69900,CUSTOMER_AUTH_FAILURE,upi,pending,1,2,320,0.666667,3,0,True,False,HIGH,SEND_NUDGE,none,28.89,0
episode_04328,149900,MANDATE_OR_AUTH_INVALID,emandate,pending,1,1,158,0.5,2,0,True,False,HIGH,STOP_AND_ESCALATE,none,66.961,0
episode_04329,69900,PAYMENT_METHOD_INVALID,card,halted,2,2,135,0.5,2,0,False,False,MEDIUM,STOP_AND_ESCALATE,none,56.991,0
episode_04330,69900,TEMPORARY_FUNDS,card,pending,3,1,302,0.666667,3,2,True,False,HIGH,REQUEST_CARD_UPDATE,none,5.818,0
episode_04331,29900,TEMPORARY_FUNDS,card,pending,4,1,166,1.0,1,0,True,False,HIGH,WAIT_NATIVE_RETRY,none,24.931,1
episode_04332,149900,PAYMENT_METHOD_INVALID,upi,pending,2,3,110,1.0,1,1,True,False,HIGH,STOP_AND_ESCALATE,none,30.714,0
episode_04333,149900,CUSTOMER_AUTH_FAILURE,card,halted,2,3,110,0.0,1,0,False,False,HIGH,SEND_NUDGE,none,55.431,1
episode_04334,149900,PAYMENT_METHOD_INVALID,card,pending,6,1,216,0.0,2,1,True,False,HIGH,SEND_NUDGE,none,67.693,0
episode_04335,69900,CUSTOMER_AUTH_FAILURE,card,pending,3,1,317,1.0,1,1,True,False,MEDIUM,WAIT_NATIVE_RETRY,none,26.501,1
episode_04336,149900,TEMPORARY_FUNDS,card,pending,3,2,87,0.0,1,0,True,False,HIGH,SEND_NUDGE,none,23.23,1
episode_04337,29900,PAYMENT_METHOD_INVALID,emandate,pending,1,2,101,0.333333,3,0,True,False,MEDIUM,REQUEST_CARD_UPDATE,none,28.532,1
episode_04338,29900,PAYMENT_METHOD_INVALID,netbanking,pending,3,1,170,1.0,1,0,True,True,HIGH,SEND_NUDGE,medium,10.951,1
episode_04339,29900,BANK_OR_NETWORK,card,pending,4,3,34,0.0,2,0,True,False,MEDIUM,SEND_NUDGE,none,41.821,1
episode_04340,69900,MANDATE_OR_AUTH_INVALID,upi,halted,1,2,358,0.25,4,1,False,False,HIGH,SEND_NUDGE,none,34.097,1
episode_04341,149900,BANK_OR_NETWORK,upi,halted,6,2,158,0.0,3,1,False,False,HIGH,STOP_AND_ESCALATE,none,10.7,0
episode_04342,29900,TEMPORARY_FUNDS,card,pending,5,3,66,0.0,3,0,True,False,HIGH,REQUEST_CARD_UPDATE,none,35.766,0
episode_04343,29900,PAYMENT_METHOD_INVALID,upi,halted,2,2,152,0.666667,3,2,False,False,HIGH,REQUEST_CARD_UPDATE,none,36.955,0
episode_04344,29900,UNKNOWN,card,pending,2,2,175,0.5,2,2,True,False,MEDIUM,WAIT_NATIVE_RETRY,none,77.581,1
episode_04345,69900,BANK_OR_NETWORK,emandate,pending,1,1,295,0.0,0,0,True,False,MEDIUM,WAIT_NATIVE_RETRY,none,11.687,1
episode_04346,149900,CUSTOMER_AUTH_FAILURE,netbanking,pending,2,2,65,1.0,1,1,True,False,MEDIUM,STOP_AND_ESCALATE,none,22.414,0
episode_04347,29900,TEMPORARY_FUNDS,unknown,pending,2,1,451,0.0,0,2,True,False,LOW,REQUEST_CARD_UPDATE,none,10.339,0
episode_04348,69900,PAYMENT_METHOD_INVALID,card,pending,4,2,60,0.0,2,0,True,False,HIGH,SEND_NUDGE,none,15.13,0
episode_04349,29900,TEMPORARY_FUNDS,upi,halted,2,1,165,0.0,1,2,False,False,LOW,SEND_NUDGE,none,17.716,0
episode_04350,149900,BANK_OR_NETWORK,card,halted,2,1,54,0.0,2,0,False,True,MEDIUM,WAIT_NATIVE_RETRY,medium,18.715,1
episode_04351,29900,CUSTOMER_AUTH_FAILURE,netbanking,halted,1,2,107,0.0,0,1,False,True,HIGH,WAIT_NATIVE_RETRY,low,7.777,0
episode_04352,29900,UNKNOWN,upi,pending,2,2,583,0.0,3,0,True,False,MEDIUM,SEND_NUDGE,none,21.473,1
episode_04353,69900,MANDATE_OR_AUTH_INVALID,emandate,halted,4,3,342,0.0,1,0,False,False,MEDIUM,REQUEST_CARD_UPDATE,none,52.321,0
episode_04354,149900,PAYMENT_METHOD_INVALID,card,pending,2,3,336,0.0,2,3,True,False,HIGH,WAIT_NATIVE_RETRY,none,2.023,0
episode_04355,69900,TEMPORARY_FUNDS,emandate,pending,2,2,215,0.0,2,0,True,False,LOW,REQUEST_CARD_UPDATE,none,8.111,0
episode_04356,69900,TEMPORARY_FUNDS,upi,pending,2,3,295,1.0,1,0,True,False,LOW,REQUEST_CARD_UPDATE,none,8.753,1
episode_04357,149900,BANK_OR_NETWORK,card,halted,4,3,194,0.0,4,0,False,False,HIGH,SEND_NUDGE,none,12.455,0
episode_04358,69900,TEMPORARY_FUNDS,card,pending,1,1,212,1.0,1,0,True,False,HIGH,STOP_AND_ESCALATE,none,22.69,0
episode_04359,29900,TEMPORARY_FUNDS,card,halted,2,2,171,1.0,2,1,False,False,HIGH,SEND_NUDGE,none,26.642,1
episode_04360,29900,CUSTOMER_AUTH_FAILURE,emandate,pending,3,3,143,0.0,3,0,True,False,HIGH,REQUEST_CARD_UPDATE,none,30.497,1
episode_04361,29900,UNKNOWN,card,pending,2,1,400,0.333333,3,2,True,False,LOW,WAIT_NATIVE_RETRY,none,5.44,1
episode_04362,69900,BANK_OR_NETWORK,card,pending,5,1,275,0.0,0,0,True,False,HIGH,SEND_NUDGE,none,19.076,1
episode_04363,69900,BANK_OR_NETWORK,upi,pending,2,2,166,0.0,0,0,True,False,MEDIUM,SEND_NUDGE,none,21.325,0
episode_04364,69900,BANK_OR_NETWORK,upi,pending,2,5,232,0.5,4,0,True,False,MEDIUM,REQUEST_CARD_UPDATE,none,19.397,0
episode_04365,69900,PAYMENT_METHOD_INVALID,card,pending,2,3,301,0.0,0,0,True,False,HIGH,SEND_NUDGE,none,21.009,1
episode_04366,149900,TEMPORARY_FUNDS,card,pending,1,1,152,0.0,2,0,True,False,MEDIUM,SEND_NUDGE,none,65.047,0
episode_04367,29900,BANK_OR_NETWORK,card,pending,1,1,258,0.0,2,1,True,False,HIGH,STOP_AND_ESCALATE,none,102.208,1
episode_04368,29900,TEMPORARY_FUNDS,upi,pending,2,3,207,1.0,1,0,True,False,HIGH,STOP_AND_ESCALATE,none,25.201,0
episode_04369,29900,BANK_OR_NETWORK,emandate,halted,4,1,122,1.0,1,0,False,False,HIGH,STOP_AND_ESCALATE,none,15.047,0
episode_04370,29900,CUSTOMER_AUTH_FAILURE,card,pending,1,1,67,0.0,0,1,True,False,HIGH,WAIT_NATIVE_RETRY,none,4.233,0
episode_04371,69900,UNKNOWN,card,pending,1,1,178,1.0,1,0,True,False,LOW,WAIT_NATIVE_RETRY,none,52.64,1
episode_04372,29900,PAYMENT_METHOD_INVALID,card,pending,2,2,196,0.0,1,1,True,False,MEDIUM,STOP_AND_ESCALATE,none,12.801,0
episode_04373,29900,BANK_OR_NETWORK,netbanking,pending,1,1,256,0.75,4,1,True,False,MEDIUM,WAIT_NATIVE_RETRY,none,29.973,1
episode_04374,29900,PAYMENT_METHOD_INVALID,emandate,pending,2,1,83,0.0,1,1,True,False,HIGH,WAIT_NATIVE_RETRY,none,6.097,1
episode_04375,29900,CUSTOMER_AUTH_FAILURE,emandate,halted,2,2,66,1.0,1,0,False,False,HIGH,STOP_AND_ESCALATE,none,44.258,0
episode_04376,29900,TEMPORARY_FUNDS,card,pending,1,1,161,0.75,4,1,True,False,HIGH,REQUEST_CARD_UPDATE,none,40.681,1
episode_04377,29900,BANK_OR_NETWORK,card,pending,2,1,415,0.0,0,1,True,False,HIGH,STOP_AND_ESCALATE,none,51.593,0
episode_04378,69900,TEMPORARY_FUNDS,card,pending,2,2,105,0.5,2,0,True,False,HIGH,WAIT_NATIVE_RETRY,none,13.838,1
episode_04379,69900,UNKNOWN,card,pending,3,2,172,0.25,4,2,True,False,LOW,WAIT_NATIVE_RETRY,none,79.827,0
episode_04380,69900,PAYMENT_METHOD_INVALID,emandate,pending,2,3,94,0.333333,3,0,True,False,HIGH,WAIT_NATIVE_RETRY,none,20.323,0
episode_04381,29900,TEMPORARY_FUNDS,card,pending,2,3,87,0.333333,3,0,True,False,HIGH,SEND_NUDGE,none,21.701,1
episode_04382,149900,BANK_OR_NETWORK,card,pending,1,1,18,0.0,2,1,True,False,HIGH,SEND_NUDGE,none,73.523,1
episode_04383,69900,CUSTOMER_AUTH_FAILURE,card,pending,3,2,175,0.0,2,0,True,False,HIGH,SEND_NUDGE,none,23.119,0
episode_04384,69900,PAYMENT_METHOD_INVALID,card,pending,1,1,16,0.75,4,1,True,False,LOW,WAIT_NATIVE_RETRY,none,30.48,0
episode_04385,29900,PAYMENT_METHOD_INVALID,emandate,halted,1,3,141,0.0,2,0,False,False,LOW,SEND_NUDGE,none,21.079,0
episode_04386,69900,UNKNOWN,emandate,pending,1,3,51,0.0,3,2,True,False,MEDIUM,SEND_NUDGE,none,50.147,0
episode_04387,149900,TEMPORARY_FUNDS,emandate,pending,4,1,32,0.0,1,2,True,False,HIGH,STOP_AND_ESCALATE,none,22.219,0
episode_04388,69900,TEMPORARY_FUNDS,card,pending,2,1,150,0.0,2,1,True,False,HIGH,WAIT_NATIVE_RETRY,none,45.127,1
episode_04389,149900,BANK_OR_NETWORK,netbanking,pending,3,1,237,0.0,0,1,True,True,HIGH,REQUEST_CARD_UPDATE,high,16.296,0
episode_04390,29900,BANK_OR_NETWORK,card,pending,1,1,104,1.0,2,3,True,False,HIGH,SEND_NUDGE,none,39.982,0
episode_04391,69900,BANK_OR_NETWORK,netbanking,halted,1,2,39,0.0,0,0,False,False,HIGH,REQUEST_CARD_UPDATE,none,36.207,0
episode_04392,69900,MANDATE_OR_AUTH_INVALID,upi,pending,4,1,51,0.0,1,0,True,False,HIGH,SEND_NUDGE,none,11.083,0
episode_04393,69900,BANK_OR_NETWORK,card,pending,2,1,244,0.333333,3,2,True,False,HIGH,WAIT_NATIVE_RETRY,none,11.039,1
episode_04394,149900,TEMPORARY_FUNDS,card,pending,2,3,270,0.0,1,0,True,False,LOW,REQUEST_CARD_UPDATE,none,6.61,1
episode_04395,29900,TEMPORARY_FUNDS,upi,pending,4,2,47,0.5,4,0,True,False,MEDIUM,STOP_AND_ESCALATE,none,21.85,0
episode_04396,69900,MANDATE_OR_AUTH_INVALID,card,pending,3,1,263,0.0,1,1,True,False,HIGH,SEND_NUDGE,none,30.753,0
episode_04397,29900,UNKNOWN,unknown,halted,3,2,74,0.2,5,0,False,False,MEDIUM,REQUEST_CARD_UPDATE,none,11.724,0
episode_04398,69900,TEMPORARY_FUNDS,upi,pending,1,2,174,0.666667,3,1,True,False,HIGH,SEND_NUDGE,none,14.133,1
episode_04399,29900,TEMPORARY_FUNDS,upi,pending,2,4,129,0.5,4,0,True,True,HIGH,WAIT_NATIVE_RETRY,high,42.763,0
episode_04400,69900,UNKNOWN,card,pending,2,1,238,1.0,1,0,True,False,LOW,WAIT_NATIVE_RETRY,none,39.393,0
episode_04401,69900,MANDATE_OR_AUTH_INVALID,card,pending,2,2,164,0.0,1,1,True,False,HIGH,WAIT_NATIVE_RETRY,none,80.001,0
episode_04402,69900,UNKNOWN,unknown,pending,3,3,75,0.666667,3,0,True,False,LOW,STOP_AND_ESCALATE,none,10.31,1
episode_04403,69900,TEMPORARY_FUNDS,card,pending,2,2,75,0.0,0,0,True,False,MEDIUM,REQUEST_CARD_UPDATE,none,4.727,0
episode_04404,29900,TEMPORARY_FUNDS,card,halted,1,1,83,0.0,2,0,False,False,HIGH,STOP_AND_ESCALATE,none,31.382,0
episode_04405,149900,UNKNOWN,unknown,pending,2,2,404,0.6,5,0,True,True,LOW,WAIT_NATIVE_RETRY,medium,26.465,0
episode_04406,29900,TEMPORARY_FUNDS,card,pending,2,1,196,0.666667,3,2,True,False,HIGH,WAIT_NATIVE_RETRY,none,1.82,1
episode_04407,29900,BANK_OR_NETWORK,card,pending,2,3,198,1.0,1,1,True,True,MEDIUM,WAIT_NATIVE_RETRY,medium,38.469,1
episode_04408,29900,TEMPORARY_FUNDS,emandate,halted,2,1,185,0.0,1,0,False,True,HIGH,STOP_AND_ESCALATE,medium,35.668,0
episode_04409,69900,PAYMENT_METHOD_INVALID,netbanking,pending,1,2,92,0.75,4,2,True,False,LOW,REQUEST_CARD_UPDATE,none,52.536,1
episode_04410,69900,PAYMENT_METHOD_INVALID,card,pending,2,2,450,0.5,2,0,True,False,HIGH,SEND_NUDGE,none,48.976,1
episode_04411,29900,BANK_OR_NETWORK,netbanking,halted,3,1,125,0.0,2,2,False,False,LOW,SEND_NUDGE,none,23.76,1
episode_04412,29900,BANK_OR_NETWORK,card,pending,4,1,123,1.0,3,3,True,True,HIGH,REQUEST_CARD_UPDATE,high,32.672,1
episode_04413,69900,PAYMENT_METHOD_INVALID,card,pending,1,3,165,0.0,4,0,True,False,HIGH,STOP_AND_ESCALATE,none,67.773,0
episode_04414,69900,PAYMENT_METHOD_INVALID,card,pending,3,2,238,1.0,1,1,True,True,MEDIUM,STOP_AND_ESCALATE,low,7.051,0
episode_04415,69900,TEMPORARY_FUNDS,emandate,halted,3,1,17,0.5,2,0,False,False,HIGH,WAIT_NATIVE_RETRY,none,43.081,1
episode_04416,29900,PAYMENT_METHOD_INVALID,card,pending,1,2,72,1.0,1,0,True,False,HIGH,STOP_AND_ESCALATE,none,27.184,0
episode_04417,69900,CUSTOMER_AUTH_FAILURE,card,pending,2,1,37,1.0,1,1,True,False,HIGH,WAIT_NATIVE_RETRY,none,22.654,0
episode_04418,149900,UNKNOWN,upi,pending,1,1,134,1.0,1,3,True,False,MEDIUM,WAIT_NATIVE_RETRY,none,5.525,0
episode_04419,149900,MANDATE_OR_AUTH_INVALID,upi,pending,3,3,161,0.0,3,0,True,False,HIGH,STOP_AND_ESCALATE,none,10.305,0
episode_04420,69900,TEMPORARY_FUNDS,card,pending,3,3,111,0.0,0,0,True,False,HIGH,REQUEST_CARD_UPDATE,none,48.415,0
episode_04421,29900,TEMPORARY_FUNDS,netbanking,pending,3,1,179,0.0,4,0,True,False,LOW,REQUEST_CARD_UPDATE,none,48.886,0
episode_04422,149900,PAYMENT_METHOD_INVALID,upi,pending,3,3,119,1.0,1,0,True,False,HIGH,WAIT_NATIVE_RETRY,none,16.575,0
episode_04423,69900,PAYMENT_METHOD_INVALID,upi,pending,1,1,133,1.0,2,0,True,False,HIGH,STOP_AND_ESCALATE,none,34.11,0
episode_04424,149900,BANK_OR_NETWORK,card,pending,1,1,30,1.0,2,0,True,False,HIGH,STOP_AND_ESCALATE,none,36.196,0
episode_04425,29900,TEMPORARY_FUNDS,netbanking,pending,4,1,46,0.5,4,0,True,False,HIGH,SEND_NUDGE,none,13.302,0
episode_04426,29900,CUSTOMER_AUTH_FAILURE,netbanking,pending,3,1,202,0.0,0,1,True,False,HIGH,SEND_NUDGE,none,17.399,1
episode_04427,149900,PAYMENT_METHOD_INVALID,upi,pending,5,1,171,0.0,3,0,True,False,HIGH,WAIT_NATIVE_RETRY,none,29.917,0
episode_04428,69900,PAYMENT_METHOD_INVALID,card,pending,3,4,162,0.0,0,1,True,False,MEDIUM,STOP_AND_ESCALATE,none,5.609,0
episode_04429,149900,CUSTOMER_AUTH_FAILURE,upi,pending,2,1,169,0.0,2,2,True,False,HIGH,REQUEST_CARD_UPDATE,none,5.409,1
episode_04430,69900,CUSTOMER_AUTH_FAILURE,card,pending,1,4,93,0.5,2,0,True,False,MEDIUM,SEND_NUDGE,none,23.806,0
episode_04431,149900,MANDATE_OR_AUTH_INVALID,emandate,halted,2,3,104,0.0,5,0,False,False,MEDIUM,WAIT_NATIVE_RETRY,none,30.221,0
episode_04432,29900,MANDATE_OR_AUTH_INVALID,upi,halted,2,1,342,0.333333,3,0,False,False,HIGH,STOP_AND_ESCALATE,none,69.644,0
episode_04433,29900,BANK_OR_NETWORK,emandate,pending,7,2,139,0.75,4,0,True,False,HIGH,WAIT_NATIVE_RETRY,none,51.234,1
episode_04434,69900,BANK_OR_NETWORK,card,pending,2,2,140,0.25,4,0,True,False,HIGH,WAIT_NATIVE_RETRY,none,76.912,1
episode_04435,69900,BANK_OR_NETWORK,card,pending,1,3,98,0.5,2,1,True,False,HIGH,WAIT_NATIVE_RETRY,none,14.04,1
episode_04436,69900,CUSTOMER_AUTH_FAILURE,upi,halted,2,3,83,1.0,1,0,False,False,MEDIUM,REQUEST_CARD_UPDATE,none,28.506,0
episode_04437,69900,TEMPORARY_FUNDS,upi,pending,3,2,47,1.0,3,0,True,False,HIGH,WAIT_NATIVE_RETRY,none,80.701,1
episode_04438,29900,MANDATE_OR_AUTH_INVALID,card,pending,1,4,256,0.5,2,0,True,False,HIGH,SEND_NUDGE,none,84.022,1
episode_04439,29900,TEMPORARY_FUNDS,upi,halted,2,3,82,0.5,2,1,False,False,HIGH,REQUEST_CARD_UPDATE,none,94.395,0
episode_04440,29900,PAYMENT_METHOD_INVALID,emandate,halted,1,3,191,0.5,2,1,False,False,MEDIUM,SEND_NUDGE,none,10.208,0
episode_04441,29900,TEMPORARY_FUNDS,card,pending,1,1,82,0.0,0,0,True,False,MEDIUM,WAIT_NATIVE_RETRY,none,44.098,1
episode_04442,29900,TEMPORARY_FUNDS,card,pending,4,2,166,0.0,2,0,True,False,HIGH,SEND_NUDGE,none,19.481,0
episode_04443,29900,PAYMENT_METHOD_INVALID,card,pending,1,2,36,0.0,1,0,True,False,HIGH,REQUEST_CARD_UPDATE,none,49.727,0
episode_04444,149900,TEMPORARY_FUNDS,card,halted,2,2,197,0.75,4,1,False,False,HIGH,REQUEST_CARD_UPDATE,none,17.498,1
episode_04445,69900,BANK_OR_NETWORK,card,pending,1,4,293,1.0,2,0,True,True,MEDIUM,WAIT_NATIVE_RETRY,medium,19.434,1
episode_04446,149900,CUSTOMER_AUTH_FAILURE,upi,pending,1,1,450,1.0,1,0,True,False,LOW,REQUEST_CARD_UPDATE,none,17.068,0
episode_04447,69900,PAYMENT_METHOD_INVALID,netbanking,halted,1,1,102,0.0,1,0,False,False,LOW,SEND_NUDGE,none,57.509,1
episode_04448,69900,PAYMENT_METHOD_INVALID,card,pending,4,1,172,0.333333,3,1,True,False,MEDIUM,REQUEST_CARD_UPDATE,none,51.699,1
episode_04449,29900,BANK_OR_NETWORK,upi,halted,2,2,195,0.0,1,0,False,False,HIGH,SEND_NUDGE,none,33.96,0
episode_04450,29900,BANK_OR_NETWORK,upi,halted,2,2,198,0.25,4,1,False,False,HIGH,SEND_NUDGE,none,22.441,0
episode_04451,69900,CUSTOMER_AUTH_FAILURE,card,pending,4,6,476,1.0,1,0,True,False,HIGH,REQUEST_CARD_UPDATE,none,17.187,0
episode_04452,29900,TEMPORARY_FUNDS,card,pending,1,2,23,0.0,1,0,True,False,HIGH,WAIT_NATIVE_RETRY,none,33.592,1
episode_04453,69900,TEMPORARY_FUNDS,card,pending,4,2,234,0.0,1,1,True,False,MEDIUM,REQUEST_CARD_UPDATE,none,7.38,1
episode_04454,29900,MANDATE_OR_AUTH_INVALID,card,pending,3,4,131,0.0,0,0,True,False,HIGH,WAIT_NATIVE_RETRY,none,19.227,0
episode_04455,29900,PAYMENT_METHOD_INVALID,card,pending,2,3,15,0.0,2,1,True,False,MEDIUM,WAIT_NATIVE_RETRY,none,3.223,1
episode_04456,29900,MANDATE_OR_AUTH_INVALID,netbanking,pending,1,3,170,0.25,4,1,True,False,MEDIUM,WAIT_NATIVE_RETRY,none,25.105,0
episode_04457,69900,CUSTOMER_AUTH_FAILURE,netbanking,pending,2,2,432,0.0,0,0,True,False,LOW,WAIT_NATIVE_RETRY,none,5.151,0
episode_04458,69900,BANK_OR_NETWORK,card,pending,2,1,128,1.0,1,0,True,False,HIGH,SEND_NUDGE,none,17.726,1
episode_04459,149900,UNKNOWN,card,halted,2,1,303,0.0,0,0,False,False,LOW,SEND_NUDGE,none,15.909,1
episode_04460,69900,UNKNOWN,card,pending,1,3,150,1.0,1,1,True,False,MEDIUM,WAIT_NATIVE_RETRY,none,16.531,1
episode_04461,149900,TEMPORARY_FUNDS,card,pending,4,2,110,1.0,1,0,True,False,HIGH,REQUEST_CARD_UPDATE,none,15.016,0
episode_04462,149900,TEMPORARY_FUNDS,upi,pending,3,2,274,0.0,2,1,True,False,HIGH,REQUEST_CARD_UPDATE,none,44.608,0
episode_04463,69900,UNKNOWN,netbanking,pending,2,1,164,1.0,1,0,True,False,LOW,WAIT_NATIVE_RETRY,none,28.879,0
episode_04464,29900,BANK_OR_NETWORK,card,pending,2,3,474,0.2,5,0,True,False,HIGH,SEND_NUDGE,none,12.561,0
episode_04465,149900,MANDATE_OR_AUTH_INVALID,netbanking,pending,3,1,36,0.0,2,0,True,False,HIGH,SEND_NUDGE,none,21.419,0
episode_04466,149900,MANDATE_OR_AUTH_INVALID,upi,pending,1,3,30,0.0,0,2,True,False,HIGH,WAIT_NATIVE_RETRY,none,12.069,0
episode_04467,29900,UNKNOWN,card,pending,2,1,123,0.0,4,0,True,False,LOW,REQUEST_CARD_UPDATE,none,36.739,1
episode_04468,149900,BANK_OR_NETWORK,upi,pending,3,2,270,1.0,5,1,True,False,HIGH,STOP_AND_ESCALATE,none,22.298,0
episode_04469,69900,BANK_OR_NETWORK,upi,pending,3,1,156,0.0,1,1,True,False,MEDIUM,WAIT_NATIVE_RETRY,none,18.111,0
episode_04470,69900,TEMPORARY_FUNDS,upi,pending,2,1,422,1.0,1,2,True,False,MEDIUM,REQUEST_CARD_UPDATE,none,66.724,0
episode_04471,149900,CUSTOMER_AUTH_FAILURE,card,pending,2,1,221,0.25,4,2,True,True,HIGH,WAIT_NATIVE_RETRY,high,44.037,1
episode_04472,69900,MANDATE_OR_AUTH_INVALID,upi,pending,1,1,244,0.0,2,0,True,False,MEDIUM,STOP_AND_ESCALATE,none,20.294,0
episode_04473,149900,BANK_OR_NETWORK,card,halted,3,2,408,0.5,2,1,False,False,MEDIUM,SEND_NUDGE,none,31.866,0
episode_04474,149900,UNKNOWN,upi,pending,3,2,178,0.0,0,0,True,False,HIGH,REQUEST_CARD_UPDATE,none,43.812,0
episode_04475,149900,BANK_OR_NETWORK,upi,pending,1,2,95,0.333333,3,0,True,False,MEDIUM,REQUEST_CARD_UPDATE,none,70.05,0
episode_04476,149900,UNKNOWN,card,pending,2,2,208,1.0,2,1,True,False,LOW,SEND_NUDGE,none,27.517,0
episode_04477,29900,TEMPORARY_FUNDS,card,pending,1,2,129,1.0,1,3,True,False,MEDIUM,REQUEST_CARD_UPDATE,none,57.421,1
episode_04478,69900,UNKNOWN,upi,pending,2,2,44,0.0,0,0,True,False,HIGH,WAIT_NATIVE_RETRY,none,15.995,0
episode_04479,29900,BANK_OR_NETWORK,card,pending,5,1,497,0.666667,3,1,True,False,HIGH,SEND_NUDGE,none,18.093,1
episode_04480,29900,TEMPORARY_FUNDS,upi,halted,2,2,241,0.0,2,2,False,False,HIGH,SEND_NUDGE,none,48.842,0
episode_04481,29900,UNKNOWN,emandate,pending,4,1,87,0.4,5,1,True,False,LOW,REQUEST_CARD_UPDATE,none,16.595,0
episode_04482,29900,BANK_OR_NETWORK,upi,pending,3,2,262,1.0,3,0,True,True,MEDIUM,WAIT_NATIVE_RETRY,low,33.04,1
episode_04483,29900,TEMPORARY_FUNDS,emandate,halted,2,1,148,0.4,5,0,False,False,HIGH,SEND_NUDGE,none,12.433,1
episode_04484,149900,PAYMENT_METHOD_INVALID,card,pending,1,2,277,1.0,1,1,True,False,HIGH,REQUEST_CARD_UPDATE,none,34.013,0
episode_04485,69900,UNKNOWN,emandate,pending,1,2,176,1.0,2,1,True,False,HIGH,SEND_NUDGE,none,24.449,0
episode_04486,29900,UNKNOWN,unknown,pending,2,2,409,0.0,3,2,True,False,MEDIUM,WAIT_NATIVE_RETRY,none,22.095,1
episode_04487,29900,PAYMENT_METHOD_INVALID,card,pending,3,3,52,0.333333,3,0,True,False,HIGH,STOP_AND_ESCALATE,none,14.994,0
episode_04488,69900,PAYMENT_METHOD_INVALID,emandate,pending,3,1,397,0.666667,3,2,True,False,MEDIUM,STOP_AND_ESCALATE,none,9.445,1
episode_04489,149900,CUSTOMER_AUTH_FAILURE,netbanking,halted,2,1,44,1.0,2,1,False,False,MEDIUM,REQUEST_CARD_UPDATE,none,63.172,0
episode_04490,29900,PAYMENT_METHOD_INVALID,upi,pending,1,3,330,0.0,4,0,True,False,HIGH,STOP_AND_ESCALATE,none,8.379,0
episode_04491,29900,TEMPORARY_FUNDS,card,pending,1,2,276,0.0,2,0,True,False,HIGH,SEND_NUDGE,none,43.893,1
episode_04492,29900,PAYMENT_METHOD_INVALID,upi,pending,1,1,55,1.0,2,0,True,False,HIGH,STOP_AND_ESCALATE,none,49.014,0
episode_04493,29900,MANDATE_OR_AUTH_INVALID,card,pending,2,1,166,1.0,1,0,True,False,MEDIUM,REQUEST_CARD_UPDATE,none,3.84,1
episode_04494,29900,TEMPORARY_FUNDS,card,pending,2,1,63,0.0,1,1,True,False,MEDIUM,WAIT_NATIVE_RETRY,none,15.738,1
episode_04495,149900,CUSTOMER_AUTH_FAILURE,upi,pending,1,1,161,0.0,0,0,True,False,HIGH,WAIT_NATIVE_RETRY,none,70.194,1
episode_04496,69900,TEMPORARY_FUNDS,card,pending,2,2,109,0.0,1,2,True,False,MEDIUM,STOP_AND_ESCALATE,none,50.996,0
episode_04497,149900,BANK_OR_NETWORK,card,pending,1,2,70,0.0,0,0,True,False,MEDIUM,STOP_AND_ESCALATE,none,33.98,0
episode_04498,29900,UNKNOWN,unknown,pending,1,2,62,0.75,4,0,True,False,LOW,WAIT_NATIVE_RETRY,none,15.232,1
episode_04499,29900,TEMPORARY_FUNDS,card,pending,1,1,117,0.0,1,0,True,False,MEDIUM,REQUEST_CARD_UPDATE,none,13.613,0
episode_04500,29900,PAYMENT_METHOD_INVALID,card,pending,2,2,111,0.0,0,0,True,True,HIGH,STOP_AND_ESCALATE,medium,30.735,0
episode_04501,69900,UNKNOWN,upi,pending,1,2,172,0.0,0,1,True,False,LOW,REQUEST_CARD_UPDATE,none,5.657,0
episode_04502,69900,CUSTOMER_AUTH_FAILURE,netbanking,halted,1,3,53,1.0,2,1,False,False,MEDIUM,WAIT_NATIVE_RETRY,none,36.899,0
episode_04503,29900,TEMPORARY_FUNDS,card,pending,4,2,52,0.0,1,0,True,False,HIGH,STOP_AND_ESCALATE,none,11.962,0
episode_04504,29900,CUSTOMER_AUTH_FAILURE,netbanking,pending,2,3,123,1.0,2,0,True,False,MEDIUM,REQUEST_CARD_UPDATE,none,38.962,0
episode_04505,29900,PAYMENT_METHOD_INVALID,unknown,pending,2,2,66,1.0,1,0,True,False,HIGH,WAIT_NATIVE_RETRY,none,26.568,1
episode_04506,29900,BANK_OR_NETWORK,card,halted,1,1,218,0.666667,3,0,False,False,HIGH,WAIT_NATIVE_RETRY,none,9.855,0
episode_04507,29900,TEMPORARY_FUNDS,card,pending,1,1,171,0.0,0,1,True,False,HIGH,SEND_NUDGE,none,13.174,1
episode_04508,69900,CUSTOMER_AUTH_FAILURE,card,pending,2,1,231,0.0,0,1,True,False,HIGH,SEND_NUDGE,none,36.077,1
episode_04509,69900,TEMPORARY_FUNDS,unknown,halted,2,2,48,0.333333,3,1,False,False,HIGH,REQUEST_CARD_UPDATE,none,8.953,0
episode_04510,29900,PAYMENT_METHOD_INVALID,card,pending,2,1,250,0.0,1,0,True,False,HIGH,STOP_AND_ESCALATE,none,70.885,0
episode_04511,69900,PAYMENT_METHOD_INVALID,card,pending,2,1,222,1.0,1,0,True,False,MEDIUM,SEND_NUDGE,none,8.508,1
episode_04512,69900,MANDATE_OR_AUTH_INVALID,card,halted,2,1,231,0.0,1,0,False,False,HIGH,REQUEST_CARD_UPDATE,none,28.827,0
episode_04513,29900,CUSTOMER_AUTH_FAILURE,card,pending,3,3,83,0.0,1,0,True,False,LOW,STOP_AND_ESCALATE,none,21.571,0
episode_04514,69900,TEMPORARY_FUNDS,upi,pending,1,3,82,1.0,2,2,True,True,HIGH,WAIT_NATIVE_RETRY,medium,15.553,1
episode_04515,69900,MANDATE_OR_AUTH_INVALID,card,pending,2,1,130,1.0,2,0,True,False,HIGH,SEND_NUDGE,none,29.934,0
episode_04516,149900,BANK_OR_NETWORK,netbanking,pending,3,1,63,1.0,2,0,True,True,MEDIUM,WAIT_NATIVE_RETRY,low,24.577,1
episode_04517,29900,BANK_OR_NETWORK,card,pending,1,3,255,0.0,1,0,True,False,HIGH,SEND_NUDGE,none,12.051,0
episode_04518,149900,PAYMENT_METHOD_INVALID,upi,pending,1,1,27,0.666667,3,2,True,False,LOW,SEND_NUDGE,none,38.123,0
episode_04519,149900,BANK_OR_NETWORK,upi,halted,1,3,85,0.0,2,0,False,True,HIGH,WAIT_NATIVE_RETRY,low,35.539,1
episode_04520,69900,BANK_OR_NETWORK,upi,pending,1,1,257,0.0,1,1,True,False,HIGH,WAIT_NATIVE_RETRY,none,20.922,1
episode_04521,29900,UNKNOWN,upi,pending,1,1,268,0.333333,3,0,True,False,LOW,REQUEST_CARD_UPDATE,none,44.788,0
episode_04522,69900,BANK_OR_NETWORK,card,pending,2,1,149,0.0,0,1,True,False,HIGH,WAIT_NATIVE_RETRY,none,30.287,0
episode_04523,69900,MANDATE_OR_AUTH_INVALID,card,halted,2,2,66,1.0,3,1,False,False,HIGH,WAIT_NATIVE_RETRY,none,24.631,0
episode_04524,29900,BANK_OR_NETWORK,emandate,pending,1,5,142,0.0,0,0,True,False,LOW,WAIT_NATIVE_RETRY,none,43.878,1
episode_04525,29900,CUSTOMER_AUTH_FAILURE,card,pending,1,2,340,0.5,2,3,True,False,HIGH,REQUEST_CARD_UPDATE,none,28.243,0
episode_04526,69900,PAYMENT_METHOD_INVALID,card,halted,2,2,61,0.333333,3,2,False,False,LOW,STOP_AND_ESCALATE,none,68.674,0
episode_04527,29900,PAYMENT_METHOD_INVALID,upi,pending,2,3,251,0.5,2,0,True,False,HIGH,WAIT_NATIVE_RETRY,none,35.826,1
episode_04528,149900,BANK_OR_NETWORK,emandate,halted,3,2,316,0.5,2,0,False,False,HIGH,STOP_AND_ESCALATE,none,38.639,0
episode_04529,29900,MANDATE_OR_AUTH_INVALID,card,pending,2,1,71,1.0,2,0,True,False,HIGH,REQUEST_CARD_UPDATE,none,25.677,0
episode_04530,29900,TEMPORARY_FUNDS,card,halted,3,3,270,0.0,0,1,False,False,MEDIUM,WAIT_NATIVE_RETRY,none,35.908,1
episode_04531,69900,BANK_OR_NETWORK,upi,pending,4,1,270,0.0,1,1,True,False,LOW,WAIT_NATIVE_RETRY,none,15.029,0
episode_04532,69900,MANDATE_OR_AUTH_INVALID,card,halted,1,1,261,0.0,1,0,False,False,HIGH,STOP_AND_ESCALATE,none,35.002,0
episode_04533,149900,PAYMENT_METHOD_INVALID,card,pending,2,2,181,0.0,2,3,True,False,MEDIUM,WAIT_NATIVE_RETRY,none,35.283,0
episode_04534,149900,TEMPORARY_FUNDS,upi,pending,1,1,24,0.5,2,2,True,False,HIGH,STOP_AND_ESCALATE,none,20.586,0
episode_04535,69900,TEMPORARY_FUNDS,upi,pending,4,2,199,0.333333,3,3,True,False,HIGH,STOP_AND_ESCALATE,none,44.587,0
episode_04536,149900,PAYMENT_METHOD_INVALID,upi,pending,2,3,402,0.5,4,0,True,False,MEDIUM,WAIT_NATIVE_RETRY,none,39.725,0
episode_04537,29900,MANDATE_OR_AUTH_INVALID,card,pending,1,3,169,0.0,2,0,True,False,HIGH,REQUEST_CARD_UPDATE,none,63.252,0
episode_04538,29900,UNKNOWN,card,pending,2,1,159,0.2,5,0,True,True,LOW,REQUEST_CARD_UPDATE,high,27.974,0
episode_04539,29900,TEMPORARY_FUNDS,card,pending,3,2,293,0.0,3,0,True,False,HIGH,WAIT_NATIVE_RETRY,none,19.351,1
episode_04540,69900,TEMPORARY_FUNDS,card,pending,3,1,116,0.0,1,0,True,False,HIGH,WAIT_NATIVE_RETRY,none,20.275,0
episode_04541,29900,TEMPORARY_FUNDS,upi,pending,2,2,302,0.5,2,1,True,False,HIGH,STOP_AND_ESCALATE,none,19.653,0
episode_04542,69900,PAYMENT_METHOD_INVALID,card,pending,1,1,306,0.0,0,2,True,False,HIGH,WAIT_NATIVE_RETRY,none,13.099,1
episode_04543,69900,MANDATE_OR_AUTH_INVALID,upi,pending,2,1,290,0.2,5,1,True,False,HIGH,SEND_NUDGE,none,40.542,1
episode_04544,29900,BANK_OR_NETWORK,upi,pending,1,5,196,0.0,3,3,True,False,HIGH,SEND_NUDGE,none,1.993,1
episode_04545,29900,PAYMENT_METHOD_INVALID,card,pending,2,2,170,0.666667,3,0,True,True,HIGH,STOP_AND_ESCALATE,high,22.246,1
episode_04546,29900,MANDATE_OR_AUTH_INVALID,upi,pending,1,2,52,0.5,2,1,True,False,MEDIUM,WAIT_NATIVE_RETRY,none,9.648,1
episode_04547,69900,MANDATE_OR_AUTH_INVALID,upi,pending,2,1,203,0.0,2,0,True,False,HIGH,REQUEST_CARD_UPDATE,none,14.011,0
episode_04548,149900,PAYMENT_METHOD_INVALID,emandate,pending,2,1,176,0.0,2,0,True,False,MEDIUM,SEND_NUDGE,none,45.892,0
episode_04549,29900,MANDATE_OR_AUTH_INVALID,upi,pending,2,3,200,0.0,1,1,True,False,HIGH,REQUEST_CARD_UPDATE,none,47.108,0
episode_04550,149900,MANDATE_OR_AUTH_INVALID,emandate,pending,2,1,219,0.0,1,0,True,False,HIGH,STOP_AND_ESCALATE,none,13.666,0
episode_04551,69900,UNKNOWN,emandate,halted,2,4,186,0.0,4,0,False,False,LOW,SEND_NUDGE,none,21.801,0
episode_04552,149900,MANDATE_OR_AUTH_INVALID,emandate,pending,4,1,253,1.0,1,0,True,False,HIGH,WAIT_NATIVE_RETRY,none,27.284,1
episode_04553,29900,TEMPORARY_FUNDS,emandate,pending,5,1,121,0.0,2,0,True,False,HIGH,SEND_NUDGE,none,6.423,1
episode_04554,29900,MANDATE_OR_AUTH_INVALID,card,halted,3,2,128,0.0,1,1,False,False,HIGH,SEND_NUDGE,none,26.181,0
episode_04555,69900,CUSTOMER_AUTH_FAILURE,emandate,halted,2,1,52,0.0,2,1,False,False,MEDIUM,WAIT_NATIVE_RETRY,none,9.81,0
episode_04556,69900,TEMPORARY_FUNDS,card,halted,3,2,248,0.0,4,0,False,False,LOW,WAIT_NATIVE_RETRY,none,89.269,1
episode_04557,69900,CUSTOMER_AUTH_FAILURE,card,pending,1,1,549,0.4,5,3,True,False,MEDIUM,SEND_NUDGE,none,18.161,0
episode_04558,69900,UNKNOWN,card,pending,3,2,141,1.0,1,0,True,False,LOW,REQUEST_CARD_UPDATE,none,14.732,0
episode_04559,29900,BANK_OR_NETWORK,card,halted,2,1,86,0.333333,3,3,False,False,HIGH,SEND_NUDGE,none,31.003,0
episode_04560,69900,TEMPORARY_FUNDS,card,halted,2,1,392,1.0,3,0,False,False,HIGH,STOP_AND_ESCALATE,none,17.48,1
episode_04561,149900,MANDATE_OR_AUTH_INVALID,upi,pending,2,2,191,1.0,1,0,True,False,HIGH,SEND_NUDGE,none,20.661,0
episode_04562,29900,CUSTOMER_AUTH_FAILURE,emandate,halted,4,1,27,1.0,3,0,False,False,HIGH,SEND_NUDGE,none,14.643,0
episode_04563,149900,MANDATE_OR_AUTH_INVALID,card,pending,3,2,199,1.0,1,1,True,False,HIGH,SEND_NUDGE,none,6.426,1
episode_04564,29900,MANDATE_OR_AUTH_INVALID,netbanking,halted,3,2,266,1.0,2,0,False,False,HIGH,REQUEST_CARD_UPDATE,none,21.465,1
episode_04565,29900,CUSTOMER_AUTH_FAILURE,emandate,pending,3,3,286,1.0,1,3,True,False,HIGH,SEND_NUDGE,none,30.627,1
episode_04566,149900,CUSTOMER_AUTH_FAILURE,card,pending,3,1,250,0.0,2,1,True,False,MEDIUM,SEND_NUDGE,none,52.232,1
episode_04567,29900,UNKNOWN,card,pending,1,1,97,1.0,2,0,True,False,LOW,SEND_NUDGE,none,25.919,1
episode_04568,149900,BANK_OR_NETWORK,unknown,halted,2,1,91,0.333333,3,1,False,False,MEDIUM,WAIT_NATIVE_RETRY,none,9.613,1
episode_04569,69900,TEMPORARY_FUNDS,upi,pending,1,1,93,0.5,2,3,True,True,HIGH,WAIT_NATIVE_RETRY,medium,32.488,1
episode_04570,29900,TEMPORARY_FUNDS,emandate,pending,4,3,154,0.0,1,0,True,False,MEDIUM,REQUEST_CARD_UPDATE,none,20.747,1
episode_04571,29900,PAYMENT_METHOD_INVALID,netbanking,pending,2,1,266,0.0,1,3,True,False,LOW,REQUEST_CARD_UPDATE,none,36.484,1
episode_04572,149900,TEMPORARY_FUNDS,card,pending,1,1,187,0.0,3,0,True,False,MEDIUM,SEND_NUDGE,none,4.444,0
episode_04573,69900,PAYMENT_METHOD_INVALID,netbanking,pending,2,1,185,1.0,2,1,True,False,HIGH,WAIT_NATIVE_RETRY,none,34.719,1
episode_04574,69900,BANK_OR_NETWORK,card,pending,4,1,146,1.0,2,0,True,False,HIGH,REQUEST_CARD_UPDATE,none,33.636,0
episode_04575,29900,BANK_OR_NETWORK,card,pending,1,1,41,0.0,3,0,True,False,HIGH,SEND_NUDGE,none,55.576,1
episode_04576,69900,BANK_OR_NETWORK,card,pending,1,1,230,0.5,2,1,True,True,HIGH,WAIT_NATIVE_RETRY,high,4.662,1
episode_04577,69900,PAYMENT_METHOD_INVALID,card,pending,1,1,329,0.333333,3,1,True,True,LOW,STOP_AND_ESCALATE,high,35.37,0
episode_04578,29900,TEMPORARY_FUNDS,emandate,pending,2,1,219,1.0,4,2,True,True,HIGH,SEND_NUDGE,medium,8.434,1
episode_04579,149900,CUSTOMER_AUTH_FAILURE,card,halted,2,2,112,1.0,2,0,False,False,HIGH,REQUEST_CARD_UPDATE,none,67.394,0
episode_04580,149900,BANK_OR_NETWORK,card,halted,2,2,137,0.5,2,0,False,False,HIGH,WAIT_NATIVE_RETRY,none,26.306,0
episode_04581,29900,PAYMENT_METHOD_INVALID,card,halted,2,2,167,0.0,0,2,False,False,HIGH,WAIT_NATIVE_RETRY,none,53.144,0
episode_04582,149900,CUSTOMER_AUTH_FAILURE,emandate,halted,1,2,100,0.0,2,0,False,False,HIGH,WAIT_NATIVE_RETRY,none,24.713,1
episode_04583,69900,MANDATE_OR_AUTH_INVALID,emandate,pending,2,1,134,0.0,3,0,True,False,MEDIUM,SEND_NUDGE,none,43.386,1
episode_04584,29900,CUSTOMER_AUTH_FAILURE,card,halted,3,2,88,0.0,3,1,False,False,HIGH,WAIT_NATIVE_RETRY,none,33.101,0
episode_04585,69900,UNKNOWN,netbanking,pending,1,1,163,1.0,2,3,True,False,LOW,SEND_NUDGE,none,34.735,0
episode_04586,69900,UNKNOWN,emandate,pending,1,3,174,0.5,4,2,True,False,HIGH,WAIT_NATIVE_RETRY,none,57.88,1
episode_04587,29900,UNKNOWN,card,pending,2,2,748,0.0,1,2,True,False,LOW,STOP_AND_ESCALATE,none,34.831,0
episode_04588,149900,CUSTOMER_AUTH_FAILURE,card,pending,2,3,114,0.5,4,1,True,False,HIGH,SEND_NUDGE,none,53.726,0
episode_04589,29900,CUSTOMER_AUTH_FAILURE,emandate,pending,2,1,301,0.75,4,0,True,False,LOW,REQUEST_CARD_UPDATE,none,19.732,1
episode_04590,69900,TEMPORARY_FUNDS,emandate,halted,3,4,154,0.0,1,0,False,False,HIGH,SEND_NUDGE,none,36.505,1
episode_04591,69900,TEMPORARY_FUNDS,card,pending,3,1,196,1.0,2,1,True,False,HIGH,REQUEST_CARD_UPDATE,none,8.046,1
episode_04592,29900,TEMPORARY_FUNDS,netbanking,pending,1,3,267,0.25,4,2,True,False,MEDIUM,REQUEST_CARD_UPDATE,none,4.384,1
episode_04593,29900,PAYMENT_METHOD_INVALID,upi,pending,1,1,181,0.5,2,0,True,False,MEDIUM,STOP_AND_ESCALATE,none,18.6,0
episode_04594,69900,CUSTOMER_AUTH_FAILURE,card,pending,4,1,115,0.0,1,0,True,False,MEDIUM,WAIT_NATIVE_RETRY,none,5.757,0
episode_04595,69900,CUSTOMER_AUTH_FAILURE,card,pending,1,1,325,0.25,4,2,True,False,HIGH,WAIT_NATIVE_RETRY,none,43.507,0
episode_04596,69900,BANK_OR_NETWORK,upi,pending,1,2,555,0.333333,3,0,True,False,MEDIUM,REQUEST_CARD_UPDATE,none,10.341,1
episode_04597,69900,BANK_OR_NETWORK,upi,pending,1,2,345,0.0,1,1,True,False,HIGH,STOP_AND_ESCALATE,none,68.375,0
episode_04598,29900,BANK_OR_NETWORK,card,halted,1,2,126,0.5,4,3,False,False,MEDIUM,SEND_NUDGE,none,14.111,0
episode_04599,29900,PAYMENT_METHOD_INVALID,upi,pending,2,3,160,0.5,2,0,True,False,HIGH,WAIT_NATIVE_RETRY,none,12.907,1
episode_04600,149900,TEMPORARY_FUNDS,card,pending,2,1,278,0.2,5,0,True,False,HIGH,WAIT_NATIVE_RETRY,none,6.9,1
episode_04601,69900,PAYMENT_METHOD_INVALID,card,pending,1,1,93,0.0,0,0,True,False,MEDIUM,STOP_AND_ESCALATE,none,50.505,0
episode_04602,29900,BANK_OR_NETWORK,card,pending,1,1,16,0.2,5,1,True,False,MEDIUM,SEND_NUDGE,none,31.094,0
episode_04603,29900,BANK_OR_NETWORK,card,pending,5,2,605,0.0,3,1,True,True,HIGH,STOP_AND_ESCALATE,low,41.759,0
episode_04604,29900,CUSTOMER_AUTH_FAILURE,card,pending,2,1,100,0.0,2,2,True,False,MEDIUM,WAIT_NATIVE_RETRY,none,28.532,0
episode_04605,29900,MANDATE_OR_AUTH_INVALID,upi,pending,3,2,59,0.4,5,1,True,False,HIGH,WAIT_NATIVE_RETRY,none,12.586,0
episode_04606,149900,CUSTOMER_AUTH_FAILURE,card,pending,2,1,81,0.0,1,0,True,False,MEDIUM,REQUEST_CARD_UPDATE,none,19.017,1
episode_04607,149900,BANK_OR_NETWORK,card,halted,2,1,285,1.0,4,0,False,False,MEDIUM,REQUEST_CARD_UPDATE,none,41.824,0
episode_04608,149900,TEMPORARY_FUNDS,card,pending,3,2,59,1.0,1,2,True,False,HIGH,STOP_AND_ESCALATE,none,29.882,1
episode_04609,149900,TEMPORARY_FUNDS,emandate,pending,3,1,175,1.0,1,0,True,False,MEDIUM,SEND_NUDGE,none,15.458,1
episode_04610,29900,BANK_OR_NETWORK,card,pending,1,1,189,0.0,1,0,True,False,MEDIUM,SEND_NUDGE,none,66.85,0
episode_04611,29900,CUSTOMER_AUTH_FAILURE,unknown,pending,1,1,165,0.0,3,1,True,False,HIGH,SEND_NUDGE,none,9.143,1
episode_04612,69900,MANDATE_OR_AUTH_INVALID,netbanking,pending,3,2,163,0.0,1,0,True,False,LOW,REQUEST_CARD_UPDATE,none,17.995,1
episode_04613,69900,TEMPORARY_FUNDS,upi,pending,1,1,224,0.0,1,1,True,False,HIGH,STOP_AND_ESCALATE,none,57.092,0
episode_04614,69900,PAYMENT_METHOD_INVALID,card,pending,3,1,314,1.0,2,1,True,False,MEDIUM,REQUEST_CARD_UPDATE,none,13.854,0
episode_04615,29900,MANDATE_OR_AUTH_INVALID,upi,pending,1,2,135,0.0,1,0,True,False,HIGH,SEND_NUDGE,none,12.65,0
episode_04616,29900,MANDATE_OR_AUTH_INVALID,upi,pending,4,2,350,0.0,3,0,True,False,HIGH,REQUEST_CARD_UPDATE,none,23.353,0
episode_04617,149900,BANK_OR_NETWORK,unknown,pending,2,1,83,0.5,2,0,True,False,LOW,STOP_AND_ESCALATE,none,27.065,0
episode_04618,29900,PAYMENT_METHOD_INVALID,card,pending,3,3,191,0.0,0,2,True,False,HIGH,STOP_AND_ESCALATE,none,59.0,0
episode_04619,149900,BANK_OR_NETWORK,upi,pending,1,1,308,0.428571,7,0,True,False,HIGH,STOP_AND_ESCALATE,none,32.625,0
episode_04620,29900,TEMPORARY_FUNDS,card,pending,2,1,81,0.333333,3,1,True,False,HIGH,REQUEST_CARD_UPDATE,none,20.79,0
episode_04621,149900,PAYMENT_METHOD_INVALID,card,pending,2,3,400,0.0,1,1,True,False,HIGH,WAIT_NATIVE_RETRY,none,35.908,0
episode_04622,69900,PAYMENT_METHOD_INVALID,upi,pending,6,1,116,0.666667,3,1,True,False,HIGH,SEND_NUDGE,none,17.496,0
episode_04623,29900,BANK_OR_NETWORK,emandate,halted,2,3,590,0.5,2,0,False,False,HIGH,REQUEST_CARD_UPDATE,none,106.089,1
episode_04624,69900,MANDATE_OR_AUTH_INVALID,upi,pending,1,1,55,0.5,4,3,True,False,HIGH,REQUEST_CARD_UPDATE,none,99.178,1
episode_04625,69900,BANK_OR_NETWORK,netbanking,pending,1,2,122,0.0,1,0,True,False,HIGH,STOP_AND_ESCALATE,none,21.728,0
episode_04626,149900,TEMPORARY_FUNDS,card,pending,3,4,341,0.4,5,0,True,False,HIGH,REQUEST_CARD_UPDATE,none,27.179,0
episode_04627,29900,UNKNOWN,upi,halted,2,2,412,0.5,2,1,False,False,MEDIUM,WAIT_NATIVE_RETRY,none,57.926,0
episode_04628,29900,PAYMENT_METHOD_INVALID,card,pending,5,2,292,0.0,0,0,True,True,HIGH,WAIT_NATIVE_RETRY,medium,66.544,0
episode_04629,69900,MANDATE_OR_AUTH_INVALID,card,pending,2,2,223,0.5,4,1,True,False,LOW,REQUEST_CARD_UPDATE,none,8.081,0
episode_04630,149900,UNKNOWN,card,pending,1,1,207,0.0,1,0,True,False,LOW,WAIT_NATIVE_RETRY,none,10.057,0
episode_04631,69900,PAYMENT_METHOD_INVALID,upi,pending,2,2,432,0.0,1,0,True,False,LOW,STOP_AND_ESCALATE,none,11.724,0
episode_04632,29900,TEMPORARY_FUNDS,card,pending,1,2,335,0.0,2,1,True,False,HIGH,WAIT_NATIVE_RETRY,none,35.446,0
episode_04633,29900,CUSTOMER_AUTH_FAILURE,netbanking,pending,1,1,131,1.0,2,1,True,False,MEDIUM,REQUEST_CARD_UPDATE,none,14.366,0
episode_04634,29900,BANK_OR_NETWORK,emandate,pending,1,2,295,0.5,2,0,True,False,HIGH,WAIT_NATIVE_RETRY,none,3.109,1
episode_04635,69900,MANDATE_OR_AUTH_INVALID,card,pending,4,2,87,0.0,0,0,True,False,HIGH,SEND_NUDGE,none,72.754,0
episode_04636,69900,PAYMENT_METHOD_INVALID,card,pending,2,2,150,1.0,1,1,True,False,HIGH,WAIT_NATIVE_RETRY,none,37.01,0
episode_04637,149900,CUSTOMER_AUTH_FAILURE,emandate,halted,3,2,152,0.5,2,0,False,True,HIGH,SEND_NUDGE,high,52.553,0
episode_04638,29900,TEMPORARY_FUNDS,card,pending,1,1,233,0.75,4,1,True,False,MEDIUM,SEND_NUDGE,none,25.248,1
episode_04639,69900,TEMPORARY_FUNDS,card,pending,4,2,298,0.0,0,0,True,False,HIGH,WAIT_NATIVE_RETRY,none,20.091,1
episode_04640,149900,CUSTOMER_AUTH_FAILURE,card,pending,2,2,144,0.666667,3,0,True,False,HIGH,WAIT_NATIVE_RETRY,none,88.313,0
episode_04641,149900,TEMPORARY_FUNDS,upi,halted,2,2,303,0.25,4,1,False,False,HIGH,WAIT_NATIVE_RETRY,none,18.992,0
episode_04642,69900,PAYMENT_METHOD_INVALID,card,pending,2,2,313,0.4,5,0,True,False,MEDIUM,WAIT_NATIVE_RETRY,none,20.096,0
episode_04643,69900,BANK_OR_NETWORK,upi,pending,1,2,485,0.0,2,2,True,True,HIGH,REQUEST_CARD_UPDATE,high,53.768,0
episode_04644,29900,MANDATE_OR_AUTH_INVALID,card,pending,3,1,121,0.0,1,1,True,False,HIGH,STOP_AND_ESCALATE,none,60.53,0
episode_04645,29900,BANK_OR_NETWORK,upi,halted,2,4,161,0.0,3,0,False,True,HIGH,WAIT_NATIVE_RETRY,low,26.477,1
episode_04646,69900,BANK_OR_NETWORK,upi,pending,1,2,52,0.5,2,1,True,False,LOW,STOP_AND_ESCALATE,none,56.674,1
episode_04647,69900,MANDATE_OR_AUTH_INVALID,card,pending,2,1,115,1.0,1,0,True,True,HIGH,REQUEST_CARD_UPDATE,medium,29.24,1
episode_04648,29900,PAYMENT_METHOD_INVALID,card,pending,1,3,177,0.0,0,3,True,False,HIGH,WAIT_NATIVE_RETRY,none,7.965,1
episode_04649,29900,PAYMENT_METHOD_INVALID,card,pending,1,2,228,0.0,2,0,True,False,HIGH,REQUEST_CARD_UPDATE,none,15.489,1
episode_04650,29900,TEMPORARY_FUNDS,emandate,halted,4,2,80,1.0,1,1,False,False,LOW,REQUEST_CARD_UPDATE,none,9.666,0
episode_04651,69900,UNKNOWN,netbanking,pending,2,3,742,1.0,1,2,True,False,LOW,REQUEST_CARD_UPDATE,none,3.226,0
episode_04652,29900,UNKNOWN,emandate,pending,4,2,77,0.0,2,0,True,False,MEDIUM,SEND_NUDGE,none,60.212,0
episode_04653,69900,UNKNOWN,netbanking,pending,1,2,147,1.0,1,0,True,False,LOW,WAIT_NATIVE_RETRY,none,73.522,1
episode_04654,69900,PAYMENT_METHOD_INVALID,upi,pending,1,2,246,0.0,2,1,True,False,HIGH,SEND_NUDGE,none,52.436,1
episode_04655,29900,UNKNOWN,card,pending,3,1,222,0.5,2,2,True,False,LOW,WAIT_NATIVE_RETRY,none,34.918,1
episode_04656,29900,MANDATE_OR_AUTH_INVALID,upi,halted,2,1,51,1.0,1,0,False,True,HIGH,REQUEST_CARD_UPDATE,high,23.321,1
episode_04657,69900,CUSTOMER_AUTH_FAILURE,card,pending,4,2,91,0.5,2,0,True,True,HIGH,REQUEST_CARD_UPDATE,medium,113.921,1
episode_04658,149900,PAYMENT_METHOD_INVALID,unknown,pending,2,2,89,0.75,4,0,True,False,HIGH,SEND_NUDGE,none,15.657,1
episode_04659,29900,TEMPORARY_FUNDS,card,pending,2,4,88,0.0,2,0,True,False,HIGH,WAIT_NATIVE_RETRY,none,7.023,0
episode_04660,69900,BANK_OR_NETWORK,emandate,pending,2,1,122,0.0,3,0,True,False,HIGH,STOP_AND_ESCALATE,none,82.039,0
episode_04661,29900,BANK_OR_NETWORK,card,pending,2,1,195,0.0,1,2,True,False,MEDIUM,REQUEST_CARD_UPDATE,none,13.455,0
episode_04662,29900,TEMPORARY_FUNDS,upi,pending,1,2,123,0.0,2,1,True,False,HIGH,STOP_AND_ESCALATE,none,25.419,0
episode_04663,69900,UNKNOWN,emandate,pending,2,3,235,0.0,0,0,True,False,MEDIUM,SEND_NUDGE,none,4.0,0
episode_04664,69900,CUSTOMER_AUTH_FAILURE,card,halted,3,3,475,0.0,0,1,False,False,HIGH,WAIT_NATIVE_RETRY,none,49.976,0
episode_04665,69900,PAYMENT_METHOD_INVALID,card,pending,1,1,325,0.5,2,0,True,False,LOW,REQUEST_CARD_UPDATE,none,28.019,1
episode_04666,29900,PAYMENT_METHOD_INVALID,card,halted,1,2,67,0.0,1,2,False,False,HIGH,SEND_NUDGE,none,9.229,0
episode_04667,29900,CUSTOMER_AUTH_FAILURE,card,pending,3,1,107,0.0,0,1,True,False,MEDIUM,WAIT_NATIVE_RETRY,none,34.737,1
episode_04668,29900,TEMPORARY_FUNDS,upi,pending,1,1,236,0.5,2,2,True,False,HIGH,SEND_NUDGE,none,53.497,0
episode_04669,29900,UNKNOWN,card,pending,2,3,312,0.0,3,0,True,False,LOW,WAIT_NATIVE_RETRY,none,14.773,0
episode_04670,69900,UNKNOWN,card,pending,4,4,127,0.5,2,2,True,False,LOW,REQUEST_CARD_UPDATE,none,48.491,1
episode_04671,69900,TEMPORARY_FUNDS,unknown,pending,4,1,170,0.333333,3,0,True,False,HIGH,REQUEST_CARD_UPDATE,none,55.975,0
episode_04672,29900,UNKNOWN,upi,pending,3,1,358,0.0,1,0,True,False,MEDIUM,REQUEST_CARD_UPDATE,none,34.902,0
episode_04673,29900,PAYMENT_METHOD_INVALID,card,pending,3,2,472,0.5,2,0,True,False,HIGH,REQUEST_CARD_UPDATE,none,8.841,1
episode_04674,29900,TEMPORARY_FUNDS,upi,pending,3,1,174,0.5,2,0,True,False,MEDIUM,SEND_NUDGE,none,17.248,0
episode_04675,69900,MANDATE_OR_AUTH_INVALID,card,pending,2,3,139,1.0,1,0,True,False,HIGH,WAIT_NATIVE_RETRY,none,26.029,1
episode_04676,29900,TEMPORARY_FUNDS,card,pending,1,2,142,0.0,0,0,True,False,HIGH,WAIT_NATIVE_RETRY,none,130.387,1
episode_04677,69900,BANK_OR_NETWORK,netbanking,halted,2,2,471,0.0,0,0,False,True,HIGH,WAIT_NATIVE_RETRY,low,38.982,1
episode_04678,29900,BANK_OR_NETWORK,upi,pending,4,1,89,0.0,0,0,True,False,MEDIUM,WAIT_NATIVE_RETRY,none,71.308,1
episode_04679,149900,MANDATE_OR_AUTH_INVALID,card,halted,3,2,164,0.333333,3,2,False,False,HIGH,WAIT_NATIVE_RETRY,none,31.646,0
episode_04680,69900,BANK_OR_NETWORK,card,pending,3,1,68,0.6,5,1,True,False,HIGH,STOP_AND_ESCALATE,none,52.688,1
episode_04681,69900,BANK_OR_NETWORK,card,pending,3,1,158,0.666667,3,0,True,True,HIGH,WAIT_NATIVE_RETRY,low,42.062,1
episode_04682,69900,TEMPORARY_FUNDS,card,pending,1,1,392,0.0,1,0,True,False,HIGH,REQUEST_CARD_UPDATE,none,38.975,0
episode_04683,29900,CUSTOMER_AUTH_FAILURE,emandate,halted,1,1,217,0.0,1,2,False,False,HIGH,REQUEST_CARD_UPDATE,none,8.821,1
episode_04684,149900,UNKNOWN,card,halted,2,1,91,0.25,4,1,False,False,LOW,STOP_AND_ESCALATE,none,34.341,1
episode_04685,29900,MANDATE_OR_AUTH_INVALID,card,pending,1,1,235,0.0,4,0,True,False,HIGH,SEND_NUDGE,none,12.769,0
episode_04686,149900,PAYMENT_METHOD_INVALID,emandate,pending,3,2,253,0.5,2,0,True,False,HIGH,WAIT_NATIVE_RETRY,none,28.767,1
episode_04687,29900,TEMPORARY_FUNDS,emandate,pending,3,3,182,0.333333,3,1,True,False,HIGH,WAIT_NATIVE_RETRY,none,11.746,1
episode_04688,29900,PAYMENT_METHOD_INVALID,emandate,pending,2,3,223,0.2,5,0,True,False,MEDIUM,WAIT_NATIVE_RETRY,none,42.547,0
episode_04689,69900,TEMPORARY_FUNDS,card,halted,2,1,280,0.0,1,1,False,False,MEDIUM,WAIT_NATIVE_RETRY,none,8.807,0
episode_04690,149900,BANK_OR_NETWORK,emandate,pending,1,2,441,0.0,2,0,True,False,HIGH,REQUEST_CARD_UPDATE,none,25.607,0
episode_04691,29900,CUSTOMER_AUTH_FAILURE,unknown,pending,4,1,222,1.0,2,2,True,False,LOW,REQUEST_CARD_UPDATE,none,9.404,1
episode_04692,29900,TEMPORARY_FUNDS,upi,pending,2,3,161,0.0,0,2,True,False,HIGH,STOP_AND_ESCALATE,none,56.406,0
episode_04693,29900,MANDATE_OR_AUTH_INVALID,card,pending,2,2,468,0.0,2,3,True,False,HIGH,REQUEST_CARD_UPDATE,none,52.319,1
episode_04694,29900,MANDATE_OR_AUTH_INVALID,netbanking,pending,4,2,201,0.333333,3,0,True,False,MEDIUM,SEND_NUDGE,none,1.182,1
episode_04695,69900,CUSTOMER_AUTH_FAILURE,emandate,halted,1,2,549,0.5,2,0,False,False,HIGH,SEND_NUDGE,none,40.67,1
episode_04696,69900,PAYMENT_METHOD_INVALID,card,pending,2,1,77,0.0,3,0,True,False,MEDIUM,SEND_NUDGE,none,43.793,0
episode_04697,69900,MANDATE_OR_AUTH_INVALID,netbanking,pending,1,2,436,0.6,5,0,True,False,HIGH,SEND_NUDGE,none,6.055,1
episode_04698,69900,CUSTOMER_AUTH_FAILURE,emandate,halted,3,1,174,0.5,2,1,False,False,HIGH,REQUEST_CARD_UPDATE,none,35.844,0
episode_04699,29900,MANDATE_OR_AUTH_INVALID,unknown,halted,1,1,286,0.0,0,0,False,False,HIGH,WAIT_NATIVE_RETRY,none,31.17,0
episode_04700,69900,UNKNOWN,card,pending,3,4,281,0.0,0,2,True,False,LOW,REQUEST_CARD_UPDATE,none,53.736,0
episode_04701,29900,CUSTOMER_AUTH_FAILURE,card,pending,2,1,195,1.0,1,1,True,False,MEDIUM,STOP_AND_ESCALATE,none,9.767,1
episode_04702,69900,PAYMENT_METHOD_INVALID,upi,pending,1,3,105,0.0,2,0,True,False,HIGH,WAIT_NATIVE_RETRY,none,57.741,1
episode_04703,29900,PAYMENT_METHOD_INVALID,card,halted,2,1,629,0.0,2,0,False,False,LOW,STOP_AND_ESCALATE,none,41.289,0
episode_04704,29900,TEMPORARY_FUNDS,upi,pending,4,1,378,0.0,1,2,True,False,LOW,SEND_NUDGE,none,53.171,0
episode_04705,69900,MANDATE_OR_AUTH_INVALID,card,halted,2,3,162,0.0,0,1,False,True,HIGH,WAIT_NATIVE_RETRY,medium,39.017,0
episode_04706,69900,PAYMENT_METHOD_INVALID,card,pending,2,1,117,0.5,2,0,True,False,LOW,SEND_NUDGE,none,15.727,0
episode_04707,29900,UNKNOWN,upi,halted,2,2,343,0.333333,3,0,False,False,LOW,REQUEST_CARD_UPDATE,none,21.509,1
episode_04708,29900,BANK_OR_NETWORK,netbanking,pending,2,2,140,0.0,0,0,True,False,HIGH,WAIT_NATIVE_RETRY,none,63.428,1
episode_04709,29900,UNKNOWN,card,halted,2,1,439,0.666667,3,2,False,False,LOW,STOP_AND_ESCALATE,none,123.591,0
episode_04710,29900,UNKNOWN,card,pending,3,1,356,0.0,1,3,True,False,LOW,STOP_AND_ESCALATE,none,74.107,0
episode_04711,69900,TEMPORARY_FUNDS,card,pending,2,3,247,0.5,4,0,True,False,HIGH,REQUEST_CARD_UPDATE,none,15.646,0
episode_04712,29900,TEMPORARY_FUNDS,netbanking,pending,2,1,212,0.75,4,0,True,False,HIGH,REQUEST_CARD_UPDATE,none,14.07,0
episode_04713,29900,TEMPORARY_FUNDS,card,pending,3,4,138,0.666667,6,0,True,False,HIGH,SEND_NUDGE,none,69.944,1
episode_04714,29900,TEMPORARY_FUNDS,netbanking,pending,1,1,79,0.0,2,1,True,False,HIGH,SEND_NUDGE,none,14.519,1
episode_04715,149900,BANK_OR_NETWORK,netbanking,pending,3,1,88,1.0,1,0,True,True,HIGH,REQUEST_CARD_UPDATE,medium,15.826,1
episode_04716,29900,TEMPORARY_FUNDS,card,pending,3,2,125,1.0,2,0,True,False,HIGH,SEND_NUDGE,none,4.173,1
episode_04717,29900,MANDATE_OR_AUTH_INVALID,card,halted,4,3,349,0.0,2,1,False,False,HIGH,SEND_NUDGE,none,55.372,0
episode_04718,69900,CUSTOMER_AUTH_FAILURE,card,pending,2,2,328,1.0,1,0,True,False,MEDIUM,WAIT_NATIVE_RETRY,none,35.532,0
episode_04719,69900,TEMPORARY_FUNDS,card,pending,4,2,191,1.0,1,2,True,False,HIGH,REQUEST_CARD_UPDATE,none,36.43,0
episode_04720,69900,PAYMENT_METHOD_INVALID,card,pending,1,1,214,0.5,4,0,True,False,MEDIUM,WAIT_NATIVE_RETRY,none,17.681,1
episode_04721,29900,BANK_OR_NETWORK,upi,pending,4,1,126,0.0,0,0,True,True,MEDIUM,STOP_AND_ESCALATE,low,62.968,0
episode_04722,29900,PAYMENT_METHOD_INVALID,unknown,halted,2,3,53,0.0,0,2,False,False,HIGH,SEND_NUDGE,none,99.993,1
episode_04723,69900,PAYMENT_METHOD_INVALID,card,pending,2,1,122,0.5,2,2,True,False,HIGH,REQUEST_CARD_UPDATE,none,28.263,1
episode_04724,69900,PAYMENT_METHOD_INVALID,card,halted,1,1,67,1.0,1,0,False,False,HIGH,WAIT_NATIVE_RETRY,none,2.106,0
episode_04725,29900,CUSTOMER_AUTH_FAILURE,card,halted,1,1,91,0.666667,3,3,False,False,LOW,REQUEST_CARD_UPDATE,none,29.618,0
episode_04726,69900,CUSTOMER_AUTH_FAILURE,card,pending,2,1,213,0.166667,6,1,True,False,HIGH,SEND_NUDGE,none,28.567,0
episode_04727,29900,PAYMENT_METHOD_INVALID,unknown,pending,3,1,183,1.0,1,0,True,False,HIGH,STOP_AND_ESCALATE,none,16.945,1
episode_04728,69900,TEMPORARY_FUNDS,card,pending,3,1,52,1.0,1,1,True,False,HIGH,WAIT_NATIVE_RETRY,none,6.915,1
episode_04729,29900,MANDATE_OR_AUTH_INVALID,upi,pending,1,3,224,0.0,3,0,True,False,MEDIUM,REQUEST_CARD_UPDATE,none,19.989,0
episode_04730,69900,CUSTOMER_AUTH_FAILURE,emandate,halted,2,1,326,0.5,2,1,False,False,HIGH,REQUEST_CARD_UPDATE,none,38.142,1
episode_04731,69900,MANDATE_OR_AUTH_INVALID,upi,pending,1,1,81,0.0,2,0,True,False,HIGH,WAIT_NATIVE_RETRY,none,17.223,0
episode_04732,29900,TEMPORARY_FUNDS,emandate,pending,3,2,243,0.5,2,0,True,False,MEDIUM,SEND_NUDGE,none,75.834,1
episode_04733,69900,CUSTOMER_AUTH_FAILURE,card,pending,3,1,354,1.0,1,0,True,False,MEDIUM,SEND_NUDGE,none,86.017,1
episode_04734,29900,UNKNOWN,upi,pending,1,2,77,0.0,2,2,True,False,LOW,REQUEST_CARD_UPDATE,none,20.503,1
episode_04735,69900,TEMPORARY_FUNDS,upi,pending,2,1,78,0.0,2,0,True,False,HIGH,WAIT_NATIVE_RETRY,none,98.957,0
episode_04736,29900,TEMPORARY_FUNDS,card,pending,1,1,196,0.0,3,3,True,False,HIGH,WAIT_NATIVE_RETRY,none,15.076,1
episode_04737,149900,TEMPORARY_FUNDS,card,pending,2,4,157,0.75,4,0,True,False,HIGH,SEND_NUDGE,none,28.605,1
episode_04738,69900,UNKNOWN,card,pending,3,3,338,0.5,2,1,True,False,MEDIUM,SEND_NUDGE,none,12.812,0
episode_04739,149900,UNKNOWN,upi,pending,1,1,101,0.2,5,1,True,False,LOW,STOP_AND_ESCALATE,none,11.206,0
episode_04740,149900,MANDATE_OR_AUTH_INVALID,card,pending,1,2,299,0.0,2,0,True,False,LOW,SEND_NUDGE,none,42.141,0
episode_04741,29900,BANK_OR_NETWORK,card,pending,2,1,140,0.2,5,0,True,False,LOW,SEND_NUDGE,none,7.922,1
episode_04742,29900,PAYMENT_METHOD_INVALID,card,pending,2,1,173,0.0,4,2,True,False,MEDIUM,REQUEST_CARD_UPDATE,none,34.515,0
episode_04743,29900,BANK_OR_NETWORK,card,pending,1,2,184,0.5,2,0,True,True,MEDIUM,SEND_NUDGE,medium,38.378,1
episode_04744,149900,TEMPORARY_FUNDS,card,pending,2,2,85,0.666667,3,1,True,True,MEDIUM,STOP_AND_ESCALATE,medium,9.804,1
episode_04745,29900,TEMPORARY_FUNDS,upi,pending,3,2,415,0.5,2,1,True,False,HIGH,SEND_NUDGE,none,34.202,0
episode_04746,69900,CUSTOMER_AUTH_FAILURE,card,pending,3,1,194,1.0,3,1,True,False,MEDIUM,STOP_AND_ESCALATE,none,11.512,0
episode_04747,69900,TEMPORARY_FUNDS,card,pending,4,2,49,0.0,1,0,True,False,HIGH,WAIT_NATIVE_RETRY,none,20.132,1
episode_04748,29900,TEMPORARY_FUNDS,card,pending,1,2,14,0.333333,3,2,True,False,HIGH,REQUEST_CARD_UPDATE,none,5.373,0
episode_04749,29900,TEMPORARY_FUNDS,upi,pending,2,2,126,0.666667,3,0,True,False,HIGH,STOP_AND_ESCALATE,none,53.721,1
episode_04750,149900,PAYMENT_METHOD_INVALID,card,pending,1,4,374,0.0,1,1,True,False,LOW,WAIT_NATIVE_RETRY,none,37.689,0
episode_04751,149900,UNKNOWN,card,pending,1,1,136,1.0,1,0,True,False,MEDIUM,WAIT_NATIVE_RETRY,none,20.186,0
episode_04752,69900,PAYMENT_METHOD_INVALID,card,pending,4,2,136,0.333333,3,2,True,True,HIGH,REQUEST_CARD_UPDATE,high,8.817,0
episode_04753,29900,TEMPORARY_FUNDS,upi,pending,2,3,407,0.0,1,0,True,False,LOW,REQUEST_CARD_UPDATE,none,21.812,0
episode_04754,149900,BANK_OR_NETWORK,card,halted,1,2,132,0.666667,6,1,False,False,HIGH,WAIT_NATIVE_RETRY,none,3.596,0
episode_04755,69900,BANK_OR_NETWORK,netbanking,pending,2,4,153,1.0,2,0,True,False,HIGH,SEND_NUDGE,none,9.211,1
episode_04756,149900,PAYMENT_METHOD_INVALID,emandate,pending,1,4,169,0.5,2,0,True,False,MEDIUM,REQUEST_CARD_UPDATE,none,48.018,0
episode_04757,29900,UNKNOWN,netbanking,pending,3,3,291,0.5,2,0,True,False,LOW,REQUEST_CARD_UPDATE,none,9.382,0
episode_04758,69900,BANK_OR_NETWORK,card,pending,2,2,273,0.6,5,3,True,True,MEDIUM,WAIT_NATIVE_RETRY,medium,19.046,1
episode_04759,69900,TEMPORARY_FUNDS,card,halted,1,2,217,0.0,2,0,False,True,HIGH,WAIT_NATIVE_RETRY,medium,1.451,1
episode_04760,29900,CUSTOMER_AUTH_FAILURE,netbanking,pending,2,3,297,0.25,4,0,True,False,HIGH,SEND_NUDGE,none,31.002,1
episode_04761,69900,TEMPORARY_FUNDS,unknown,pending,2,2,239,1.0,2,0,True,False,HIGH,STOP_AND_ESCALATE,none,23.558,1
episode_04762,29900,TEMPORARY_FUNDS,card,pending,4,1,112,0.0,1,1,True,False,HIGH,STOP_AND_ESCALATE,none,22.236,0
episode_04763,69900,TEMPORARY_FUNDS,card,pending,2,3,146,0.333333,3,2,True,False,HIGH,SEND_NUDGE,none,28.866,0
episode_04764,69900,BANK_OR_NETWORK,card,pending,1,2,123,0.5,2,2,True,False,HIGH,WAIT_NATIVE_RETRY,none,13.475,1
episode_04765,29900,UNKNOWN,card,pending,1,3,271,0.0,2,0,True,False,LOW,WAIT_NATIVE_RETRY,none,44.756,0
episode_04766,29900,BANK_OR_NETWORK,card,pending,3,1,252,0.0,0,1,True,False,HIGH,SEND_NUDGE,none,11.571,0
episode_04767,29900,TEMPORARY_FUNDS,card,pending,3,1,237,0.0,3,2,True,False,HIGH,REQUEST_CARD_UPDATE,none,25.451,1
episode_04768,29900,TEMPORARY_FUNDS,upi,halted,1,1,208,1.0,2,0,False,False,HIGH,REQUEST_CARD_UPDATE,none,13.361,1
episode_04769,69900,TEMPORARY_FUNDS,upi,halted,3,1,99,0.0,1,0,False,False,HIGH,STOP_AND_ESCALATE,none,27.335,0
episode_04770,69900,TEMPORARY_FUNDS,card,pending,1,4,91,1.0,1,1,True,False,HIGH,WAIT_NATIVE_RETRY,none,84.323,1
episode_04771,29900,UNKNOWN,upi,pending,3,3,365,1.0,1,1,True,False,HIGH,REQUEST_CARD_UPDATE,none,7.438,1
episode_04772,69900,UNKNOWN,upi,pending,1,2,96,1.0,1,0,True,False,LOW,REQUEST_CARD_UPDATE,none,37.803,1
episode_04773,149900,PAYMENT_METHOD_INVALID,netbanking,pending,1,3,244,0.0,1,1,True,False,LOW,STOP_AND_ESCALATE,none,37.442,0
episode_04774,29900,MANDATE_OR_AUTH_INVALID,netbanking,halted,2,1,50,0.0,1,2,False,False,MEDIUM,SEND_NUDGE,none,13.547,0
episode_04775,149900,TEMPORARY_FUNDS,upi,pending,1,1,157,0.666667,3,1,True,False,HIGH,REQUEST_CARD_UPDATE,none,72.485,1
episode_04776,29900,PAYMENT_METHOD_INVALID,card,pending,3,2,89,0.25,4,0,True,False,MEDIUM,STOP_AND_ESCALATE,none,49.207,0
episode_04777,29900,BANK_OR_NETWORK,card,pending,1,1,50,0.333333,3,1,True,False,HIGH,STOP_AND_ESCALATE,none,35.055,0
episode_04778,69900,BANK_OR_NETWORK,card,pending,1,1,147,0.0,0,0,True,False,HIGH,SEND_NUDGE,none,6.335,0
episode_04779,29900,PAYMENT_METHOD_INVALID,card,pending,2,2,65,1.0,1,1,True,True,HIGH,REQUEST_CARD_UPDATE,high,2.999,0
episode_04780,69900,BANK_OR_NETWORK,card,pending,5,1,82,0.0,0,0,True,False,MEDIUM,WAIT_NATIVE_RETRY,none,18.727,0
episode_04781,29900,UNKNOWN,emandate,pending,3,3,227,0.5,2,2,True,False,LOW,REQUEST_CARD_UPDATE,none,14.277,1
episode_04782,29900,PAYMENT_METHOD_INVALID,card,pending,3,1,87,0.0,3,1,True,False,HIGH,STOP_AND_ESCALATE,none,9.722,0
episode_04783,29900,MANDATE_OR_AUTH_INVALID,upi,pending,3,3,27,0.0,3,1,True,False,HIGH,WAIT_NATIVE_RETRY,none,43.229,0
episode_04784,29900,PAYMENT_METHOD_INVALID,upi,pending,2,5,112,1.0,1,1,True,False,LOW,SEND_NUDGE,none,60.381,0
episode_04785,69900,BANK_OR_NETWORK,card,pending,2,1,186,0.333333,3,0,True,False,LOW,REQUEST_CARD_UPDATE,none,7.651,0
episode_04786,29900,TEMPORARY_FUNDS,emandate,pending,3,2,262,0.333333,3,2,True,False,HIGH,REQUEST_CARD_UPDATE,none,14.141,1
episode_04787,69900,TEMPORARY_FUNDS,upi,pending,2,2,141,1.0,1,0,True,False,HIGH,STOP_AND_ESCALATE,none,11.152,0
episode_04788,69900,BANK_OR_NETWORK,card,halted,2,1,238,0.0,1,0,False,False,LOW,SEND_NUDGE,none,69.198,0
episode_04789,149900,CUSTOMER_AUTH_FAILURE,emandate,halted,1,4,210,0.0,1,0,False,False,MEDIUM,STOP_AND_ESCALATE,none,7.741,0
episode_04790,29900,UNKNOWN,card,pending,2,1,131,0.333333,3,1,True,False,MEDIUM,STOP_AND_ESCALATE,none,93.608,0
episode_04791,29900,TEMPORARY_FUNDS,upi,pending,1,1,123,0.4,5,1,True,False,MEDIUM,STOP_AND_ESCALATE,none,25.566,0
episode_04792,29900,MANDATE_OR_AUTH_INVALID,upi,halted,2,1,119,0.0,1,2,False,False,HIGH,WAIT_NATIVE_RETRY,none,6.452,0
episode_04793,29900,TEMPORARY_FUNDS,upi,pending,4,3,187,0.0,2,0,True,True,HIGH,WAIT_NATIVE_RETRY,low,35.675,1
episode_04794,69900,CUSTOMER_AUTH_FAILURE,card,pending,1,1,171,0.0,0,0,True,False,HIGH,WAIT_NATIVE_RETRY,none,44.373,0
episode_04795,149900,MANDATE_OR_AUTH_INVALID,card,halted,4,2,61,0.0,2,0,False,False,HIGH,SEND_NUDGE,none,123.233,0
episode_04796,29900,BANK_OR_NETWORK,upi,pending,2,4,176,0.0,0,2,True,False,MEDIUM,SEND_NUDGE,none,55.38,0
episode_04797,149900,CUSTOMER_AUTH_FAILURE,card,halted,3,2,222,0.0,2,0,False,False,HIGH,SEND_NUDGE,none,56.222,1
episode_04798,69900,PAYMENT_METHOD_INVALID,card,pending,2,1,168,0.333333,3,1,True,False,HIGH,REQUEST_CARD_UPDATE,none,10.132,1
episode_04799,69900,PAYMENT_METHOD_INVALID,upi,pending,1,1,69,0.0,2,1,True,False,HIGH,REQUEST_CARD_UPDATE,none,10.081,1
episode_04800,29900,BANK_OR_NETWORK,netbanking,pending,3,1,201,0.25,4,1,True,False,LOW,WAIT_NATIVE_RETRY,none,35.361,1
episode_04801,149900,MANDATE_OR_AUTH_INVALID,upi,pending,2,1,360,0.0,1,0,True,True,HIGH,SEND_NUDGE,high,28.852,0
episode_04802,149900,PAYMENT_METHOD_INVALID,card,pending,2,1,35,0.0,1,0,True,False,MEDIUM,SEND_NUDGE,none,14.054,0
episode_04803,29900,PAYMENT_METHOD_INVALID,emandate,pending,1,2,147,0.0,0,0,True,False,MEDIUM,STOP_AND_ESCALATE,none,22.759,0
episode_04804,69900,CUSTOMER_AUTH_FAILURE,unknown,halted,2,2,53,0.666667,3,0,False,False,HIGH,STOP_AND_ESCALATE,none,13.565,0
episode_04805,149900,TEMPORARY_FUNDS,netbanking,pending,2,2,105,1.0,4,1,True,False,MEDIUM,REQUEST_CARD_UPDATE,none,48.883,1
episode_04806,29900,BANK_OR_NETWORK,card,pending,2,3,30,0.0,0,0,True,False,HIGH,SEND_NUDGE,none,18.07,1
episode_04807,29900,TEMPORARY_FUNDS,card,halted,3,2,3,0.0,3,0,False,False,MEDIUM,SEND_NUDGE,none,5.09,1
episode_04808,69900,TEMPORARY_FUNDS,upi,pending,3,2,50,1.0,1,2,True,False,HIGH,SEND_NUDGE,none,63.768,1
episode_04809,29900,BANK_OR_NETWORK,card,halted,2,1,131,0.0,2,1,False,False,HIGH,SEND_NUDGE,none,96.893,0
episode_04810,149900,BANK_OR_NETWORK,card,pending,2,3,42,0.6,5,1,True,False,HIGH,SEND_NUDGE,none,2.815,0
episode_04811,149900,UNKNOWN,upi,pending,2,2,254,0.5,2,0,True,False,MEDIUM,REQUEST_CARD_UPDATE,none,4.506,0
episode_04812,29900,CUSTOMER_AUTH_FAILURE,upi,halted,2,2,113,0.0,1,0,False,False,LOW,STOP_AND_ESCALATE,none,43.957,1
episode_04813,149900,TEMPORARY_FUNDS,upi,pending,2,2,57,0.5,2,0,True,False,HIGH,SEND_NUDGE,none,63.838,1
episode_04814,69900,BANK_OR_NETWORK,card,pending,1,1,158,0.0,1,1,True,False,HIGH,SEND_NUDGE,none,64.546,0
episode_04815,69900,UNKNOWN,card,pending,2,1,183,0.0,1,1,True,False,LOW,STOP_AND_ESCALATE,none,5.869,0
episode_04816,69900,TEMPORARY_FUNDS,card,pending,2,2,155,1.0,1,0,True,False,HIGH,WAIT_NATIVE_RETRY,none,77.077,0
episode_04817,29900,UNKNOWN,card,pending,1,2,459,0.666667,3,0,True,False,MEDIUM,REQUEST_CARD_UPDATE,none,9.378,1
episode_04818,69900,TEMPORARY_FUNDS,emandate,pending,1,2,154,0.0,4,0,True,False,HIGH,WAIT_NATIVE_RETRY,none,9.564,0
episode_04819,69900,MANDATE_OR_AUTH_INVALID,card,pending,2,2,152,0.666667,3,0,True,False,MEDIUM,SEND_NUDGE,none,2.857,0
episode_04820,69900,CUSTOMER_AUTH_FAILURE,netbanking,pending,2,1,189,0.333333,3,0,True,False,HIGH,REQUEST_CARD_UPDATE,none,29.259,0
episode_04821,69900,TEMPORARY_FUNDS,card,halted,2,2,623,1.0,1,0,False,True,LOW,WAIT_NATIVE_RETRY,low,62.393,0
episode_04822,29900,PAYMENT_METHOD_INVALID,card,pending,3,1,221,1.0,1,0,True,False,HIGH,REQUEST_CARD_UPDATE,none,53.694,1
episode_04823,69900,TEMPORARY_FUNDS,emandate,pending,1,1,83,0.0,0,0,True,False,MEDIUM,SEND_NUDGE,none,24.003,0
episode_04824,69900,TEMPORARY_FUNDS,card,pending,1,2,72,1.0,1,0,True,False,HIGH,WAIT_NATIVE_RETRY,none,5.892,1
episode_04825,69900,PAYMENT_METHOD_INVALID,card,pending,2,2,324,0.666667,3,0,True,False,HIGH,SEND_NUDGE,none,3.835,1
episode_04826,69900,TEMPORARY_FUNDS,upi,pending,1,4,41,1.0,1,2,True,False,HIGH,WAIT_NATIVE_RETRY,none,13.767,1
episode_04827,29900,TEMPORARY_FUNDS,upi,pending,2,2,70,0.0,2,1,True,False,MEDIUM,REQUEST_CARD_UPDATE,none,5.451,1
episode_04828,69900,BANK_OR_NETWORK,card,halted,3,1,152,0.0,1,2,False,False,HIGH,SEND_NUDGE,none,31.996,0
episode_04829,69900,TEMPORARY_FUNDS,emandate,halted,1,2,246,0.5,2,0,False,False,HIGH,REQUEST_CARD_UPDATE,none,33.604,0
episode_04830,69900,TEMPORARY_FUNDS,card,pending,2,1,76,1.0,2,0,True,False,LOW,SEND_NUDGE,none,21.299,1
episode_04831,69900,BANK_OR_NETWORK,card,pending,1,2,100,0.0,0,0,True,False,HIGH,STOP_AND_ESCALATE,none,108.028,0
episode_04832,29900,TEMPORARY_FUNDS,upi,halted,3,1,156,0.0,2,1,False,False,HIGH,REQUEST_CARD_UPDATE,none,40.802,0
episode_04833,69900,PAYMENT_METHOD_INVALID,card,pending,5,1,252,0.666667,3,0,True,False,MEDIUM,WAIT_NATIVE_RETRY,none,10.93,1
episode_04834,29900,PAYMENT_METHOD_INVALID,upi,pending,4,1,432,0.5,2,0,True,False,HIGH,WAIT_NATIVE_RETRY,none,18.082,0
episode_04835,29900,CUSTOMER_AUTH_FAILURE,unknown,pending,2,1,156,0.0,0,2,True,False,MEDIUM,SEND_NUDGE,none,33.074,0
episode_04836,69900,CUSTOMER_AUTH_FAILURE,card,pending,2,3,154,1.0,1,2,True,False,MEDIUM,REQUEST_CARD_UPDATE,none,16.111,0
episode_04837,69900,TEMPORARY_FUNDS,netbanking,pending,1,2,90,0.0,2,0,True,False,MEDIUM,STOP_AND_ESCALATE,none,8.813,0
episode_04838,29900,CUSTOMER_AUTH_FAILURE,upi,pending,2,1,153,0.166667,6,0,True,False,HIGH,WAIT_NATIVE_RETRY,none,19.409,1
episode_04839,149900,BANK_OR_NETWORK,netbanking,pending,1,3,51,0.0,2,0,True,False,HIGH,WAIT_NATIVE_RETRY,none,63.351,1
episode_04840,69900,TEMPORARY_FUNDS,upi,pending,4,1,283,0.666667,3,2,True,False,HIGH,SEND_NUDGE,none,26.686,0
episode_04841,149900,BANK_OR_NETWORK,card,pending,2,2,49,1.0,1,0,True,True,HIGH,WAIT_NATIVE_RETRY,medium,81.129,1
episode_04842,29900,TEMPORARY_FUNDS,upi,pending,2,2,245,0.333333,3,0,True,False,HIGH,SEND_NUDGE,none,33.019,1
episode_04843,29900,BANK_OR_NETWORK,card,pending,1,3,259,1.0,1,3,True,True,MEDIUM,STOP_AND_ESCALATE,low,33.142,1
episode_04844,29900,UNKNOWN,card,halted,3,1,134,0.0,1,0,False,True,MEDIUM,WAIT_NATIVE_RETRY,high,84.796,1
episode_04845,69900,PAYMENT_METHOD_INVALID,upi,pending,3,1,147,0.0,1,1,True,False,LOW,WAIT_NATIVE_RETRY,none,42.374,0
episode_04846,149900,TEMPORARY_FUNDS,card,pending,2,2,39,0.0,2,0,True,False,HIGH,WAIT_NATIVE_RETRY,none,38.339,1
episode_04847,149900,CUSTOMER_AUTH_FAILURE,card,pending,3,1,17,1.0,2,2,True,False,HIGH,SEND_NUDGE,none,106.363,0
episode_04848,29900,CUSTOMER_AUTH_FAILURE,netbanking,pending,1,1,73,0.5,2,2,True,False,MEDIUM,WAIT_NATIVE_RETRY,none,30.914,1
episode_04849,149900,TEMPORARY_FUNDS,card,pending,2,4,162,1.0,1,1,True,False,HIGH,STOP_AND_ESCALATE,none,17.343,1
episode_04850,149900,TEMPORARY_FUNDS,netbanking,halted,1,1,59,0.0,0,2,False,False,HIGH,WAIT_NATIVE_RETRY,none,40.285,0
episode_04851,29900,TEMPORARY_FUNDS,upi,pending,2,1,353,1.0,1,0,True,False,HIGH,STOP_AND_ESCALATE,none,4.337,1
episode_04852,29900,CUSTOMER_AUTH_FAILURE,card,halted,3,3,93,0.0,0,0,False,False,MEDIUM,SEND_NUDGE,none,27.442,0
episode_04853,69900,BANK_OR_NETWORK,card,halted,1,1,110,0.666667,3,1,False,False,HIGH,WAIT_NATIVE_RETRY,none,22.369,0
episode_04854,29900,TEMPORARY_FUNDS,card,pending,3,2,274,0.4,5,0,True,False,MEDIUM,SEND_NUDGE,none,13.115,1
episode_04855,29900,BANK_OR_NETWORK,netbanking,pending,5,1,342,0.0,0,0,True,False,HIGH,STOP_AND_ESCALATE,none,88.595,0
episode_04856,29900,BANK_OR_NETWORK,card,pending,3,2,120,1.0,1,0,True,True,MEDIUM,REQUEST_CARD_UPDATE,medium,11.153,0
episode_04857,69900,CUSTOMER_AUTH_FAILURE,card,pending,1,2,33,0.0,1,1,True,False,MEDIUM,WAIT_NATIVE_RETRY,none,4.962,0
episode_04858,149900,PAYMENT_METHOD_INVALID,upi,halted,4,3,78,0.5,2,3,False,False,HIGH,STOP_AND_ESCALATE,none,58.415,1
episode_04859,69900,MANDATE_OR_AUTH_INVALID,card,pending,2,5,131,0.666667,3,1,True,False,HIGH,WAIT_NATIVE_RETRY,none,58.998,0
episode_04860,29900,BANK_OR_NETWORK,emandate,pending,1,2,100,0.0,1,1,True,False,HIGH,WAIT_NATIVE_RETRY,none,15.365,1
episode_04861,69900,PAYMENT_METHOD_INVALID,card,pending,1,1,154,1.0,1,1,True,False,HIGH,WAIT_NATIVE_RETRY,none,10.718,1
episode_04862,69900,UNKNOWN,card,pending,2,2,202,0.0,3,1,True,False,LOW,SEND_NUDGE,none,14.156,0
episode_04863,69900,BANK_OR_NETWORK,emandate,pending,2,1,89,1.0,1,1,True,True,LOW,SEND_NUDGE,high,83.811,1
episode_04864,29900,UNKNOWN,card,pending,3,2,155,1.0,1,0,True,True,LOW,REQUEST_CARD_UPDATE,medium,3.727,1
episode_04865,29900,TEMPORARY_FUNDS,card,pending,4,2,527,0.666667,3,1,True,False,MEDIUM,WAIT_NATIVE_RETRY,none,11.666,1
episode_04866,69900,UNKNOWN,card,pending,2,1,258,0.333333,3,2,True,True,LOW,WAIT_NATIVE_RETRY,medium,6.642,1
episode_04867,29900,PAYMENT_METHOD_INVALID,upi,pending,2,1,36,0.5,2,3,True,False,HIGH,SEND_NUDGE,none,26.768,0
episode_04868,69900,BANK_OR_NETWORK,upi,pending,2,2,315,0.5,2,1,True,False,HIGH,WAIT_NATIVE_RETRY,none,38.273,0
episode_04869,29900,UNKNOWN,upi,halted,2,2,11,0.0,1,0,False,False,LOW,REQUEST_CARD_UPDATE,none,9.26,0
episode_04870,29900,PAYMENT_METHOD_INVALID,upi,pending,3,3,95,0.0,3,0,True,False,HIGH,WAIT_NATIVE_RETRY,none,11.132,1
episode_04871,149900,PAYMENT_METHOD_INVALID,card,pending,5,1,271,0.0,4,1,True,False,MEDIUM,WAIT_NATIVE_RETRY,none,18.323,1
episode_04872,149900,CUSTOMER_AUTH_FAILURE,card,pending,1,1,286,0.0,0,1,True,False,LOW,WAIT_NATIVE_RETRY,none,20.891,0
episode_04873,149900,TEMPORARY_FUNDS,card,pending,5,1,20,1.0,1,1,True,False,HIGH,WAIT_NATIVE_RETRY,none,3.502,1
episode_04874,29900,PAYMENT_METHOD_INVALID,card,pending,3,1,278,0.0,1,1,True,False,HIGH,STOP_AND_ESCALATE,none,14.259,0
episode_04875,69900,PAYMENT_METHOD_INVALID,netbanking,halted,1,1,353,0.25,4,1,False,False,MEDIUM,SEND_NUDGE,none,20.465,0
episode_04876,29900,UNKNOWN,upi,pending,4,2,132,0.2,5,1,True,False,LOW,REQUEST_CARD_UPDATE,none,131.325,0
episode_04877,69900,TEMPORARY_FUNDS,card,pending,2,1,30,1.0,1,3,True,False,HIGH,WAIT_NATIVE_RETRY,none,18.771,1
episode_04878,29900,CUSTOMER_AUTH_FAILURE,card,pending,4,2,182,0.25,4,2,True,False,HIGH,WAIT_NATIVE_RETRY,none,25.691,0
episode_04879,149900,BANK_OR_NETWORK,emandate,pending,2,1,184,0.0,5,1,True,False,MEDIUM,WAIT_NATIVE_RETRY,none,16.576,1
episode_04880,69900,BANK_OR_NETWORK,card,pending,3,1,338,0.0,3,1,True,False,HIGH,REQUEST_CARD_UPDATE,none,2.28,1
episode_04881,29900,UNKNOWN,card,pending,3,1,157,0.0,1,1,True,True,LOW,STOP_AND_ESCALATE,low,53.505,0
episode_04882,29900,PAYMENT_METHOD_INVALID,upi,pending,1,3,326,0.0,3,2,True,True,HIGH,WAIT_NATIVE_RETRY,high,36.493,0
episode_04883,149900,BANK_OR_NETWORK,emandate,pending,3,2,96,0.333333,3,1,True,False,HIGH,SEND_NUDGE,none,27.811,0
episode_04884,69900,TEMPORARY_FUNDS,upi,halted,2,1,287,0.5,2,1,False,True,HIGH,REQUEST_CARD_UPDATE,high,11.68,1
episode_04885,149900,TEMPORARY_FUNDS,card,pending,2,1,173,0.666667,3,1,True,False,MEDIUM,WAIT_NATIVE_RETRY,none,19.32,0
episode_04886,29900,TEMPORARY_FUNDS,netbanking,pending,2,3,488,1.0,2,0,True,False,HIGH,WAIT_NATIVE_RETRY,none,51.617,1
episode_04887,149900,TEMPORARY_FUNDS,netbanking,halted,2,2,140,1.0,4,0,False,True,HIGH,SEND_NUDGE,high,40.113,1
episode_04888,69900,CUSTOMER_AUTH_FAILURE,upi,halted,3,1,158,0.0,1,2,False,False,HIGH,STOP_AND_ESCALATE,none,56.09,0
episode_04889,29900,PAYMENT_METHOD_INVALID,upi,halted,2,1,228,0.2,5,0,False,True,LOW,WAIT_NATIVE_RETRY,low,38.151,0
episode_04890,69900,BANK_OR_NETWORK,upi,halted,1,2,60,1.0,2,0,False,False,HIGH,WAIT_NATIVE_RETRY,none,35.851,1
episode_04891,29900,BANK_OR_NETWORK,upi,pending,1,1,53,0.0,0,0,True,True,MEDIUM,WAIT_NATIVE_RETRY,high,73.131,1
episode_04892,29900,PAYMENT_METHOD_INVALID,upi,pending,2,2,198,1.0,1,0,True,False,HIGH,STOP_AND_ESCALATE,none,6.645,0
episode_04893,29900,CUSTOMER_AUTH_FAILURE,card,pending,2,1,54,0.75,4,2,True,False,HIGH,SEND_NUDGE,none,18.657,1
episode_04894,149900,UNKNOWN,card,pending,1,1,152,0.0,1,0,True,False,LOW,STOP_AND_ESCALATE,none,41.757,0
episode_04895,69900,TEMPORARY_FUNDS,card,pending,4,2,159,0.0,1,2,True,False,HIGH,WAIT_NATIVE_RETRY,none,15.612,0
episode_04896,69900,UNKNOWN,upi,pending,1,1,704,0.0,0,2,True,False,LOW,WAIT_NATIVE_RETRY,none,13.675,1
episode_04897,29900,TEMPORARY_FUNDS,card,halted,3,1,99,0.0,0,0,False,True,MEDIUM,WAIT_NATIVE_RETRY,high,2.917,0
episode_04898,69900,TEMPORARY_FUNDS,card,pending,2,3,302,0.25,4,0,True,False,MEDIUM,SEND_NUDGE,none,16.433,0
episode_04899,29900,PAYMENT_METHOD_INVALID,emandate,halted,2,3,76,0.0,0,2,False,False,HIGH,SEND_NUDGE,none,42.57,1
episode_04900,149900,PAYMENT_METHOD_INVALID,netbanking,pending,1,1,17,0.666667,3,0,True,False,HIGH,STOP_AND_ESCALATE,none,27.783,0
episode_04901,149900,BANK_OR_NETWORK,card,pending,2,1,149,0.0,4,3,True,False,HIGH,SEND_NUDGE,none,11.403,1
episode_04902,29900,TEMPORARY_FUNDS,card,halted,2,1,148,0.0,0,2,False,False,HIGH,REQUEST_CARD_UPDATE,none,13.507,1
episode_04903,69900,BANK_OR_NETWORK,card,pending,1,2,53,0.333333,3,2,True,False,MEDIUM,SEND_NUDGE,none,12.419,0
episode_04904,69900,TEMPORARY_FUNDS,card,pending,3,2,211,0.25,4,0,True,False,MEDIUM,WAIT_NATIVE_RETRY,none,14.857,1
episode_04905,29900,UNKNOWN,card,pending,3,3,187,1.0,1,0,True,False,MEDIUM,REQUEST_CARD_UPDATE,none,35.771,0
episode_04906,29900,CUSTOMER_AUTH_FAILURE,card,pending,2,2,172,0.0,3,2,True,False,HIGH,SEND_NUDGE,none,21.698,0
episode_04907,69900,BANK_OR_NETWORK,emandate,pending,4,1,388,0.2,5,0,True,False,MEDIUM,SEND_NUDGE,none,59.968,0
episode_04908,69900,PAYMENT_METHOD_INVALID,netbanking,pending,3,1,250,0.0,2,0,True,False,HIGH,STOP_AND_ESCALATE,none,19.466,0
episode_04909,149900,PAYMENT_METHOD_INVALID,emandate,pending,1,1,451,0.0,2,0,True,False,HIGH,WAIT_NATIVE_RETRY,none,102.907,1
episode_04910,29900,BANK_OR_NETWORK,upi,halted,2,2,38,0.333333,3,0,False,False,MEDIUM,SEND_NUDGE,none,20.987,0
episode_04911,69900,TEMPORARY_FUNDS,emandate,pending,2,3,334,0.0,1,1,True,True,MEDIUM,REQUEST_CARD_UPDATE,medium,7.646,1
episode_04912,69900,MANDATE_OR_AUTH_INVALID,card,halted,1,1,178,0.666667,6,0,False,False,HIGH,WAIT_NATIVE_RETRY,none,9.106,0
episode_04913,29900,BANK_OR_NETWORK,upi,pending,2,2,176,0.0,0,0,True,False,MEDIUM,WAIT_NATIVE_RETRY,none,100.632,1
episode_04914,29900,UNKNOWN,card,pending,1,1,125,1.0,1,0,True,False,MEDIUM,WAIT_NATIVE_RETRY,none,28.872,1
episode_04915,29900,BANK_OR_NETWORK,card,pending,1,2,61,0.0,0,0,True,True,MEDIUM,REQUEST_CARD_UPDATE,low,7.058,0
episode_04916,149900,MANDATE_OR_AUTH_INVALID,card,pending,1,1,122,0.0,3,0,True,False,HIGH,WAIT_NATIVE_RETRY,none,58.373,1
episode_04917,69900,MANDATE_OR_AUTH_INVALID,card,halted,1,1,250,0.8,5,0,False,False,HIGH,WAIT_NATIVE_RETRY,none,37.846,0
episode_04918,69900,UNKNOWN,emandate,pending,1,4,122,1.0,2,0,True,False,MEDIUM,STOP_AND_ESCALATE,none,28.341,1
episode_04919,29900,PAYMENT_METHOD_INVALID,upi,pending,2,3,189,0.0,1,2,True,False,HIGH,WAIT_NATIVE_RETRY,none,13.489,0
episode_04920,29900,TEMPORARY_FUNDS,card,pending,1,1,163,1.0,1,2,True,False,HIGH,WAIT_NATIVE_RETRY,none,18.28,0
episode_04921,29900,TEMPORARY_FUNDS,upi,pending,1,1,177,1.0,2,1,True,False,HIGH,STOP_AND_ESCALATE,none,20.907,1
episode_04922,29900,TEMPORARY_FUNDS,card,pending,2,2,361,0.333333,3,0,True,False,HIGH,STOP_AND_ESCALATE,none,100.741,1
episode_04923,29900,PAYMENT_METHOD_INVALID,upi,pending,2,3,228,0.666667,3,0,True,False,MEDIUM,REQUEST_CARD_UPDATE,none,2.559,1
episode_04924,29900,UNKNOWN,emandate,pending,2,3,229,1.0,3,0,True,False,LOW,REQUEST_CARD_UPDATE,none,9.278,0
episode_04925,29900,BANK_OR_NETWORK,unknown,pending,2,1,214,0.5,2,0,True,True,LOW,REQUEST_CARD_UPDATE,medium,120.273,1
episode_04926,69900,BANK_OR_NETWORK,netbanking,pending,4,3,233,0.4,5,0,True,False,LOW,SEND_NUDGE,none,62.912,1
episode_04927,29900,PAYMENT_METHOD_INVALID,card,pending,2,1,82,0.0,0,0,True,False,MEDIUM,WAIT_NATIVE_RETRY,none,29.449,0
episode_04928,149900,UNKNOWN,card,pending,5,1,65,0.5,2,1,True,False,LOW,REQUEST_CARD_UPDATE,none,50.06,0
episode_04929,149900,UNKNOWN,upi,pending,1,3,105,0.2,5,0,True,False,MEDIUM,WAIT_NATIVE_RETRY,none,12.313,1
episode_04930,69900,UNKNOWN,emandate,pending,3,1,156,1.0,1,0,True,True,MEDIUM,SEND_NUDGE,medium,56.106,0
episode_04931,29900,BANK_OR_NETWORK,card,pending,2,1,215,0.0,0,0,True,True,HIGH,SEND_NUDGE,medium,126.918,0
episode_04932,29900,BANK_OR_NETWORK,upi,pending,2,1,296,0.666667,3,2,True,False,HIGH,REQUEST_CARD_UPDATE,none,94.259,0
episode_04933,29900,PAYMENT_METHOD_INVALID,card,halted,1,1,241,0.333333,3,0,False,False,HIGH,SEND_NUDGE,none,38.078,0
episode_04934,149900,CUSTOMER_AUTH_FAILURE,netbanking,pending,1,2,90,0.0,0,0,True,True,MEDIUM,SEND_NUDGE,low,28.229,0
episode_04935,29900,PAYMENT_METHOD_INVALID,card,pending,2,1,107,0.0,1,1,True,False,HIGH,REQUEST_CARD_UPDATE,none,91.612,1
episode_04936,69900,MANDATE_OR_AUTH_INVALID,card,pending,1,2,185,0.333333,3,1,True,False,MEDIUM,WAIT_NATIVE_RETRY,none,50.699,1
episode_04937,149900,PAYMENT_METHOD_INVALID,card,pending,2,1,294,0.5,2,3,True,False,MEDIUM,WAIT_NATIVE_RETRY,none,117.01,0
episode_04938,149900,UNKNOWN,card,halted,3,2,177,0.285714,7,1,False,False,MEDIUM,SEND_NUDGE,none,10.485,0
episode_04939,149900,CUSTOMER_AUTH_FAILURE,card,pending,1,2,187,0.0,0,1,True,False,MEDIUM,SEND_NUDGE,none,29.953,1
episode_04940,149900,TEMPORARY_FUNDS,card,pending,3,2,45,0.0,0,0,True,False,HIGH,REQUEST_CARD_UPDATE,none,36.283,1
episode_04941,149900,BANK_OR_NETWORK,card,pending,1,2,134,0.0,0,1,True,False,LOW,STOP_AND_ESCALATE,none,40.029,0
episode_04942,69900,PAYMENT_METHOD_INVALID,netbanking,pending,3,1,323,0.5,2,0,True,False,HIGH,SEND_NUDGE,none,21.835,1
episode_04943,29900,UNKNOWN,emandate,pending,4,1,116,0.666667,3,2,True,True,LOW,SEND_NUDGE,high,39.593,0
episode_04944,149900,BANK_OR_NETWORK,upi,pending,2,1,132,0.4,5,0,True,False,HIGH,SEND_NUDGE,none,49.816,0
episode_04945,149900,BANK_OR_NETWORK,card,pending,1,2,39,0.5,2,2,True,False,MEDIUM,STOP_AND_ESCALATE,none,11.68,1
episode_04946,149900,BANK_OR_NETWORK,card,pending,2,2,210,0.333333,3,0,True,False,HIGH,STOP_AND_ESCALATE,none,14.652,1
episode_04947,69900,BANK_OR_NETWORK,emandate,halted,2,1,161,0.333333,3,3,False,False,LOW,WAIT_NATIVE_RETRY,none,7.345,1
episode_04948,149900,BANK_OR_NETWORK,card,pending,3,4,45,0.5,2,0,True,False,MEDIUM,SEND_NUDGE,none,31.468,1
episode_04949,149900,MANDATE_OR_AUTH_INVALID,card,halted,1,2,128,0.333333,3,0,False,False,HIGH,STOP_AND_ESCALATE,none,69.32,0
episode_04950,69900,TEMPORARY_FUNDS,card,pending,2,1,85,0.0,4,0,True,False,MEDIUM,SEND_NUDGE,none,14.568,1
episode_04951,69900,BANK_OR_NETWORK,card,pending,2,1,280,0.0,2,0,True,True,HIGH,SEND_NUDGE,medium,81.614,0
episode_04952,69900,PAYMENT_METHOD_INVALID,card,halted,4,2,57,0.5,4,0,False,False,HIGH,REQUEST_CARD_UPDATE,none,60.743,0
episode_04953,29900,UNKNOWN,card,pending,1,1,129,0.666667,3,2,True,True,MEDIUM,SEND_NUDGE,high,86.873,0
episode_04954,29900,TEMPORARY_FUNDS,netbanking,pending,1,1,47,0.5,2,0,True,False,HIGH,REQUEST_CARD_UPDATE,none,8.259,0
episode_04955,29900,BANK_OR_NETWORK,card,pending,1,2,392,1.0,3,0,True,True,MEDIUM,STOP_AND_ESCALATE,high,42.997,0
episode_04956,69900,BANK_OR_NETWORK,card,pending,1,1,145,0.0,1,1,True,False,HIGH,WAIT_NATIVE_RETRY,none,8.053,1
episode_04957,29900,BANK_OR_NETWORK,card,pending,1,2,162,0.0,0,0,True,False,HIGH,SEND_NUDGE,none,23.831,0
episode_04958,69900,BANK_OR_NETWORK,netbanking,pending,1,2,296,1.0,1,0,True,True,HIGH,REQUEST_CARD_UPDATE,medium,40.631,0
episode_04959,69900,PAYMENT_METHOD_INVALID,card,pending,2,1,70,0.0,0,0,True,False,MEDIUM,STOP_AND_ESCALATE,none,21.217,0
episode_04960,29900,TEMPORARY_FUNDS,upi,pending,1,2,152,0.0,0,0,True,False,HIGH,SEND_NUDGE,none,58.746,1
episode_04961,69900,MANDATE_OR_AUTH_INVALID,card,halted,3,2,36,1.0,1,0,False,False,HIGH,WAIT_NATIVE_RETRY,none,8.492,0
episode_04962,29900,PAYMENT_METHOD_INVALID,card,pending,4,1,224,0.5,4,0,True,False,HIGH,WAIT_NATIVE_RETRY,none,40.154,1
episode_04963,29900,CUSTOMER_AUTH_FAILURE,card,pending,3,2,146,0.333333,3,1,True,False,MEDIUM,WAIT_NATIVE_RETRY,none,29.753,1
episode_04964,29900,BANK_OR_NETWORK,card,halted,2,1,90,0.333333,3,0,False,False,LOW,REQUEST_CARD_UPDATE,none,12.951,0
episode_04965,29900,BANK_OR_NETWORK,card,pending,3,2,199,0.0,3,1,True,False,LOW,REQUEST_CARD_UPDATE,none,19.731,0
episode_04966,29900,UNKNOWN,card,pending,2,2,35,1.0,1,0,True,False,LOW,SEND_NUDGE,none,29.139,0
episode_04967,29900,TEMPORARY_FUNDS,card,pending,4,3,295,1.0,1,3,True,False,HIGH,WAIT_NATIVE_RETRY,none,42.041,1
episode_04968,29900,TEMPORARY_FUNDS,card,pending,2,1,157,0.0,3,0,True,False,HIGH,REQUEST_CARD_UPDATE,none,36.657,1
episode_04969,69900,UNKNOWN,card,pending,2,3,634,1.0,3,1,True,False,LOW,WAIT_NATIVE_RETRY,none,27.646,0
episode_04970,149900,CUSTOMER_AUTH_FAILURE,upi,halted,3,1,203,1.0,2,0,False,False,HIGH,REQUEST_CARD_UPDATE,none,22.028,1
episode_04971,149900,BANK_OR_NETWORK,upi,pending,2,3,250,0.0,2,1,True,False,HIGH,SEND_NUDGE,none,65.642,0
episode_04972,69900,MANDATE_OR_AUTH_INVALID,card,pending,4,2,42,0.0,1,0,True,False,HIGH,WAIT_NATIVE_RETRY,none,80.902,1
episode_04973,149900,PAYMENT_METHOD_INVALID,card,pending,3,3,255,0.0,1,1,True,False,MEDIUM,SEND_NUDGE,none,21.13,1
episode_04974,69900,TEMPORARY_FUNDS,card,pending,4,2,485,1.0,1,0,True,False,HIGH,STOP_AND_ESCALATE,none,25.72,1
episode_04975,69900,TEMPORARY_FUNDS,upi,pending,3,1,347,0.0,1,0,True,False,HIGH,REQUEST_CARD_UPDATE,none,70.773,0
episode_04976,29900,PAYMENT_METHOD_INVALID,card,halted,1,3,180,0.0,0,0,False,False,HIGH,SEND_NUDGE,none,4.637,1
episode_04977,29900,UNKNOWN,card,pending,1,2,270,0.5,2,0,True,False,LOW,REQUEST_CARD_UPDATE,none,45.002,1
episode_04978,29900,PAYMENT_METHOD_INVALID,card,pending,4,1,58,0.0,0,0,True,False,LOW,SEND_NUDGE,none,31.986,1
episode_04979,69900,PAYMENT_METHOD_INVALID,emandate,pending,4,2,78,0.75,4,1,True,False,MEDIUM,STOP_AND_ESCALATE,none,62.954,0
episode_04980,29900,PAYMENT_METHOD_INVALID,card,pending,4,2,260,0.666667,3,0,True,False,HIGH,SEND_NUDGE,none,83.184,0
episode_04981,29900,BANK_OR_NETWORK,unknown,pending,4,3,373,0.25,4,2,True,False,HIGH,REQUEST_CARD_UPDATE,none,19.561,0
episode_04982,69900,TEMPORARY_FUNDS,netbanking,pending,2,1,25,0.666667,3,0,True,False,HIGH,SEND_NUDGE,none,96.511,0
episode_04983,29900,BANK_OR_NETWORK,card,pending,1,1,120,0.5,4,3,True,False,HIGH,REQUEST_CARD_UPDATE,none,3.491,0
episode_04984,69900,BANK_OR_NETWORK,upi,pending,1,3,88,0.5,2,2,True,True,HIGH,STOP_AND_ESCALATE,high,58.224,1
episode_04985,29900,MANDATE_OR_AUTH_INVALID,unknown,pending,2,1,201,0.0,4,0,True,False,HIGH,REQUEST_CARD_UPDATE,none,43.231,1
episode_04986,69900,PAYMENT_METHOD_INVALID,netbanking,pending,3,2,168,0.0,3,0,True,False,MEDIUM,SEND_NUDGE,none,35.407,1
episode_04987,69900,UNKNOWN,card,pending,2,2,260,0.0,2,1,True,False,HIGH,SEND_NUDGE,none,66.583,0
episode_04988,69900,PAYMENT_METHOD_INVALID,card,pending,3,1,331,0.0,2,2,True,False,LOW,STOP_AND_ESCALATE,none,31.149,0
episode_04989,69900,BANK_OR_NETWORK,emandate,pending,1,1,49,0.5,2,0,True,False,HIGH,SEND_NUDGE,none,32.76,1
episode_04990,69900,PAYMENT_METHOD_INVALID,card,pending,3,2,158,0.0,2,0,True,False,HIGH,SEND_NUDGE,none,62.078,0
episode_04991,69900,UNKNOWN,upi,pending,1,3,161,0.0,0,1,True,False,LOW,SEND_NUDGE,none,75.372,1
episode_04992,149900,TEMPORARY_FUNDS,card,halted,2,2,202,0.5,2,0,False,False,HIGH,STOP_AND_ESCALATE,none,19.158,1
episode_04993,29900,TEMPORARY_FUNDS,card,pending,5,3,104,0.0,2,0,True,False,HIGH,REQUEST_CARD_UPDATE,none,14.789,0
episode_04994,29900,MANDATE_OR_AUTH_INVALID,emandate,pending,3,3,191,1.0,4,0,True,False,HIGH,SEND_NUDGE,none,41.497,0
episode_04995,29900,PAYMENT_METHOD_INVALID,netbanking,pending,1,2,193,0.0,1,1,True,False,MEDIUM,SEND_NUDGE,none,3.546,1
episode_04996,29900,BANK_OR_NETWORK,card,pending,4,3,98,0.5,4,1,True,False,HIGH,WAIT_NATIVE_RETRY,none,10.924,1
episode_04997,149900,CUSTOMER_AUTH_FAILURE,upi,pending,2,1,227,0.0,1,0,True,False,HIGH,SEND_NUDGE,none,9.002,0
episode_04998,29900,PAYMENT_METHOD_INVALID,card,pending,2,2,287,0.5,6,2,True,False,HIGH,REQUEST_CARD_UPDATE,none,13.185,1
episode_04999,29900,PAYMENT_METHOD_INVALID,card,halted,1,4,201,0.0,2,1,False,False,MEDIUM,REQUEST_CARD_UPDATE,none,30.578,0
episode_05000,29900,CUSTOMER_AUTH_FAILURE,emandate,pending,2,2,129,0.0,0,0,True,False,LOW,STOP_AND_ESCALATE,none,6.025,0
